id,fixture_date,market_group,league_name,odds,status_norm,pnl_calc,ev_decimal,raw_model_probability,calibrated_probability,market_implied_probability,calibrated_ev,raw_ev
4674949d-ce9e-4bbc-b63e-6f9a25c51181,2026-07-03 17:00:00+00:00,Over 2.5,Allsvenskan,1.67,WON,0.6699999999999999,0.102,0.6598802395209582,,0.5988023952095809,,0.102
84d07d77-eab3-4cf7-b156-ded106ddd689,2026-07-03 17:00:00+00:00,Team Over 1.5,Allsvenskan,1.62,WON,0.6200000000000001,0.092,0.674074074074074,,0.6172839506172839,,0.092
6e542e66-a08e-4dec-b306-e76eed686ca3,2026-07-03 17:00:00+00:00,Moneyline,Allsvenskan,1.67,LOST,-1.0,0.075,0.6437125748502994,,0.5988023952095809,,0.075
06627c84-b834-4c04-afbe-3ae3cd9e6564,2026-07-03 17:00:00+00:00,Over 1.5,Allsvenskan,1.2,WON,0.19999999999999996,0.025,0.8541666666666666,,0.8333333333333334,,0.025
ce151953-1047-4e05-af20-650f079c45c7,2026-07-05 14:30:00+00:00,Moneyline,Allsvenskan,3.9,LOST,-1.0,0.685,0.43205128205128207,,0.25641025641025644,,0.685
31abb3da-ccbe-4a46-9b43-88ab84c87fcc,2026-07-05 14:30:00+00:00,Double Chance 1X,Allsvenskan,1.91,LOST,-1.0,0.306,0.6837696335078535,,0.5235602094240838,,0.306
9ee97c07-b883-40ec-9c5f-e20c54066dfe,2026-07-06 17:00:00+00:00,Moneyline,Allsvenskan,3.2,LOST,-1.0,0.35700000000000004,0.42406249999999995,,0.3125,,0.35700000000000004
2f45419d-65ab-4cec-8a04-560b9066366a,2026-07-06 17:00:00+00:00,Double Chance 1X,Allsvenskan,1.67,WON,0.6699999999999999,0.136,0.6802395209580839,,0.5988023952095809,,0.136
df1ed16e-a794-4786-bfc4-c319fc092309,2026-07-06 17:00:00+00:00,Team Over 1.5,Allsvenskan,2.0,WON,1.0,0.102,0.551,,0.5,,0.102
b5d49797-89eb-4459-8691-f8f06ef2b68b,2026-07-06 17:00:00+00:00,Over 2.5,Allsvenskan,1.53,WON,0.53,0.071,0.7,,0.6535947712418301,,0.071
09694c72-476d-4dfa-a5da-8954d4eaebb3,2026-07-11 13:00:00+00:00,Under 2.5,Allsvenskan,2.0,LOST,-1.0,0.172,0.586,,0.5,,0.172
45a4aecf-4bb8-4c37-9d91-c82bd2e791a0,2026-07-11 13:00:00+00:00,Double Chance X2,Allsvenskan,1.83,WON,0.8300000000000001,0.153,0.6300546448087432,,0.5464480874316939,,0.153
d9b5bba2-40d2-400f-af52-6637fd00f111,2026-07-11 13:00:00+00:00,Draw,Allsvenskan,3.8,LOST,-1.0,0.14800000000000002,0.30210526315789477,,0.2631578947368421,,0.14800000000000002
333d2358-8fb3-4287-a3e9-8db259072a9b,2026-07-11 14:00:00+00:00,Moneyline,Eliteserien,3.2,LOST,-1.0,0.42100000000000004,0.44406249999999997,,0.3125,,0.42100000000000004
4d59140f-324f-4049-b7b4-0554d9aa7f43,2026-07-11 14:00:00+00:00,Team Over 1.5,Eliteserien,2.2,WON,1.2000000000000002,0.28300000000000003,0.5831818181818181,,0.45454545454545453,,0.28300000000000003
32a802d5-1571-4537-98e7-c796f5840fdb,2026-07-11 14:00:00+00:00,Double Chance 1X,Eliteserien,1.7,WON,0.7,0.139,0.67,,0.5882352941176471,,0.139
737a296f-e785-425f-b603-9f65a2ed8bed,2026-07-11 14:00:00+00:00,Over 2.5,Eliteserien,1.53,WON,0.53,0.07400000000000001,0.7019607843137255,,0.6535947712418301,,0.07400000000000001
48489deb-10d3-4622-94b8-64a2545b4114,2026-07-12 12:00:00+00:00,Over 3.5,Allsvenskan,2.1,LOST,-1.0,0.344,0.6399999999999999,,0.47619047619047616,,0.344
c5301be9-96cb-425a-8a7a-e3cf398381d5,2026-07-12 12:00:00+00:00,Over 2.5,Allsvenskan,1.95,LOST,-1.0,0.18,0.6051282051282051,,0.5128205128205129,,0.18
45c93a8d-5e83-42a9-abf3-cde58300d877,2026-07-12 12:00:00+00:00,Double Chance X2,Allsvenskan,1.8,LOST,-1.0,0.179,0.655,,0.5555555555555556,,0.179
48e55640-1f7e-4ee5-8aa2-fa1ec6ca6a4c,2026-07-12 12:00:00+00:00,Over 2.5,Allsvenskan,1.44,LOST,-1.0,0.171,0.8131944444444446,,0.6944444444444444,,0.171
73ce4a15-d795-47da-b183-4937c472e8c2,2026-07-12 12:00:00+00:00,BTTS,Allsvenskan,1.8,LOST,-1.0,0.138,0.6322222222222221,,0.5555555555555556,,0.138
6a8685e2-3d67-450c-844f-ec86a7a2cadc,2026-07-12 12:00:00+00:00,Team Over 1.5,Allsvenskan,1.36,WON,0.3600000000000001,0.134,0.8338235294117645,,0.7352941176470588,,0.134
73c43b9d-9125-4869-b389-03e5f50d3561,2026-07-12 12:00:00+00:00,BTTS,Allsvenskan,1.67,LOST,-1.0,0.099,0.6580838323353294,,0.5988023952095809,,0.099
6158061e-464f-4405-a9c1-feb76731e7ce,2026-07-12 12:00:00+00:00,Moneyline,Allsvenskan,1.38,WON,0.3799999999999999,0.069,0.7746376811594203,,0.7246376811594204,,0.069
51f975f6-a8fd-42de-a45f-cbf44ef3fd93,2026-07-12 12:00:00+00:00,Over 1.5,Allsvenskan,1.12,WON,0.1200000000000001,0.055,0.9419642857142856,,0.8928571428571428,,0.055
b24b0ed0-6be5-4ae0-84bf-389f5c81349e,2026-07-12 12:00:00+00:00,Over 1.5,Allsvenskan,1.28,WON,0.28,0.040999999999999995,0.81328125,,0.78125,,0.040999999999999995
85f53282-fb4a-48c6-823e-6e8bfc390027,2026-07-12 14:30:00+00:00,Over 2.5,Allsvenskan,1.53,WON,0.53,0.043,0.6816993464052287,,0.6535947712418301,,0.043
36bc2428-918b-468d-ba8e-eabf9c62c892,2026-07-12 15:00:00+00:00,BTTS,Eliteserien,1.67,WON,0.6699999999999999,0.062,0.6359281437125749,,0.5988023952095809,,0.062
22a0a075-9b6b-4d19-bbcb-aa8cd0b29ac7,2026-07-16 17:00:00+00:00,Moneyline,Eliteserien,1.73,LOST,-1.0,0.055,0.6098265895953757,,0.5780346820809249,,0.055
70063685-aed0-418f-8a76-6ba4058cb40b,2026-07-16 22:30:00+00:00,Over 2.5,Serie A,1.85,LOST,-1.0,0.175,0.6351351351351351,,0.5405405405405405,,0.175
0eaa19d4-cea9-4427-ad1b-92742af89882,2026-07-16 22:30:00+00:00,Team Over 1.5,Serie A,1.91,LOST,-1.0,0.146,0.6,,0.5235602094240838,,0.146
a1fd1734-ee4a-4a92-a6d3-93bc7b3a4db5,2026-07-16 22:30:00+00:00,BTTS,Serie A,1.75,LOST,-1.0,0.09699999999999999,0.6268571428571429,,0.5714285714285714,,0.09699999999999999
0cd082f4-012a-46ad-807c-3d2064e30278,2026-07-16 22:30:00+00:00,Moneyline,Serie A,2.38,WON,1.38,0.081,0.4542016806722689,,0.42016806722689076,,0.081
42b5f45b-0af4-40da-aed6-db93c59fe324,2026-07-16 22:30:00+00:00,Over 1.5,Serie A,1.28,LOST,-1.0,0.07400000000000001,0.8390625,,0.78125,,0.07400000000000001
5cbda22b-1da1-4fb3-a374-1328f9cfc035,2026-07-16 22:30:00+00:00,Moneyline,Serie A,1.95,LOST,-1.0,0.061,0.5441025641025641,,0.5128205128205129,,0.061
f5b78920-a06f-4a07-a90a-e607c4bf16b4,2026-07-17 03:10:00+00:00,Double Chance 1X,Liga MX,1.8,WON,0.8,0.17,0.6499999999999999,,0.5555555555555556,,0.17
efffc5c8-a16f-4082-a34c-0e83b85476f5,2026-07-18 12:00:00+00:00,Over 2.5,Eliteserien,2.05,WON,1.0499999999999998,0.23399999999999999,0.6019512195121952,,0.48780487804878053,,0.23399999999999999
1cfe4fb1-6750-4249-8697-8f015e786e15,2026-07-18 12:00:00+00:00,BTTS,Eliteserien,1.8,WON,0.8,0.134,0.6299999999999999,,0.5555555555555556,,0.134
d9acb27d-9ea8-45f5-b8d9-e9af669bcfd5,2026-07-18 12:00:00+00:00,Double Chance 1X,Eliteserien,1.67,LOST,-1.0,0.094,0.6550898203592815,,0.5988023952095809,,0.094
822b5f20-98d3-4a8a-b384-6f0a193320e1,2026-07-18 12:00:00+00:00,Over 1.5,Eliteserien,1.3,WON,0.30000000000000004,0.065,0.8192307692307692,,0.7692307692307692,,0.065
00aa6ae9-6d02-428c-8de5-06191ad01017,2026-07-18 14:00:00+00:00,Moneyline,Eliteserien,3.1,LOST,-1.0,0.46,0.47096774193548385,,0.3225806451612903,,0.46
a5c2b6b9-c704-428e-a8e6-54485b531030,2026-07-18 14:00:00+00:00,Double Chance 1X,Eliteserien,1.67,LOST,-1.0,0.276,0.7640718562874252,,0.5988023952095809,,0.276
4aad7e8d-fe81-4bc7-b375-71bf796b7873,2026-07-18 14:00:00+00:00,Under 2.5,Eliteserien,2.05,LOST,-1.0,0.244,0.606829268292683,,0.48780487804878053,,0.244
4dcfba30-ca7b-4e52-96ca-75163b82cca0,2026-07-18 14:00:00+00:00,Over 2.5,Eliteserien,1.67,WON,0.6699999999999999,0.126,0.674251497005988,,0.5988023952095809,,0.126
682165ce-aa69-4edb-8048-fbdaef0ea0f7,2026-07-18 14:00:00+00:00,Team Over 1.5,Eliteserien,1.67,WON,0.6699999999999999,0.11199999999999999,0.665868263473054,,0.5988023952095809,,0.11199999999999999
0cd5fc51-1137-4d7a-b482-d1a6842a9663,2026-07-18 14:00:00+00:00,BTTS,Eliteserien,1.7,WON,0.7,0.073,0.6311764705882353,,0.5882352941176471,,0.073
7475acb9-532c-41ab-bc6c-32b3ea445a30,2026-07-18 14:00:00+00:00,Double Chance 1X,Eliteserien,1.67,WON,0.6699999999999999,0.044000000000000004,0.6251497005988025,,0.5988023952095809,,0.044000000000000004
88275ec0-76b2-4664-9c6d-69cb69480ed1,2026-07-18 14:00:00+00:00,Over 1.5,Eliteserien,1.2,WON,0.19999999999999996,0.031,0.8591666666666666,,0.8333333333333334,,0.031
a3d2f12f-57f6-4d1d-bc9b-12cb5f21b346,2026-07-18 16:00:00+00:00,Over 3.5,Eliteserien,1.91,LOST,-1.0,0.28,0.6701570680628273,,0.5235602094240838,,0.28
8c6e73e1-429c-4013-b7cb-26c8b868a1f9,2026-07-18 16:00:00+00:00,Over 3.5,Eliteserien,2.25,LOST,-1.0,0.27399999999999997,0.5662222222222222,,0.4444444444444444,,0.27399999999999997
84857822-c098-4db1-8f69-8fc1217ec462,2026-07-18 16:00:00+00:00,Team Over 1.5,Eliteserien,1.8,LOST,-1.0,0.222,0.6788888888888889,,0.5555555555555556,,0.222
ddf62113-c2f6-4cd2-948f-09805b9dbded,2026-07-18 16:00:00+00:00,BTTS,Eliteserien,1.7,WON,0.7,0.205,0.7088235294117647,,0.5882352941176471,,0.205
abe05403-c412-40eb-8a83-71f79a079395,2026-07-18 16:00:00+00:00,Over 2.5,Eliteserien,1.4,WON,0.3999999999999999,0.168,0.8342857142857143,,0.7142857142857143,,0.168
52cb1d9f-5b46-4cf6-bbd7-6cb0bf9a4552,2026-07-18 16:00:00+00:00,Over 2.5,Eliteserien,1.53,WON,0.53,0.16399999999999998,0.7607843137254902,,0.6535947712418301,,0.16399999999999998
c79592cc-0c39-4a01-b56b-8cc5ac857588,2026-07-18 16:00:00+00:00,Moneyline,Eliteserien,2.15,LOST,-1.0,0.131,0.526046511627907,,0.46511627906976744,,0.131
dba16c45-58cf-4e4c-9bff-fc5c47a1bdd4,2026-07-18 16:00:00+00:00,BTTS,Eliteserien,1.5,WON,0.5,0.105,0.7366666666666667,,0.6666666666666666,,0.105
ba95bad0-2610-4229-a2b4-4f42874775fb,2026-07-18 16:00:00+00:00,Team Over 1.5,Eliteserien,1.25,WON,0.25,0.044000000000000004,0.8352,,0.8,,0.044000000000000004
62da5065-e0dc-4303-9f01-5428141e4809,2026-07-18 16:00:00+00:00,Over 1.5,Eliteserien,1.14,WON,0.1399999999999999,0.035,0.9078947368421053,,0.8771929824561404,,0.035
1206cc19-ba5c-44a4-9249-ff32a53a57b1,2026-07-18 16:00:00+00:00,Over 1.5,Eliteserien,1.1,WON,0.10000000000000009,0.034,0.94,,0.9090909090909091,,0.034
2cd70a8d-09d1-4bc5-8e89-9a9678063339,2026-07-19 14:30:00+00:00,Double Chance 1X,Allsvenskan,1.8,LOST,-1.0,0.141,0.6338888888888888,,0.5555555555555556,,0.141
1cc86e0f-2bc3-4a6c-92a1-b6eb5391693a,2026-07-19 14:30:00+00:00,BTTS,Allsvenskan,1.95,LOST,-1.0,0.125,0.576923076923077,,0.5128205128205129,,0.125
bc911a74-9de9-42a2-9319-ba687ad2a104,2026-07-19 14:30:00+00:00,Over 2.5,Allsvenskan,1.67,WON,0.6699999999999999,0.096,0.6562874251497007,,0.5988023952095809,,0.096
8bd7b60b-c90e-45bb-95ad-c2910c925833,2026-07-19 14:30:00+00:00,BTTS,Allsvenskan,1.62,WON,0.6200000000000001,0.08900000000000001,0.6722222222222222,,0.6172839506172839,,0.08900000000000001
f0d3a702-80b6-46ff-92be-7ebf503b96d1,2026-07-20 17:00:00+00:00,Moneyline,Allsvenskan,2.75,LOST,-1.0,0.284,0.46690909090909094,,0.36363636363636365,,0.284
eebc61dd-2414-410b-afa3-7957d158b0ae,2026-07-20 17:00:00+00:00,BTTS,Allsvenskan,1.67,LOST,-1.0,0.126,0.674251497005988,,0.5988023952095809,,0.126
82cc40d7-eeb3-4773-b2fa-f1ce514441cc,2026-07-20 17:00:00+00:00,Double Chance 1X,Allsvenskan,1.5,WON,0.5,0.09699999999999999,0.7313333333333333,,0.6666666666666666,,0.09699999999999999
1f03ead2-59a4-4515-88d8-82b53ceb4361,2026-07-22 23:30:00+00:00,Team Over 1.5,Major League Soccer,2.2,WON,1.2000000000000002,0.20800000000000002,0.5490909090909091,,0.45454545454545453,,0.20800000000000002
0b7e2763-72be-43c5-86f0-85a9411f469c,2026-07-22 23:30:00+00:00,Over 3.5,Major League Soccer,1.91,WON,0.9099999999999999,0.138,0.5958115183246073,,0.5235602094240838,,0.138
919ab18a-edf7-4d59-af43-fb472edd4982,2026-07-22 23:30:00+00:00,Over 2.5,Major League Soccer,1.4,WON,0.3999999999999999,0.092,0.7800000000000001,,0.7142857142857143,,0.092
93471b4d-f337-42a0-b6a8-1fb9721a59fa,2026-07-22 23:30:00+00:00,BTTS,Major League Soccer,1.4,WON,0.3999999999999999,0.065,0.7607142857142857,,0.7142857142857143,,0.065
727811b4-df3e-47b7-b2c4-aa1754d8100c,2026-07-23 00:15:00+00:00,Moneyline,Major League Soccer,1.91,LOST,-1.0,0.196,0.6261780104712041,,0.5235602094240838,,0.196
bc3a70bb-cdaf-40a3-ba71-6a0bf037808b,2026-07-23 00:15:00+00:00,Double Chance 1X,Major League Soccer,1.25,WON,0.25,0.083,0.8664,,0.8,,0.083
2ce1453e-aca6-49d2-a01d-b6a1c951c619,2026-07-23 00:30:00+00:00,Over 3.5,Major League Soccer,2.5,LOST,-1.0,0.295,0.518,,0.4,,0.295
46aedaf9-671f-476b-97d1-575eb2ceb60f,2026-07-23 00:30:00+00:00,BTTS,Serie A,2.0,LOST,-1.0,0.20199999999999999,0.601,,0.5,,0.20199999999999999
ae6ec1b6-3c55-498b-8571-4c3454e74228,2026-07-23 00:30:00+00:00,Under 2.5,Major League Soccer,2.05,WON,1.0499999999999998,0.19699999999999998,0.5839024390243903,,0.48780487804878053,,0.19699999999999998
86e26b48-5df3-4731-936e-3fb98f6cc566,2026-07-23 00:30:00+00:00,Moneyline,Serie A,2.25,LOST,-1.0,0.172,0.5208888888888888,,0.4444444444444444,,0.172
94168eac-ab92-4f90-8fd9-5b1b1e3347e5,2026-07-23 00:30:00+00:00,Over 2.5,Major League Soccer,1.62,LOST,-1.0,0.171,0.7228395061728394,,0.6172839506172839,,0.171
d336ccee-809c-4c8d-bd0f-33d55f18fcb0,2026-07-23 00:30:00+00:00,BTTS,Major League Soccer,1.75,LOST,-1.0,0.16,0.6628571428571428,,0.5714285714285714,,0.16
80684388-f527-4e11-823f-706de1d49139,2026-07-23 00:30:00+00:00,Draw,Major League Soccer,3.8,WON,2.8,0.11699999999999999,0.2939473684210526,,0.2631578947368421,,0.11699999999999999
835f1197-b3d7-4ef7-9858-86fb045af5f8,2026-07-23 00:30:00+00:00,Moneyline,Serie A,2.0,LOST,-1.0,0.10800000000000001,0.554,,0.5,,0.10800000000000001
8c732e8d-e73f-48cb-b043-f5b01f180491,2026-07-23 00:30:00+00:00,Double Chance 1X,Major League Soccer,1.8,WON,0.8,0.098,0.61,,0.5555555555555556,,0.098
44a42aec-c627-463a-abcf-957bf74a1c92,2026-07-23 00:30:00+00:00,Over 2.5,Serie A,1.85,WON,0.8500000000000001,0.077,0.5821621621621621,,0.5405405405405405,,0.077
ee4f841e-2106-49b6-8740-c84e006b7469,2026-07-23 00:30:00+00:00,Double Chance 1X,Serie A,1.33,LOST,-1.0,0.068,0.8030075187969925,,0.7518796992481203,,0.068
6cd698fb-556b-4395-9975-01a2289574df,2026-07-23 00:30:00+00:00,Team Over 1.5,Major League Soccer,1.5,LOST,-1.0,0.065,0.71,,0.6666666666666666,,0.065
cee8b74b-6e10-479e-87aa-f2fcb4056d6c,2026-07-23 00:30:00+00:00,Under 2.5,Serie A,1.75,LOST,-1.0,0.06,0.6057142857142858,,0.5714285714285714,,0.06
c4cd9d39-15a9-4875-9e45-819de3cc6db1,2026-07-23 00:30:00+00:00,Over 1.5,Major League Soccer,1.18,LOST,-1.0,0.048,0.8881355932203391,,0.8474576271186441,,0.048
e258e32a-b10d-42e9-b730-c8f5b7867531,2026-07-23 00:30:00+00:00,Over 1.5,Serie A,1.4,WON,0.3999999999999999,0.047,0.7478571428571429,,0.7142857142857143,,0.047
504ce650-1f25-456f-887b-3ef6a7041f21,2026-07-23 00:30:00+00:00,Over 1.5,Serie A,1.28,WON,0.28,0.027999999999999997,0.803125,,0.78125,,0.027999999999999997
f993a304-53fc-4b50-9b4e-7f8005ff895d,2026-07-23 01:30:00+00:00,Moneyline,Major League Soccer,2.05,WON,1.0499999999999998,0.10300000000000001,0.5380487804878049,,0.48780487804878053,,0.10300000000000001
d733a340-ce06-4330-8cae-d8553f635c09,2026-07-23 01:30:00+00:00,Team Over 1.5,Major League Soccer,1.62,LOST,-1.0,0.076,0.6641975308641975,,0.6172839506172839,,0.076
b7a5b03e-62f1-4499-89a7-1c3d94f6228b,2026-07-23 01:30:00+00:00,Over 3.5,Major League Soccer,2.0,LOST,-1.0,0.068,0.534,,0.5,,0.068
26a31335-859b-40f9-be80-cb9ed2001fc5,2026-07-23 01:30:00+00:00,Over 2.5,Major League Soccer,1.44,LOST,-1.0,0.055999999999999994,0.7333333333333334,,0.6944444444444444,,0.055999999999999994
14c23a9b-fe82-4db3-8af9-ffefb93908cb,2026-07-23 02:30:00+00:00,Moneyline,Major League Soccer,1.73,WON,0.73,0.152,0.6658959537572254,,0.5780346820809249,,0.152
c7794415-fcc0-412b-bfa2-d6cce79b09ba,2026-07-24 17:00:00+00:00,Over 2.5,Superliga,1.67,LOST,-1.0,0.107,0.662874251497006,,0.5988023952095809,,0.107
d47a71a4-38a8-4906-8777-9bfafa21af45,2026-07-24 17:00:00+00:00,BTTS,Superliga,1.62,LOST,-1.0,0.085,0.6697530864197531,,0.6172839506172839,,0.085
5fdee7b1-c713-4f98-a89c-eba6aa1a2b6a,2026-07-24 17:00:00+00:00,Moneyline,Allsvenskan,1.53,WON,0.53,0.034,0.6758169934640523,,0.6535947712418301,,0.034
2ed22280-0d68-43c2-9779-eb20cd555705,2026-07-24 17:00:00+00:00,Over 1.5,Superliga,1.2,LOST,-1.0,0.031,0.8591666666666666,,0.8333333333333334,,0.031
646a9efc-707b-416a-af76-3be2202caccc,2026-07-24 17:00:00+00:00,Team Over 1.5,Allsvenskan,1.5,WON,0.5,0.03,0.6866666666666666,,0.6666666666666666,,0.03
127b5f29-504a-4faf-8f27-4d8ce8b04b03,2026-07-25 03:00:00+00:00,Moneyline,Liga MX,2.0,WON,1.0,0.258,0.629,,0.5,,0.258
458f5b4e-ce4c-4f88-9cf0-2a017331c0c1,2026-07-25 03:00:00+00:00,Team Over 1.5,Liga MX,1.8,LOST,-1.0,0.078,0.5988888888888889,,0.5555555555555556,,0.078
8288104e-e831-49fd-8d79-bc46b7c119ea,2026-07-25 03:00:00+00:00,Double Chance 1X,Liga MX,1.28,WON,0.28,0.073,0.83828125,,0.78125,,0.073
14b43df4-1c8c-47ec-84d3-6da2ec280d1f,2026-07-25 03:00:00+00:00,BTTS,Liga MX,1.8,WON,0.8,0.046,0.5811111111111111,,0.5555555555555556,,0.046
b7de3fcc-67cf-4d54-a66c-4a5b208bdd65,2026-07-25 14:00:00+00:00,Moneyline,Eliteserien,2.15,LOST,-1.0,0.057999999999999996,0.492093023255814,,0.46511627906976744,,0.057999999999999996
71b76b08-adb9-497b-9ff7-348bd2c8af8b,2026-07-25 15:30:00+00:00,Over 2.5,Allsvenskan,1.85,WON,0.8500000000000001,0.151,0.6221621621621621,,0.5405405405405405,,0.151
4103038e-5efd-4b2c-8531-ff41e2613701,2026-07-25 15:30:00+00:00,BTTS,Allsvenskan,1.67,WON,0.6699999999999999,0.07200000000000001,0.6419161676646707,,0.5988023952095809,,0.07200000000000001
a04c3408-854a-47f6-b8d2-b40417d9a4a1,2026-07-25 15:30:00+00:00,Over 1.5,Allsvenskan,1.25,WON,0.25,0.035,0.828,,0.8,,0.035
e102834c-f818-4bc1-b61e-1fccbfbfd6a1,2026-07-25 16:00:00+00:00,Moneyline,Super League,2.3,LOST,-1.0,0.08800000000000001,0.4730434782608696,,0.4347826086956522,,0.08800000000000001
99e7300c-f4fe-4a49-9fc6-4a4ad2190be9,2026-07-25 16:00:00+00:00,Over 2.5,Super League,1.6,LOST,-1.0,0.085,0.678125,,0.625,,0.085
784296ac-b660-4f05-9b2e-61ad369d3f79,2026-07-25 16:00:00+00:00,BTTS,Super League,1.57,WON,0.5700000000000001,0.061,0.675796178343949,,0.6369426751592356,,0.061
e999b57d-8638-4190-a259-2b2913a1e9f8,2026-07-25 16:00:00+00:00,Team Over 1.5,Super League,1.73,LOST,-1.0,0.059000000000000004,0.6121387283236994,,0.5780346820809249,,0.059000000000000004
a84a0ab2-83ac-42cc-8fec-71d67526d73c,2026-07-25 16:00:00+00:00,Over 2.5,Super League,1.48,LOST,-1.0,0.057999999999999996,0.7148648648648649,,0.6756756756756757,,0.057999999999999996
241759ea-3534-4cf8-9059-e86a1b0267fc,2026-07-25 16:00:00+00:00,Over 3.5,Super League,2.1,LOST,-1.0,0.055999999999999994,0.5028571428571429,,0.47619047619047616,,0.055999999999999994
a182a093-7e81-4351-99fe-b90c284bc39d,2026-07-25 16:00:00+00:00,Team Over 1.5,Super League,1.73,LOST,-1.0,0.04,0.6011560693641619,,0.5780346820809249,,0.04
87661311-b664-4bd3-9acb-aac990296844,2026-07-25 18:30:00+00:00,Double Chance X2,Super League,1.83,WON,0.8300000000000001,0.07400000000000001,0.5868852459016394,,0.5464480874316939,,0.07400000000000001
bfee9285-39ac-4838-8da2-323a0a825aee,2026-07-25 18:30:00+00:00,Over 2.5,Super League,1.44,WON,0.43999999999999995,0.037000000000000005,0.7201388888888889,,0.6944444444444444,,0.037000000000000005
cca34705-a478-4504-84e3-cf7c6abc20c7,2026-07-25 22:30:00+00:00,Over 3.5,Major League Soccer,2.2,LOST,-1.0,0.267,0.5759090909090908,,0.45454545454545453,,0.267
9a29a78b-e043-47e4-9681-f716a74f47bf,2026-07-25 22:30:00+00:00,Team Over 1.5,Major League Soccer,1.8,LOST,-1.0,0.226,0.6811111111111111,,0.5555555555555556,,0.226
7fe578ef-3966-4768-a092-cd054250cdc5,2026-07-25 22:30:00+00:00,Over 2.5,Major League Soccer,1.5,LOST,-1.0,0.161,0.774,,0.6666666666666666,,0.161
3c3d3343-986c-47eb-a04b-87d5c5343730,2026-07-25 22:30:00+00:00,Moneyline,Major League Soccer,2.2,LOST,-1.0,0.129,0.5131818181818182,,0.45454545454545453,,0.129
afe6b8c3-6785-4894-b7a0-515b07c5967d,2026-07-25 22:30:00+00:00,BTTS,Major League Soccer,1.44,LOST,-1.0,0.08,0.7500000000000001,,0.6944444444444444,,0.08
0249b0a4-738c-4a95-97ea-28883671648d,2026-07-25 22:30:00+00:00,Over 1.5,Major League Soccer,1.14,WON,0.1399999999999999,0.044000000000000004,0.9157894736842106,,0.8771929824561404,,0.044000000000000004
2a1165c9-68f4-413c-a0f7-798107dd8345,2026-07-25 23:15:00+00:00,Moneyline,Major League Soccer,1.75,WON,0.75,0.092,0.624,,0.5714285714285714,,0.092
8520715c-2652-407a-b000-8d5eea7e7f2e,2026-07-25 23:30:00+00:00,Team Over 1.5,Major League Soccer,2.2,LOST,-1.0,0.287,0.585,,0.45454545454545453,,0.287
79a49299-004d-40dd-9e5d-4abc8c72162d,2026-07-25 23:30:00+00:00,Moneyline,Major League Soccer,2.88,LOST,-1.0,0.264,0.4388888888888889,,0.3472222222222222,,0.264
f6b6c962-89c0-4e57-9cac-e2b523c48fe6,2026-07-25 23:30:00+00:00,Over 3.5,Major League Soccer,2.5,WON,1.5,0.243,0.4972,,0.4,,0.243
5be167e1-464a-4d33-82f1-5fa8bb7043be,2026-07-25 23:30:00+00:00,Over 2.5,Major League Soccer,1.9,WON,0.8999999999999999,0.205,0.6342105263157896,,0.5263157894736842,,0.205
848f8535-d8db-403f-887b-698ba8e82683,2026-07-25 23:30:00+00:00,Over 2.5,Major League Soccer,1.65,WON,0.6499999999999999,0.17,0.7090909090909091,,0.6060606060606061,,0.17
32173c2a-8034-47c8-adbf-25a46d94be31,2026-07-25 23:30:00+00:00,BTTS,Major League Soccer,1.75,WON,0.75,0.145,0.6542857142857142,,0.5714285714285714,,0.145
4153edad-baf1-44c4-a0e9-c276362cdc7d,2026-07-25 23:30:00+00:00,BTTS,Major League Soccer,1.53,WON,0.53,0.086,0.7098039215686275,,0.6535947712418301,,0.086
8708c05a-599c-47f6-95fe-eb06cb67ae16,2026-07-25 23:30:00+00:00,Double Chance X2,Major League Soccer,1.67,LOST,-1.0,0.085,0.6497005988023952,,0.5988023952095809,,0.085
c6b1ef71-bda1-4ed2-8200-9c3b4059c447,2026-07-25 23:30:00+00:00,Over 1.5,Major League Soccer,1.28,WON,0.28,0.062,0.8296875,,0.78125,,0.062
1c0fa367-e549-4841-8e03-bd6c369a320a,2026-07-25 23:30:00+00:00,Moneyline,Major League Soccer,2.15,WON,1.15,0.043,0.48511627906976745,,0.46511627906976744,,0.043
209678d2-6ec8-40d4-b0dc-30432e711c0e,2026-07-25 23:30:00+00:00,Double Chance X2,Major League Soccer,1.57,LOST,-1.0,0.040999999999999995,0.6630573248407643,,0.6369426751592356,,0.040999999999999995
aa8be9de-5378-405d-81a4-2d7d095f3c89,2026-07-25 23:30:00+00:00,Over 1.5,Major League Soccer,1.18,WON,0.17999999999999994,0.04,0.8813559322033899,,0.8474576271186441,,0.04
c69d6d10-31ad-4d7b-bc32-0d6c990af79f,2026-07-26 02:30:00+00:00,Moneyline,Major League Soccer,2.45,WON,1.4500000000000002,0.23199999999999998,0.5028571428571428,,0.4081632653061224,,0.23199999999999998
d7ac96e9-6318-4b20-a583-378978bac7cd,2026-07-26 02:30:00+00:00,Team Over 1.5,Major League Soccer,1.8,LOST,-1.0,0.053,0.585,,0.5555555555555556,,0.053
bf064f67-cc49-458c-8b57-70682620c424,2026-07-26 02:30:00+00:00,Double Chance 1X,Major League Soccer,1.44,WON,0.43999999999999995,0.045,0.7256944444444444,,0.6944444444444444,,0.045
b00b70d4-20d2-4c2e-a16c-b492b53ae09c,2026-07-26 02:30:00+00:00,Over 2.5,Major League Soccer,1.44,LOST,-1.0,0.031,0.7159722222222222,,0.6944444444444444,,0.031
e2772a31-e9a5-4fc3-83a0-bea1939693bc,2026-07-26 03:00:00+00:00,Moneyline,Liga MX,2.62,LOST,-1.0,0.161,0.4431297709923664,,0.38167938931297707,,0.161
807a9df9-c444-4c2b-8966-325da5302ae1,2026-07-26 12:00:00+00:00,BTTS,Super League,1.44,WON,0.43999999999999995,0.03,0.7152777777777778,,0.6944444444444444,,0.03
c3fa6f1e-ace2-4be3-a6e2-49669645135f,2026-07-26 12:00:00+00:00,Over 2.5,Super League,1.48,WON,0.48,0.07200000000000001,0.7243243243243244,,0.6756756756756757,,0.07200000000000001
5f095a1b-edd8-49ca-a905-aa1855f8aa60,2026-07-26 12:00:00+00:00,Over 3.5,Super League,2.1,WON,1.1,0.086,0.5171428571428571,,0.47619047619047616,,0.086
0d2836f6-a5a5-4176-b6e0-0351ae94267c,2026-07-26 15:00:00+00:00,Double Chance 1X,Eliteserien,1.67,LOST,-1.0,0.05,0.62874251497006,,0.5988023952095809,,0.05
ad01adbc-5fcb-4bdf-b1bf-3f6a39981e53,2026-07-26 15:00:00+00:00,BTTS,Eliteserien,1.57,LOST,-1.0,0.071,0.6821656050955414,,0.6369426751592356,,0.071
59ce664a-ed1b-46a9-b305-b5e081696536,2026-07-26 15:00:00+00:00,Over 2.5,Eliteserien,1.57,LOST,-1.0,0.085,0.6910828025477707,,0.6369426751592356,,0.085
4a613174-32c5-4660-a6e4-f6cc8fc6b028,2026-07-26 16:00:00+00:00,Double Chance 1X,Superliga,1.91,WON,0.9099999999999999,0.125,0.5890052356020943,,0.5235602094240838,,0.125
3e7fe50c-17a6-4bbc-bcda-d957f2b08d51,2026-07-26 19:00:00+00:00,Moneyline,Serie A,2.15,LOST,-1.0,0.092,0.5079069767441861,,0.46511627906976744,,0.092
be50b971-0715-4eb8-a225-895d27481c13,2026-07-26 19:00:00+00:00,Double Chance 1X,Serie A,1.3,WON,0.30000000000000004,0.045,0.8038461538461538,,0.7692307692307692,,0.045
5a6c80a7-1e4a-40ee-bf90-acd272ea35f1,2026-07-26 19:00:00+00:00,Under 2.5,Serie A,1.85,WON,0.8500000000000001,0.282,0.692972972972973,,0.5405405405405405,,0.282
39c459ec-0d94-4b84-a376-cabaa87d041b,2026-07-26 19:00:00+00:00,BTTS,Serie A,1.8,LOST,-1.0,0.042,0.5788888888888889,,0.5555555555555556,,0.042
865796f3-5448-4935-998b-7d9bcf73ca81,2026-07-26 19:00:00+00:00,Over 2.5,Serie A,1.9,LOST,-1.0,0.092,0.5747368421052632,,0.5263157894736842,,0.092
87c01b39-fdfc-4723-b9b0-60d5ca299d9d,2026-07-26 22:30:00+00:00,Moneyline,Serie A,2.2,WON,1.2000000000000002,0.087,0.494090909090909,,0.45454545454545453,,0.087
3b03718b-f67e-4738-b5de-3ff16a8f822c,2026-07-27 17:00:00+00:00,Team Over 1.5,Allsvenskan,1.62,LOST,-1.0,0.115,0.6882716049382716,,0.6172839506172839,,0.115
1dd2a22d-72e5-44ea-b94f-51d2466f6f0b,2026-07-27 17:00:00+00:00,BTTS,Allsvenskan,1.5,LOST,-1.0,0.11900000000000001,0.746,,0.6666666666666666,,0.11900000000000001
88b0e526-87fb-48e5-89ae-9e2b2baf3af5,2026-07-27 17:00:00+00:00,Over 1.5,Allsvenskan,1.14,LOST,-1.0,0.047,0.9184210526315789,,0.8771929824561404,,0.047
8125154d-7fa9-4529-a715-f69472b2917a,2026-07-27 17:00:00+00:00,Over 2.5,Allsvenskan,1.53,LOST,-1.0,0.183,0.773202614379085,,0.6535947712418301,,0.183
4016720d-8de1-4771-a9a6-c3026ba71288,2026-07-27 17:00:00+00:00,Over 3.5,Allsvenskan,2.2,LOST,-1.0,0.29100000000000004,0.5868181818181817,,0.45454545454545453,,0.29100000000000004
ff7ee72a-2181-4f71-ab07-1a79493b365c,2026-07-27 17:00:00+00:00,BTTS,Superliga,1.67,WON,0.6699999999999999,0.039,0.6221556886227545,,0.5988023952095809,,0.039
79fc8cf3-e0c3-436b-bb6a-a828b5c60624,2026-07-28 18:45:00+00:00,Double Chance 1X,UEFA Champions League,1.28,LOST,-1.0,0.11,0.8671875000000001,,0.78125,,0.11
61ca8ed0-e0ed-4795-9e7e-942c93ed7da2,2026-07-28 18:45:00+00:00,Team Over 1.5,UEFA Champions League,1.67,LOST,-1.0,0.156,0.6922155688622754,,0.5988023952095809,,0.156
c46b8c6a-b72c-427f-b35e-d70b2d4d8237,2026-07-28 18:45:00+00:00,Moneyline,UEFA Champions League,1.8,LOST,-1.0,0.23800000000000002,0.6877777777777777,,0.5555555555555556,,0.23800000000000002
578e8b0e-b5b1-4919-831b-fac0b95c9aff,2026-07-30 00:30:00+00:00,Double Chance 1X,Serie A,1.8,LOST,-1.0,0.084,0.6022222222222222,,0.5555555555555556,,0.084
d9c08cd2-e666-45b5-86c9-f151790dfee3,2026-07-30 17:00:00+00:00,BTTS,UEFA Europa League,1.62,LOST,-1.0,0.064,0.6567901234567901,,0.6172839506172839,,0.064
366aa28d-2c89-4947-83ed-de0e196366a9,2026-07-30 17:00:00+00:00,Over 1.5,UEFA Europa League,1.2,WON,0.19999999999999996,0.027999999999999997,0.8566666666666667,,0.8333333333333334,,0.027999999999999997
16429fe5-2e17-4b91-b8bc-7ecf45d4e71d,2026-07-30 17:00:00+00:00,Over 2.5,UEFA Europa League,1.67,LOST,-1.0,0.094,0.6550898203592815,,0.5988023952095809,,0.094
56b0d1cb-97af-4b08-981b-d3adc7ee7c72,2026-07-30 17:00:00+00:00,BTTS,UEFA Europa Conference League,1.83,LOST,-1.0,0.07400000000000001,0.5868852459016394,,0.5464480874316939,,0.07400000000000001
322cf56d-0dd6-4ac7-91aa-00173458c223,2026-07-30 19:00:00+00:00,BTTS,UEFA Europa League,2.38,LOST,-1.0,0.397,0.5869747899159664,,0.42016806722689076,,0.397
24ae9a47-a6a3-48b4-b604-fb8231b9cc7f,2026-07-31 00:30:00+00:00,Double Chance 1X,Serie A,1.67,LOST,-1.0,0.07200000000000001,0.6419161676646707,,0.5988023952095809,,0.07200000000000001
b4ba5490-0233-44e7-ad59-13d48d847200,2026-07-31 23:30:00+00:00,BTTS,Major League Soccer,1.75,WON,0.75,0.073,0.6131428571428571,,0.5714285714285714,,0.073
4d7e38f1-a840-4983-a07f-44ab7d0a637b,2026-07-31 23:30:00+00:00,Over 2.5,Major League Soccer,1.7,LOST,-1.0,0.057,0.6217647058823529,,0.5882352941176471,,0.057
ec57a3c2-b5c3-4b15-a649-a53267b004ec,2026-08-01 03:00:00+00:00,Over 2.5,Liga MX,1.85,WON,0.8500000000000001,0.053,0.5691891891891891,,0.5405405405405405,,0.053
01e6e8b8-d316-487a-afee-bf1855a6eb87,2026-08-01 03:00:00+00:00,Over 2.5,Liga MX,1.7,LOST,-1.0,0.034,0.6082352941176471,,0.5882352941176471,,0.034
a33a043c-8fa6-41cd-9b2c-d0e3da99e665,2026-08-01 14:00:00+00:00,Over 2.5,Premiership,1.8,LOST,-1.0,0.039,0.5772222222222222,,0.5555555555555556,,0.039
b234a48e-e453-4fce-b071-04ac7eacc672,2026-08-01 14:00:00+00:00,Moneyline,Eliteserien,2.3,WON,1.2999999999999998,0.069,0.4647826086956522,,0.4347826086956522,,0.069
87ce489f-c380-401a-a6db-bc2d805b4898,2026-08-01 16:00:00+00:00,Moneyline,Superliga,2.1,LOST,-1.0,0.09,0.5190476190476191,,0.47619047619047616,,0.09
36344f3d-8602-4b8d-b675-19203e623699,2026-08-01 16:00:00+00:00,BTTS,Super League,1.53,WON,0.53,0.065,0.696078431372549,,0.6535947712418301,,0.065
d43fdf0d-7a02-4a7f-9dfb-b121f68e4935,2026-08-01 16:00:00+00:00,Over 2.5,Super League,1.57,WON,0.5700000000000001,0.09699999999999999,0.6987261146496815,,0.6369426751592356,,0.09699999999999999
7815ad83-1677-4d45-980a-db9fc4f3c7f3,2026-08-01 16:00:00+00:00,Team Over 1.5,Super League,1.73,LOST,-1.0,0.043,0.6028901734104046,,0.5780346820809249,,0.043
f9017dca-6398-4431-aa7f-3870baea2263,2026-08-01 17:30:00+00:00,BTTS,Bundesliga,1.8,LOST,-1.0,0.107,0.615,,0.5555555555555556,,0.107
f07d58d4-1087-4d68-967d-38aeb63276ea,2026-08-01 18:30:00+00:00,BTTS,Super League,1.36,LOST,-1.0,0.078,0.7926470588235294,,0.7352941176470588,,0.078
f3558a77-250e-46c7-ab25-0b3601f453fb,2026-08-01 18:30:00+00:00,Team Over 1.5,Super League,1.8,LOST,-1.0,0.215,0.675,,0.5555555555555556,,0.215
aa9dfefa-33f3-485e-b06e-affe6a41681a,2026-08-01 18:30:00+00:00,Moneyline,Super League,2.6,LOST,-1.0,0.154,0.4438461538461538,,0.3846153846153846,,0.154
e6cded9e-b59d-487f-899a-dd3f880f9ec5,2026-08-01 18:30:00+00:00,Over 1.5,Super League,1.11,WON,0.1100000000000001,0.045,0.9414414414414413,,0.9009009009009008,,0.045
2ab7758b-18c9-406b-9094-9b4102d0de6b,2026-08-01 18:30:00+00:00,Over 2.5,Super League,1.4,WON,0.3999999999999999,0.14,0.8142857142857144,,0.7142857142857143,,0.14
d4477a4c-6e75-4ad4-b94f-f0d6f5c001b6,2026-08-01 18:30:00+00:00,Over 3.5,Super League,1.91,WON,0.9099999999999999,0.217,0.6371727748691101,,0.5235602094240838,,0.217
bca5fb41-524b-42ee-98d3-c9bf0d964fe3,2026-08-01 18:30:00+00:00,Team Over 1.5,Super League,1.73,WON,0.73,0.059000000000000004,0.6121387283236994,,0.5780346820809249,,0.059000000000000004
3e78b931-b5e5-4a72-bc5f-5a8bddf34fea,2026-08-01 20:30:00+00:00,BTTS,Copa Do Brasil,1.95,LOST,-1.0,0.069,0.5482051282051282,,0.5128205128205129,,0.069
56db9691-159a-49be-9aeb-7ce48aa1ae98,2026-08-01 20:30:00+00:00,Double Chance 1X,Copa Do Brasil,1.67,WON,0.6699999999999999,0.152,0.6898203592814371,,0.5988023952095809,,0.152
513372c2-9983-4858-964b-b44813669eb8,2026-08-01 20:30:00+00:00,Over 1.5,Copa Do Brasil,1.4,LOST,-1.0,0.05,0.7500000000000001,,0.7142857142857143,,0.05
14f2f8b5-5ad1-44a0-a9e8-b4cc6a0d505d,2026-08-01 20:30:00+00:00,Moneyline,Copa Do Brasil,3.25,LOST,-1.0,0.36200000000000004,0.4190769230769231,,0.3076923076923077,,0.36200000000000004
e158c85a-c7c0-4eef-bda1-62c35297139e,2026-08-01 23:30:00+00:00,BTTS,Major League Soccer,1.4,WON,0.3999999999999999,0.051,0.7507142857142857,,0.7142857142857143,,0.051
9c528880-8eb7-4579-8995-94502d9d10b0,2026-08-01 23:30:00+00:00,Over 2.5,Major League Soccer,1.36,WON,0.3600000000000001,0.066,0.7838235294117647,,0.7352941176470588,,0.066
9ca70e85-7712-4fa9-aad4-f6ff3ae75633,2026-08-01 23:30:00+00:00,Over 3.5,Major League Soccer,1.83,WON,0.8300000000000001,0.1,0.6010928961748634,,0.5464480874316939,,0.1
465a6232-b48d-4cb5-9fc1-8212156ff75b,2026-08-01 23:30:00+00:00,Moneyline,Major League Soccer,1.91,LOST,-1.0,0.052000000000000005,0.5507853403141362,,0.5235602094240838,,0.052000000000000005
fc287413-cf55-40c8-b6b9-ec96e785ff8e,2026-08-02 00:30:00+00:00,Double Chance 1X,Major League Soccer,1.67,LOST,-1.0,0.102,0.6598802395209582,,0.5988023952095809,,0.102
5f473771-d810-479d-a307-42bcfa8b0ce9,2026-08-02 00:30:00+00:00,Over 2.5,Major League Soccer,1.62,LOST,-1.0,0.032,0.637037037037037,,0.6172839506172839,,0.032
12a50340-e3cc-4d89-8e7d-f22f44b711cd,2026-08-02 01:05:00+00:00,Over 2.5,Liga MX,1.95,LOST,-1.0,0.102,0.5651282051282052,,0.5128205128205129,,0.102
94ce30dd-a8cf-46c8-90f5-92f1c1ac208b,2026-08-02 01:30:00+00:00,BTTS,Major League Soccer,1.62,LOST,-1.0,0.045,0.6450617283950616,,0.6172839506172839,,0.045
d1e48aa6-feca-49db-adeb-f1619b6f5b1b,2026-08-02 01:30:00+00:00,Team Over 1.5,Major League Soccer,1.67,LOST,-1.0,0.139,0.6820359281437126,,0.5988023952095809,,0.139
fd81a601-270b-4e71-8c4d-8a2422908c0d,2026-08-02 01:30:00+00:00,Moneyline,Major League Soccer,1.73,WON,0.73,0.073,0.6202312138728323,0.4318181818181818,0.5780346820809249,-0.25295454545454543,0.073
11173022-d576-4fc1-9e52-2b10ba32c425,2026-08-02 01:30:00+00:00,Over 1.5,Major League Soccer,1.18,LOST,-1.0,0.028999999999999998,0.8720338983050847,0.7619047619047619,0.8474576271186441,-0.10095238095238102,0.028999999999999998
2ca94014-9106-44df-b2e5-659bcd0b486a,2026-08-02 01:30:00+00:00,Over 2.5,Major League Soccer,1.62,LOST,-1.0,0.124,0.6938271604938272,0.6176470588235294,0.6172839506172839,0.0005882352941177782,0.124
84df9f05-abdd-4c9c-ba95-b7b901112982,2026-08-02 02:30:00+00:00,Double Chance X2,Major League Soccer,1.7,WON,0.7,0.09300000000000001,0.6429411764705882,0.4444444444444444,0.5882352941176471,-0.24444444444444446,0.09300000000000001
bfc0bf28-f1ff-48ad-a4be-44712666cff1,2026-08-02 12:00:00+00:00,BTTS,Superliga,1.8,WON,0.8,0.111,0.6172222222222222,0.45652173913043476,0.5555555555555556,-0.17826086956521747,0.111
6c0534cf-6a1b-4ced-86e7-b963df53d8b9,2026-08-02 12:00:00+00:00,Over 2.5,Superliga,1.53,WON,0.53,0.063,0.6947712418300653,0.5444770283479944,0.6535947712418301,-0.16695014662756857,0.063
717fc185-ec90-43f2-b651-20be165b812d,2026-08-02 15:00:00+00:00,BTTS,Eliteserien,1.62,WON,0.6200000000000001,0.113,0.687037037037037,0.4657534246575342,0.6172839506172839,-0.2454794520547945,0.113
6a1c793c-0676-466f-8c93-029dce8a4819,2026-08-02 15:00:00+00:00,Over 1.5,Eliteserien,1.2,WON,0.19999999999999996,0.034,0.8616666666666667,0.7272727272727273,0.8333333333333334,-0.12727272727272732,0.034
e2b1718b-f1f9-46e8-b041-dbae42f9a3ad,2026-08-02 15:00:00+00:00,Over 2.5,Eliteserien,1.67,WON,0.6699999999999999,0.131,0.677245508982036,0.48148148148148145,0.5988023952095809,-0.19592592592592606,0.131
55ebb2df-e24a-4188-b0e9-1ad752966cd9,2026-08-02 15:00:00+00:00,Over 2.5,Eliteserien,1.44,WON,0.43999999999999995,0.031,0.7159722222222222,0.6176470588235294,0.6944444444444444,-0.11058823529411765,0.031
5d4c79de-0a77-4440-a745-c1b0f4dde191,2026-08-02 15:00:00+00:00,Over 3.5,Eliteserien,2.0,WON,1.0,0.042,0.521,0.3235294117647059,0.5,-0.3529411764705882,0.042
8cdf3bea-aadb-4822-9b10-e48466c98a71,2026-08-02 16:00:00+00:00,BTTS,Super Cup,1.44,LOST,-1.0,0.057999999999999996,0.7347222222222223,0.6285714285714286,0.6944444444444444,-0.09485714285714286,0.057999999999999996
9ec4ab96-2a9c-4c1f-bffb-cc8de990b6b5,2026-08-02 16:00:00+00:00,Over 2.5,Super Cup,1.36,WON,0.3600000000000001,0.05,0.7720588235294118,0.6111111111111112,0.7352941176470588,-0.16888888888888876,0.05
fabfaa94-28d7-47a6-afdb-66ec38283f04,2026-08-02 16:00:00+00:00,Over 3.5,Super Cup,1.83,WON,0.8300000000000001,0.06,0.5792349726775956,0.3433705638623671,0.5464480874316939,-0.3716318681318682,0.06
6c3e2b14-a01c-45ef-b2d3-3a450cf5858d,2026-08-02 16:00:00+00:00,BTTS,Superliga,1.57,WON,0.5700000000000001,0.055,0.6719745222929936,0.5,0.6369426751592356,-0.21499999999999997,0.055
c047effb-872b-41fd-86bc-77ff5c201588,2026-08-02 16:00:00+00:00,Team Over 1.5,Superliga,1.57,WON,0.5700000000000001,0.047,0.6668789808917197,0.5161290322580645,0.6369426751592356,-0.18967741935483873,0.047
de57f9db-c32e-41a9-b508-4e6fd2b95fe8,2026-08-02 16:00:00+00:00,Over 1.5,Superliga,1.17,WON,0.16999999999999993,0.032,0.8820512820512821,0.7391304347826086,0.8547008547008548,-0.13521739130434796,0.032
7054abc1-4428-4e18-8a19-e496c9bf3cf9,2026-08-02 16:00:00+00:00,Over 2.5,Superliga,1.57,WON,0.5700000000000001,0.105,0.7038216560509554,0.6216216216216216,0.6369426751592356,-0.02405405405405403,0.105
2553424f-9628-4359-9033-ec92f6cabf24,2026-08-02 16:00:00+00:00,Over 3.5,Superliga,2.25,WON,1.25,0.132,0.5031111111111112,0.34285714285714286,0.4444444444444444,-0.22857142857142854,0.132
24d62967-270f-443c-b788-1fafe358b373,2026-08-02 21:00:00+00:00,Double Chance 1X,Copa Do Brasil,1.28,WON,0.28,0.027000000000000003,0.8023437499999999,0.631578947368421,0.78125,-0.19157894736842107,0.027000000000000003
9340ea08-ae35-4788-a41c-50a385950347,2026-08-02 21:00:00+00:00,Moneyline,Copa Do Brasil,2.05,LOST,-1.0,0.14400000000000002,0.558048780487805,0.3611111111111111,0.48780487804878053,-0.2597222222222223,0.14400000000000002
c13af9a3-6a69-4e75-83a5-95c94c0efb00,2026-08-02 21:00:00+00:00,Over 1.5,Copa Do Brasil,1.4,WON,0.3999999999999999,0.035,0.7392857142857143,0.6363636363636364,0.7142857142857143,-0.10909090909090913,0.035
49837de8-0c87-45bd-84f7-1f6de46490ae,2026-08-02 21:30:00+00:00,BTTS,Copa Do Brasil,1.95,LOST,-1.0,0.139,0.5841025641025641,0.37037037037037035,0.5128205128205129,-0.2777777777777778,0.139
90fd102e-755c-46f0-9f89-0176ca79c386,2026-08-02 21:30:00+00:00,Over 1.5,Copa Do Brasil,1.36,LOST,-1.0,0.054000000000000006,0.775,0.6666666666666666,0.7352941176470588,-0.09333333333333327,0.054000000000000006
2bb06912-a95b-4077-9149-e3ca30d11fa4,2026-08-02 21:30:00+00:00,Over 2.5,Copa Do Brasil,2.15,LOST,-1.0,0.163,0.5409302325581395,0.35135135135135137,0.46511627906976744,-0.24459459459459454,0.163
337ecdff-2e13-46c9-9877-7e484c4b3937,2026-08-02 23:00:00+00:00,BTTS,Liga MX,1.8,LOST,-1.0,0.1,0.6111111111111112,0.46808510638297873,0.5555555555555556,-0.1574468085106383,0.1
0242f6dd-21d8-490e-98ed-b54a6bc43844,2026-08-02 23:00:00+00:00,Over 1.5,Liga MX,1.18,WON,0.17999999999999994,0.027999999999999997,0.8711864406779661,0.75,0.8474576271186441,-0.11499999999999999,0.027999999999999997
19642021-a7b2-40e4-9f56-71e5e99d67c1,2026-08-02 23:00:00+00:00,Over 2.5,Liga MX,1.6,WON,0.6000000000000001,0.10400000000000001,0.6900000000000001,0.53125,0.625,-0.1499999999999999,0.10400000000000001
317b00d8-9d1a-4f4b-b321-8b2d0eda5068,2026-08-04 00:00:00+00:00,Team Over 1.5,Copa Do Brasil,1.8,WON,0.8,0.09300000000000001,0.6072222222222222,0.35714285714285715,0.5555555555555556,-0.3571428571428571,0.09300000000000001
0e354c55-c4d6-4026-ad76-f8b22f78cdff,2026-08-04 00:00:00+00:00,Moneyline,Copa Do Brasil,1.53,WON,0.53,0.055999999999999994,0.6901960784313725,0.5454545454545454,0.6535947712418301,-0.16545454545454552,0.055999999999999994
f0dadedf-0b5d-405b-bb32-24c4ad45a2a4,2026-08-05 00:00:00+00:00,Over 2.5,Leagues Cup,1.53,WON,0.53,0.031,0.6738562091503267,0.5555555555555555,0.6535947712418301,-0.15000000000000013,0.031
d7fea2e9-edb6-4f7a-ba7b-f81ea97a20e5,2026-08-05 00:30:00+00:00,Double Chance 1X,Copa Do Brasil,1.67,LOST,-1.0,0.079,0.6461077844311377,0.4583333333333333,0.5988023952095809,-0.23458333333333337,0.079
6436a785-db88-48a6-ad7e-a0b2d3543eb3,2026-08-05 02:00:00+00:00,Double Chance 1X,Leagues Cup,1.62,WON,0.6200000000000001,0.23399999999999999,0.7617283950617283,0.6341463414634146,0.6172839506172839,0.02731707317073173,0.23399999999999999
0b931285-ad68-446d-bde3-5b13e6505658,2026-08-05 02:00:00+00:00,Team Over 1.5,Leagues Cup,2.2,WON,1.2000000000000002,0.294,0.5881818181818181,0.3793103448275862,0.45454545454545453,-0.16551724137931034,0.294
6f78a740-3de9-40ef-8883-d8862115f28c,2026-08-05 02:00:00+00:00,Moneyline,Leagues Cup,3.1,WON,2.1,0.68,0.5419354838709678,0.34210526315789475,0.3225806451612903,0.06052631578947376,0.68
49b27568-b1f3-4240-a1d0-bdf422bfd949,2026-08-05 18:00:00+00:00,BTTS,UEFA Champions League,1.91,LOST,-1.0,0.16899999999999998,0.6120418848167539,0.4489795918367347,0.5235602094240838,-0.14244897959183678,0.16899999999999998
5c402b2c-78b3-49d6-a032-f6fd6c207bae,2026-08-05 18:00:00+00:00,Over 1.5,UEFA Champions League,1.2,WON,0.19999999999999996,0.03,0.8583333333333334,0.76,0.8333333333333334,-0.08800000000000008,0.03
191785ef-c41b-4bfd-8124-cefbeb5898dd,2026-08-05 18:00:00+00:00,Over 2.5,UEFA Champions League,1.65,LOST,-1.0,0.099,0.6660606060606061,0.5714285714285714,0.6060606060606061,-0.05714285714285727,0.099
6552ea65-82b8-4362-9846-bcb7acc816e0,2026-08-05 23:30:00+00:00,BTTS,Leagues Cup,1.5,WON,0.5,0.11599999999999999,0.7440000000000001,0.6428571428571429,0.6666666666666666,-0.03571428571428559,0.11599999999999999
52ca682e-28c5-40c9-9fc7-430af1451aae,2026-08-05 23:30:00+00:00,Over 2.5,Leagues Cup,1.33,WON,0.33000000000000007,0.040999999999999995,0.7827067669172931,0.6511627906976745,0.7518796992481203,-0.13395348837209287,0.040999999999999995
2b438657-8b95-4706-a33c-9136ae91a6f2,2026-08-05 23:30:00+00:00,Over 3.5,Leagues Cup,1.83,WON,0.8300000000000001,0.107,0.6049180327868852,0.3939393939393939,0.5464480874316939,-0.27909090909090906,0.107
58606f0d-8149-400a-9c24-c4a4b97858ac,2026-08-05 23:30:00+00:00,Double Chance 1X,Leagues Cup,1.44,LOST,-1.0,0.077,0.7479166666666667,0.6578947368421053,0.6944444444444444,-0.05263157894736836,0.077
29cb0adb-74ee-4928-b365-3b173062e79e,2026-08-05 23:30:00+00:00,Team Over 1.5,Leagues Cup,1.73,LOST,-1.0,0.19399999999999998,0.6901734104046242,0.5714285714285714,0.5780346820809249,-0.011428571428571455,0.19399999999999998
97ea2d3b-29b8-4a21-a393-f1d8e810d470,2026-08-05 23:30:00+00:00,Moneyline,Leagues Cup,2.4,LOST,-1.0,0.315,0.5479166666666667,0.358974358974359,0.4166666666666667,-0.13846153846153852,0.315
998bb831-70dc-473c-8cf5-6f4c1421317b,2026-08-05 23:30:00+00:00,Over 2.5,Leagues Cup,1.44,WON,0.43999999999999995,0.09300000000000001,0.7590277777777777,0.6410256410256411,0.6944444444444444,-0.07692307692307687,0.09300000000000001
e212e848-ee9e-4ee9-be40-ab3be1d2c4af,2026-08-05 23:30:00+00:00,Over 3.5,Leagues Cup,2.0,LOST,-1.0,0.14,0.5700000000000001,0.35,0.5,-0.30000000000000004,0.14
cb78fdcd-ec01-4453-8150-6ac39fc26307,2026-08-06 00:30:00+00:00,BTTS,Copa Do Brasil,2.0,WON,1.0,0.114,0.557,0.34146341463414637,0.5,-0.31707317073170727,0.114
2d320473-562d-429d-852b-05bb33dbf27e,2026-08-06 00:30:00+00:00,Moneyline,Copa Do Brasil,2.05,LOST,-1.0,0.040999999999999995,0.5078048780487805,0.35714285714285715,0.48780487804878053,-0.2678571428571429,0.040999999999999995
72c25ef9-f6db-4cd5-9140-cdeb64df2090,2026-08-06 00:30:00+00:00,Over 1.5,Copa Do Brasil,1.4,WON,0.3999999999999999,0.085,0.775,0.65,0.7142857142857143,-0.09000000000000008,0.085
43f1ab78-d148-422d-abe2-f726aee7c21b,2026-08-06 00:30:00+00:00,Double Chance 1X,Leagues Cup,1.17,LOST,-1.0,0.027000000000000003,0.8777777777777778,0.7692307692307693,0.8547008547008548,-0.09999999999999998,0.027000000000000003
065f04ec-b40a-4bd3-ab00-faaa674a68bf,2026-08-06 00:30:00+00:00,Team Over 1.5,Leagues Cup,1.62,LOST,-1.0,0.128,0.6962962962962963,0.6551724137931034,0.6172839506172839,0.06137931034482769,0.128
22c72994-2d40-4d71-b715-c39e6190406f,2026-08-06 00:30:00+00:00,Moneyline,Leagues Cup,1.62,LOST,-1.0,0.134,0.6999999999999998,0.6333333333333333,0.6172839506172839,0.026000000000000023,0.134
952535e8-3638-4d70-8e28-3359fb47fb97,2026-08-06 00:30:00+00:00,Over 2.5,Leagues Cup,1.67,LOST,-1.0,0.08,0.6467065868263474,0.44680851063829785,0.5988023952095809,-0.2538297872340426,0.08
c0786116-870e-4cc0-9463-fb7327ff190e,2026-08-06 02:30:00+00:00,Moneyline,Leagues Cup,2.35,WON,1.35,0.102,0.46893617021276596,0.3488372093023256,0.425531914893617,-0.18023255813953487,0.102
c29a6978-7978-4c17-8ccf-d96ea11375df,2026-08-06 23:00:00+00:00,Draw,Copa Do Brasil,3.3,LOST,-1.0,0.079,0.32696969696969697,0.1111111111111111,0.30303030303030304,-0.6333333333333333,0.079
7101b87f-ef36-4f2c-9977-431149f38fba,2026-08-06 23:00:00+00:00,Under 2.5,Copa Do Brasil,1.65,LOST,-1.0,0.115,0.6757575757575758,0.5405405405405406,0.6060606060606061,-0.10810810810810811,0.115
57cc4d7a-d830-4eb2-a79b-04bbc7a3bb4a,2026-08-06 23:00:00+00:00,Moneyline,Copa Do Brasil,2.5,WON,1.5,0.075,0.43,0.1,0.4,-0.75,0.075
af15f621-20b0-4ac7-8b75-873e16eb6b84,2026-08-06 23:30:00+00:00,BTTS,Leagues Cup,1.62,LOST,-1.0,0.048,0.6469135802469136,0.4375,0.6172839506172839,-0.29125,0.048
1306ae29-5fa3-42b8-9dfa-5974d5f10854,2026-08-06 23:30:00+00:00,Team Over 1.5,Leagues Cup,1.5,WON,0.5,0.081,0.7206666666666667,0.6129032258064516,0.6666666666666666,-0.08064516129032251,0.081
7f20386c-9bdc-4658-acb6-c2b8ef18f76c,2026-08-06 23:30:00+00:00,Over 1.5,Leagues Cup,1.17,WON,0.16999999999999993,0.040999999999999995,0.8897435897435897,0.7407407407407407,0.8547008547008548,-0.13333333333333341,0.040999999999999995
b162f95d-c890-470b-b9a5-a4449b9096e4,2026-08-06 23:30:00+00:00,Over 2.5,Leagues Cup,1.53,LOST,-1.0,0.1,0.7189542483660131,0.625,0.6535947712418301,-0.043749999999999956,0.1
d9defdcd-9d90-405f-b4c8-50b54ae3ccae,2026-08-06 23:30:00+00:00,Over 3.5,Leagues Cup,2.25,LOST,-1.0,0.154,0.5128888888888888,0.36363636363636365,0.4444444444444444,-0.18181818181818177,0.154
c812d1d2-c2dd-4d5f-8a3f-c3325af27a97,2026-08-07 00:00:00+00:00,Team Over 1.5,Leagues Cup,1.91,LOST,-1.0,0.1,0.5759162303664922,0.35555555555555557,0.5235602094240838,-0.3208888888888889,0.1
8091d99a-0638-4d37-a0eb-272a1c3e89b8,2026-08-07 00:00:00+00:00,Moneyline,Leagues Cup,2.4,WON,1.4,0.16899999999999998,0.48708333333333337,0.34782608695652173,0.4166666666666667,-0.16521739130434787,0.16899999999999998
d737411b-2c10-46ac-a37a-d74a7836ffbc,2026-08-07 00:00:00+00:00,Double Chance 1X,Leagues Cup,1.5,WON,0.5,0.067,0.7113333333333333,0.6060606060606061,0.6666666666666666,-0.09090909090909083,0.067
ae7ba9a9-13fb-441b-8b34-175d2e1731cd,2026-08-07 00:30:00+00:00,Team Over 1.5,Leagues Cup,1.53,WON,0.53,0.055999999999999994,0.6901960784313725,0.5263157894736842,0.6535947712418301,-0.1947368421052632,0.055999999999999994
0864bf06-aa77-47fb-b3e9-9eca772ca909,2026-08-07 00:30:00+00:00,Over 2.5,Leagues Cup,1.6,LOST,-1.0,0.098,0.68625,0.5333333333333333,0.625,-0.1466666666666666,0.098
d7b39119-126f-48f8-a4cc-05f99eb247e1,2026-08-07 01:00:00+00:00,Moneyline,Leagues Cup,2.15,WON,1.15,0.11199999999999999,0.5172093023255815,0.3617021276595745,0.46511627906976744,-0.2223404255319149,0.11199999999999999
32cd431c-9f8d-4e83-8955-081308e6aa77,2026-08-07 01:00:00+00:00,Double Chance 1X,Leagues Cup,1.36,WON,0.3600000000000001,0.057999999999999996,0.7779411764705882,0.6666666666666666,0.7352941176470588,-0.09333333333333327,0.057999999999999996
243218bf-17f4-484a-bf02-ce59d8fffd7e,2026-08-07 17:00:00+00:00,Double Chance 1X,Superliga,1.91,WON,0.9099999999999999,0.152,0.6031413612565445,0.4117647058823529,0.5235602094240838,-0.21352941176470597,0.152
8d0e6535-9386-4a47-a294-6b5239399dbf,2026-08-07 18:30:00+00:00,Over 2.5,2. Bundesliga,1.7,LOST,-1.0,0.1,0.6470588235294118,0.42857142857142855,0.5882352941176471,-0.27142857142857146,0.1
b16c4d97-af82-47d8-b300-ee2433efd3cf,2026-08-07 18:45:00+00:00,BTTS,Jupiler Pro League,1.91,LOST,-1.0,0.10800000000000001,0.5801047120418849,0.4235294117647059,0.5235602094240838,-0.19105882352941184,0.10800000000000001
4616a3d6-2f9a-4c6a-ba81-1960582bff03,2026-08-07 23:30:00+00:00,Moneyline,Leagues Cup,2.15,WON,1.15,0.064,0.4948837209302326,0.375,0.46511627906976744,-0.1937500000000001,0.064
440ad66f-7420-4f0f-9468-95472182aad2,2026-08-08 00:00:00+00:00,BTTS,Leagues Cup,1.5,LOST,-1.0,0.036000000000000004,0.6906666666666667,0.5555555555555556,0.6666666666666666,-0.16666666666666663,0.036000000000000004
1ff14fe7-f2f2-4794-bc29-1b0883839fdd,2026-08-08 00:00:00+00:00,Over 2.5,Leagues Cup,1.53,LOST,-1.0,0.053,0.6882352941176471,0.5121951219512195,0.6535947712418301,-0.21634146341463412,0.053
9f7506f6-3378-435f-9fd0-dc18ec6e0fce,2026-08-08 01:00:00+00:00,Double Chance 1X,Leagues Cup,1.36,WON,0.3600000000000001,0.066,0.7838235294117647,0.7,0.7352941176470588,-0.04800000000000004,0.066
e4ecb9a2-75aa-4ac9-ad00-2921001e7f2a,2026-08-08 01:00:00+00:00,Over 1.5,Leagues Cup,1.2,LOST,-1.0,0.033,0.8608333333333333,0.75,0.8333333333333334,-0.10000000000000009,0.033
b80fc3ab-8bf5-4d36-a905-3908bc8dd25c,2026-08-08 01:00:00+00:00,Over 2.5,Leagues Cup,1.65,LOST,-1.0,0.10400000000000001,0.6690909090909092,0.5,0.6060606060606061,-0.17500000000000004,0.10400000000000001
0dab9a9e-d9f2-4571-9739-f937fe79f27f,2026-08-08 01:00:00+00:00,Moneyline,Leagues Cup,2.2,WON,1.2000000000000002,0.263,0.574090909090909,0.3877551020408163,0.45454545454545453,-0.14693877551020407,0.263
7a219797-dee1-45d0-9b30-5f09df5f73a8,2026-08-08 02:30:00+00:00,Team Over 1.5,Leagues Cup,1.62,LOST,-1.0,0.045,0.6450617283950616,0.42,0.6172839506172839,-0.3196,0.045
e3115eae-7f4d-4829-9ea8-098c0c0961fb,2026-08-08 11:00:00+00:00,Moneyline,2. Bundesliga,2.2,LOST,-1.0,0.113,0.5059090909090909,0.4,0.45454545454545453,-0.11999999999999988,0.113
e5c5f3fc-a158-4acf-88ff-8d1f47b43d66,2026-08-08 11:00:00+00:00,BTTS,2. Bundesliga,1.5,WON,0.5,0.036000000000000004,0.6906666666666667,0.5,0.6666666666666666,-0.25,0.036000000000000004
3fcd7879-884a-40e8-ba7f-317b71c49070,2026-08-08 11:00:00+00:00,Double Chance 1X,2. Bundesliga,1.53,WON,0.53,0.039,0.6790849673202614,0.48484848484848486,0.6535947712418301,-0.2581818181818182,0.039
e4e1eeb6-309f-4cd7-bf85-b985cef3e640,2026-08-08 11:00:00+00:00,Team Over 1.5,2. Bundesliga,2.0,WON,1.0,0.136,0.5680000000000001,0.39215686274509803,0.5,-0.21568627450980393,0.136
208ecdab-a135-4422-93bb-9e0d62cfd1b4,2026-08-08 11:00:00+00:00,Moneyline,2. Bundesliga,2.62,WON,1.62,0.155,0.44083969465648853,0.18181818181818182,0.38167938931297707,-0.5236363636363637,0.155
087f69ed-a989-4ff8-b5c4-32861c21e4c5,2026-08-08 11:00:00+00:00,Over 2.5,2. Bundesliga,1.57,WON,0.5700000000000001,0.07400000000000001,0.6840764331210192,0.5,0.6369426751592356,-0.21499999999999997,0.07400000000000001
f90c6415-a96c-414a-ad67-9c7cca9966fa,2026-08-08 12:00:00+00:00,BTTS,Eliteserien,1.44,WON,0.43999999999999995,0.086,0.7541666666666668,0.6666666666666666,0.6944444444444444,-0.040000000000000036,0.086
8b2f3067-7b23-4b8f-8ec4-f587ad4a399f,2026-08-08 12:00:00+00:00,Over 2.5,Eliteserien,1.33,WON,0.33000000000000007,0.033,0.7766917293233082,0.709514170040485,0.7518796992481203,-0.056346153846154934,0.033
6fdad7f3-16b7-4794-a50b-bdee43be8a5f,2026-08-08 12:00:00+00:00,Over 3.5,Eliteserien,1.83,LOST,-1.0,0.083,0.5918032786885246,0.41379310344827586,0.5464480874316939,-0.24275862068965515,0.083
f183b72f-fdd5-4595-8f53-ce7c05584f62,2026-08-08 13:00:00+00:00,Double Chance 1X,Allsvenskan,1.67,LOST,-1.0,0.062,0.6359281437125749,0.4117647058823529,0.5988023952095809,-0.3123529411764706,0.062
b652e21b-501d-4e24-9ca4-752a1122f6b4,2026-08-08 14:00:00+00:00,Double Chance 1X,Premiership,1.5,WON,0.5,0.032,0.6880000000000001,0.5185185185185185,0.6666666666666666,-0.22222222222222232,0.032
5afd098e-aceb-4275-bf86-06216001e3b4,2026-08-08 14:00:00+00:00,Moneyline,Premiership,2.62,WON,1.62,0.129,0.4309160305343511,0.2857142857142857,0.38167938931297707,-0.25142857142857145,0.129
163ace76-132c-4694-bab4-d151dd22992e,2026-08-08 14:00:00+00:00,Moneyline,Premiership,2.3,WON,1.2999999999999998,0.055999999999999994,0.45913043478260873,0.40384615384615385,0.4347826086956522,-0.07115384615384623,0.055999999999999994
c85cb2d5-cb22-4ad3-9de3-5f5285d85ccd,2026-08-08 14:00:00+00:00,Under 2.5,Premiership,1.91,WON,0.9099999999999999,0.14,0.5968586387434556,0.4084507042253521,0.5235602094240838,-0.21985915492957753,0.14
5005d26e-42a4-40c2-be62-23456c40bf07,2026-08-08 14:00:00+00:00,Double Chance 1X,League Cup,1.57,LOST,-1.0,0.079,0.6872611464968152,0.5357142857142857,0.6369426751592356,-0.15892857142857142,0.079
733027f7-4f03-4d0a-8193-47aa55a3b99e,2026-08-08 14:00:00+00:00,BTTS,Eliteserien,1.53,WON,0.53,0.08199999999999999,0.7071895424836602,0.6176470588235294,0.6535947712418301,-0.05499999999999994,0.08199999999999999
c27e5978-c62e-4c84-9611-16fd191164de,2026-08-08 14:00:00+00:00,Over 2.5,Eliteserien,1.33,WON,0.33000000000000007,0.063,0.7992481203007518,0.7297297297297297,0.7518796992481203,-0.02945945945945938,0.063
b7f5f031-8906-44af-a3d0-dd149581b4ec,2026-08-08 14:00:00+00:00,Over 3.5,Eliteserien,1.8,LOST,-1.0,0.107,0.615,0.4125874125874126,0.5555555555555556,-0.25734265734265727,0.107
ec7ef5b8-3490-4661-93d3-12ec9f040d76,2026-08-08 15:30:00+00:00,Double Chance 1X,Allsvenskan,1.5,LOST,-1.0,0.057,0.7046666666666667,0.6285714285714286,0.6666666666666666,-0.05714285714285716,0.057
2e6b9af3-ca4e-4410-87d1-2275075dfecf,2026-08-08 15:30:00+00:00,Moneyline,Allsvenskan,2.6,LOST,-1.0,0.131,0.435,0.375,0.3846153846153846,-0.02499999999999991,0.131
43e96f4f-a313-45f0-81bd-3811fc0291aa,2026-08-08 16:00:00+00:00,BTTS,Super League,1.4,WON,0.3999999999999999,0.035,0.7392857142857143,0.6111111111111112,0.7142857142857143,-0.14444444444444438,0.035
55e8dd43-6a84-4093-9cad-a955ec3d26a2,2026-08-08 16:00:00+00:00,Over 2.5,Super League,1.4,WON,0.3999999999999999,0.051,0.7507142857142857,0.6923076923076923,0.7142857142857143,-0.030769230769230882,0.051
d69927f4-b71f-4eb7-b161-cea4bdeda103,2026-08-08 16:00:00+00:00,Over 3.5,Super League,1.91,WON,0.9099999999999999,0.05,0.549738219895288,0.4097222222222222,0.5235602094240838,-0.21743055555555557,0.05
8365c266-103e-4f14-8e7a-816639689e9d,2026-08-08 17:00:00+00:00,Over 2.5,Primeira Liga,1.9,LOST,-1.0,0.047,0.5510526315789473,0.41379310344827586,0.5263157894736842,-0.21379310344827596,0.047
f12806d5-99f3-4d98-8f3f-947d6e758e3e,2026-08-08 18:00:00+00:00,BTTS,Eredivisie,1.57,WON,0.5700000000000001,0.09699999999999999,0.6987261146496815,0.6216216216216216,0.6369426751592356,-0.02405405405405403,0.09699999999999999
bb41aee2-6650-42ed-bad4-7be457bcca8c,2026-08-08 18:00:00+00:00,Over 2.5,Eredivisie,1.22,WON,0.21999999999999997,0.025,0.8401639344262295,0.7368421052631579,0.819672131147541,-0.1010526315789474,0.025
900a3232-b926-415b-a53f-98ad25ee854e,2026-08-08 18:00:00+00:00,Over 3.5,Eredivisie,1.57,WON,0.5700000000000001,0.061,0.675796178343949,0.5172413793103449,0.6369426751592356,-0.1879310344827585,0.061
13dd3075-56ca-458a-ad1c-8947796f0af6,2026-08-08 18:30:00+00:00,BTTS,Super League,1.73,WON,0.73,0.038,0.6,0.410958904109589,0.5780346820809249,-0.28904109589041105,0.038
4b0ec20e-8a15-49b2-8138-d7fc8c8f8397,2026-08-08 19:00:00+00:00,Team Over 1.5,Eredivisie,1.44,WON,0.43999999999999995,0.040999999999999995,0.7229166666666667,0.631578947368421,0.6944444444444444,-0.09052631578947379,0.040999999999999995
5cf002ac-e30d-41d9-882f-fd570c47fba9,2026-08-08 19:00:00+00:00,BTTS,Eredivisie,1.67,LOST,-1.0,0.107,0.662874251497006,0.41496598639455784,0.5988023952095809,-0.3070068027210885,0.107
cb0e0a98-9753-4214-b1a4-5806986bd357,2026-08-08 19:00:00+00:00,Over 2.5,Eredivisie,1.53,LOST,-1.0,0.11699999999999999,0.7300653594771241,0.6410256410256411,0.6535947712418301,-0.019230769230769162,0.11699999999999999
4c0700dd-cec9-4583-b9da-95abe5b7ddce,2026-08-08 19:00:00+00:00,Over 3.5,Eredivisie,2.2,LOST,-1.0,0.157,0.5259090909090909,0.41216216216216217,0.45454545454545453,-0.09324324324324318,0.157
fece4f3b-d663-4cc0-b164-4f5a6f9bb495,2026-08-08 19:00:00+00:00,Under 2.5,Serie A,1.7,LOST,-1.0,0.125,0.6617647058823529,0.40939597315436244,0.5882352941176471,-0.30402684563758386,0.125
a827d31d-76a9-41f7-b600-c5bdb62f9629,2026-08-08 20:30:00+00:00,Double Chance 1X,Major League Soccer,1.4,LOST,-1.0,0.12,0.8000000000000002,0.7435897435897436,0.7142857142857143,0.0410256410256411,0.12
e20a3ac1-3567-4d56-8bcf-7fdae68b9c2b,2026-08-08 20:30:00+00:00,Team Over 1.5,Major League Soccer,2.1,LOST,-1.0,0.371,0.6528571428571428,0.4066666666666667,0.47619047619047616,-0.1459999999999999,0.371
84cc47df-cf38-463d-a600-016cb3b6dca4,2026-08-08 20:30:00+00:00,Moneyline,Major League Soccer,2.4,LOST,-1.0,0.435,0.5979166666666668,0.40397350993377484,0.4166666666666667,-0.030463576158940464,0.435
80b2aa58-b432-4de4-a6bc-8f4d605ddad6,2026-08-08 20:30:00+00:00,Over 1.5,Major League Soccer,1.22,WON,0.21999999999999997,0.046,0.8573770491803279,0.7307692307692307,0.819672131147541,-0.1084615384615385,0.046
7492c62f-4285-4b34-b1df-a4d2d146c625,2026-08-08 20:30:00+00:00,Over 2.5,Major League Soccer,1.8,LOST,-1.0,0.204,0.6688888888888889,0.5,0.5555555555555556,-0.09999999999999998,0.204
c2fa01b1-6dea-418d-8881-27a5f4112130,2026-08-08 22:30:00+00:00,Double Chance 1X,Leagues Cup,1.36,LOST,-1.0,0.084,0.7970588235294117,0.7142857142857143,0.7352941176470588,-0.02857142857142847,0.084
940d1c19-7f00-4f56-9647-9eda9f443d8b,2026-08-08 22:30:00+00:00,Team Over 1.5,Leagues Cup,1.8,LOST,-1.0,0.075,0.5972222222222222,0.40131578947368424,0.5555555555555556,-0.27763157894736834,0.075
bf5266c4-818f-4110-a62e-075b16d7a607,2026-08-08 22:30:00+00:00,Moneyline,Leagues Cup,2.05,LOST,-1.0,0.191,0.5809756097560976,0.39869281045751637,0.48780487804878053,-0.18267973856209152,0.191
f4c8e6be-c738-4da7-9854-775210bcf53c,2026-08-08 23:30:00+00:00,Draw,Serie A,3.6,LOST,-1.0,0.213,0.33694444444444444,0.2,0.2777777777777778,-0.2799999999999999,0.213
cc397bd6-7270-43ec-b1f6-e27a54938548,2026-08-08 23:30:00+00:00,Under 2.5,Serie A,1.85,LOST,-1.0,0.312,0.7091891891891892,0.625,0.5405405405405405,0.15625,0.312
5d4f3d78-7fe8-4342-82c7-ea07d41fe5f5,2026-08-09 00:00:00+00:00,BTTS,Serie A,1.7,WON,0.7,0.044000000000000004,0.6141176470588235,0.3961038961038961,0.5882352941176471,-0.3266233766233766,0.044000000000000004
0b13c602-8fd4-4930-a133-1c12fcd7b4b6,2026-08-09 00:00:00+00:00,Over 1.5,Serie A,1.28,WON,0.28,0.025,0.8007812499999999,0.6896551724137931,0.78125,-0.11724137931034473,0.025
462fcc97-f325-43b4-ac0b-520bb5865098,2026-08-09 00:00:00+00:00,Over 2.5,Serie A,1.95,LOST,-1.0,0.135,0.5820512820512821,0.4,0.5128205128205129,-0.21999999999999997,0.135
0b2334b0-7995-4bce-a779-47359496c3bb,2026-08-09 00:00:00+00:00,Over 2.5,Leagues Cup,1.36,WON,0.3600000000000001,0.043,0.7669117647058823,0.7,0.7352941176470588,-0.04800000000000004,0.043
ca595876-747e-4ae7-be4d-0223d1b5724f,2026-08-09 00:00:00+00:00,Over 3.5,Leagues Cup,1.83,LOST,-1.0,0.039,0.56775956284153,0.3974358974358974,0.5464480874316939,-0.2726923076923077,0.039
ca58092e-2abc-475c-b569-ef26c378ed26,2026-08-09 12:00:00+00:00,BTTS,Allsvenskan,1.75,WON,0.75,0.14800000000000002,0.656,0.39490445859872614,0.5714285714285714,-0.30891719745222923,0.14800000000000002
afa0f02c-2137-473b-a481-2e40fc459aad,2026-08-09 12:00:00+00:00,Over 2.5,Allsvenskan,1.65,WON,0.6499999999999999,0.086,0.6581818181818183,0.4,0.6060606060606061,-0.33999999999999997,0.086
1e9193c1-6fea-472a-b106-3553ab4f961c,2026-08-09 12:30:00+00:00,BTTS,Premiership,1.62,WON,0.6200000000000001,0.077,0.6648148148148147,0.4149553112045383,0.6172839506172839,-0.3277723958486479,0.077
3c21103a-4486-41aa-9bad-10f7e621e2d8,2026-08-09 12:30:00+00:00,Double Chance 1X,Eliteserien,1.4,LOST,-1.0,0.20800000000000002,0.8628571428571429,0.7407407407407407,0.7142857142857143,0.03703703703703698,0.20800000000000002
99af9586-2a46-4a67-8086-62f89baaaa15,2026-08-09 12:30:00+00:00,Team Over 1.5,Eliteserien,1.91,LOST,-1.0,0.293,0.6769633507853403,0.5333333333333333,0.5235602094240838,0.01866666666666661,0.293
41c4ccd4-1a56-4589-b657-78385f9c869f,2026-08-09 12:30:00+00:00,Moneyline,Eliteserien,2.3,LOST,-1.0,0.562,0.6791304347826088,0.5161290322580645,0.4347826086956522,0.1870967741935483,0.562
bd9cb525-604e-45f6-a809-cee5d0dc96f5,2026-08-09 14:00:00+00:00,BTTS,Superliga,1.62,LOST,-1.0,0.034,0.6382716049382716,0.4069767441860465,0.6172839506172839,-0.34069767441860466,0.034
42b03413-a3b1-4de3-93b4-d97341e1c1c9,2026-08-09 14:00:00+00:00,Over 2.5,Superliga,1.75,LOST,-1.0,0.092,0.624,0.40229885057471265,0.5714285714285714,-0.2959770114942528,0.092
6640c497-3330-4848-b8e4-06a92b6758ef,2026-08-09 14:00:00+00:00,Team Over 1.5,Superliga,1.91,WON,0.9099999999999999,0.05,0.549738219895288,0.3972602739726027,0.5235602094240838,-0.24123287671232885,0.05
2445aada-5a81-4622-9c3c-af36f8acc3b8,2026-08-09 14:00:00+00:00,Moneyline,Superliga,2.2,WON,1.2000000000000002,0.047,0.47590909090909084,0.4012345679012346,0.45454545454545453,-0.11728395061728392,0.047
100eb32f-30c1-4440-9bba-f324eff89d73,2026-08-09 14:00:00+00:00,BTTS,Jupiler Pro League,1.62,LOST,-1.0,0.059000000000000004,0.6537037037037037,0.4049079754601227,0.6172839506172839,-0.3440490797546012,0.059000000000000004
0b5ffe39-bea5-4b54-9576-c5533334afb8,2026-08-09 14:00:00+00:00,Over 2.5,Jupiler Pro League,1.73,WON,0.73,0.095,0.6329479768786127,0.4024390243902439,0.5780346820809249,-0.303780487804878,0.095
aba0c3e6-14dd-456b-bdbb-95b256f8023a,2026-08-09 14:30:00+00:00,Double Chance 1X,Allsvenskan,1.4,WON,0.3999999999999999,0.08199999999999999,0.7728571428571429,0.7096774193548387,0.7142857142857143,-0.006451612903225823,0.08199999999999999
4c69b3ed-b774-440a-8462-05e82aa57e4f,2026-08-09 14:30:00+00:00,Draw,Allsvenskan,3.4,LOST,-1.0,0.17600000000000002,0.3458823529411765,0.16666666666666666,0.29411764705882354,-0.43333333333333335,0.17600000000000002
1d681113-9f8e-4bd1-aa6b-160bf7dbe269,2026-08-09 14:30:00+00:00,Under 2.5,Allsvenskan,2.1,LOST,-1.0,0.5670000000000001,0.7461904761904763,0.6097560975609756,0.47619047619047616,0.2804878048780488,0.5670000000000001
1a31c8e8-b809-47b5-9861-8a84cf0dab8f,2026-08-09 14:30:00+00:00,Double Chance 1X,Allsvenskan,2.25,LOST,-1.0,0.512,0.672,0.5,0.4444444444444444,0.125,0.512
9d41579c-2b83-4145-a6b5-516c6f99e752,2026-08-09 14:45:00+00:00,Over 2.5,Eredivisie,1.48,LOST,-1.0,0.042,0.7040540540540541,0.5952380952380952,0.6756756756756757,-0.11904761904761907,0.042
c2fc4474-711b-4216-a784-3ceb39275be7,2026-08-09 14:45:00+00:00,Over 3.5,Eredivisie,2.1,LOST,-1.0,0.044000000000000004,0.49714285714285716,0.40606060606060607,0.47619047619047616,-0.14727272727272722,0.044000000000000004
c7b42525-8aae-4643-9ed4-f3a1e71fea35,2026-08-09 15:00:00+00:00,Double Chance 1X,Eliteserien,1.33,WON,0.33000000000000007,0.055999999999999994,0.793984962406015,0.7166666666666667,0.7518796992481203,-0.04683333333333328,0.055999999999999994
4f09a8bf-259d-4241-ba18-f7f66841763c,2026-08-09 15:00:00+00:00,Team Over 1.5,Eliteserien,1.73,LOST,-1.0,0.11800000000000001,0.646242774566474,0.4036144578313253,0.5780346820809249,-0.3017469879518072,0.11800000000000001
c91713be-99e2-4686-be14-fe4e33d8b1d1,2026-08-09 15:00:00+00:00,Moneyline,Eliteserien,2.1,LOST,-1.0,0.226,0.5838095238095238,0.40119760479041916,0.47619047619047616,-0.1574850299401197,0.226
8c8b366f-9f25-4010-9374-6c10010398a3,2026-08-09 17:00:00+00:00,BTTS,Bundesliga,1.75,LOST,-1.0,0.053,0.6017142857142856,0.39880952380952384,0.5714285714285714,-0.30208333333333326,0.053
042b8cb3-a6ba-4886-be69-b5014d3cdff4,2026-08-09 17:00:00+00:00,Over 2.5,Bundesliga,1.85,LOST,-1.0,0.086,0.587027027027027,0.39644970414201186,0.5405405405405405,-0.266568047337278,0.086
9fe9689e-ccdd-4f68-9f0e-f435e0206d68,2026-08-09 17:15:00+00:00,BTTS,Jupiler Pro League,1.95,WON,0.95,0.039,0.5328205128205128,0.3941176470588235,0.5128205128205129,-0.2314705882352942,0.039
a58a4b26-2b0a-417a-a377-b9950303d93b,2026-08-09 19:00:00+00:00,Draw,Serie A,3.8,WON,2.8,0.136,0.2989473684210527,0.14285714285714285,0.2631578947368421,-0.4571428571428572,0.136
b7efa17c-57da-4c68-94bb-0eecbb713b51,2026-08-09 19:00:00+00:00,Under 2.5,Serie A,1.85,WON,0.8500000000000001,0.077,0.5821621621621621,0.39766081871345027,0.5405405405405405,-0.26432748538011697,0.077
ddd2d9a3-5a04-42d6-b040-69c2c8b82629,2026-08-09 19:30:00+00:00,Double Chance 1X,Leagues Cup,1.28,WON,0.28,0.068,0.834375,0.7213114754098361,0.78125,-0.07672131147540984,0.068
c80f839a-e334-4bb5-9c10-4583e03ac1a1,2026-08-09 19:30:00+00:00,Over 2.5,Leagues Cup,1.62,WON,0.6200000000000001,0.034,0.6382716049382716,0.4011627906976744,0.6172839506172839,-0.3501162790697674,0.034
2e150d65-f217-45a1-bc28-9c5f6d230a76,2026-08-09 19:30:00+00:00,Team Over 1.5,Leagues Cup,1.73,WON,0.73,0.133,0.6549132947976879,0.4046242774566474,0.5780346820809249,-0.29999999999999993,0.133
122ab810-7aea-4a0a-b743-5d72ae891f4d,2026-08-09 19:30:00+00:00,Moneyline,Leagues Cup,1.95,WON,0.95,0.24,0.6358974358974359,0.4090909090909091,0.5128205128205129,-0.20227272727272727,0.24
1d867207-c569-49a0-94e1-12dd7fea9b48,2026-08-09 21:30:00+00:00,Moneyline,Serie A,2.15,LOST,-1.0,0.094,0.5088372093023257,0.4074074074074074,0.46511627906976744,-0.12407407407407411,0.094
37321e02-8ba0-4f2b-9612-944257993dc8,2026-08-09 21:30:00+00:00,Double Chance 1X,Serie A,1.28,LOST,-1.0,0.07,0.8359375,0.7258064516129032,0.78125,-0.07096774193548383,0.07
a7742de5-a5d3-4791-a8f7-c1916730f0a2,2026-08-09 21:30:00+00:00,Moneyline,Serie A,2.15,LOST,-1.0,0.185,0.5511627906976745,0.4036697247706422,0.46511627906976744,-0.13211009174311927,0.185
130c877c-c0e9-4f11-bc0a-e32c5effa32c,2026-08-09 21:30:00+00:00,Under 2.5,Serie A,1.7,WON,0.7,0.095,0.6441176470588236,0.417910447761194,0.5882352941176471,-0.28955223880597014,0.095
14585453-7fa6-401d-969b-5c69daab652b,2026-08-09 23:30:00+00:00,Double Chance 1X,Leagues Cup,1.22,WON,0.21999999999999997,0.08199999999999999,0.8868852459016394,0.7142857142857143,0.819672131147541,-0.12857142857142856,0.08199999999999999
02ab94ec-5092-4972-b62e-d94eee66bb49,2026-08-09 23:30:00+00:00,Moneyline,Leagues Cup,1.67,WON,0.6699999999999999,0.11699999999999999,0.6688622754491018,0.4883720930232558,0.5988023952095809,-0.1844186046511629,0.11699999999999999
6c37e878-a375-45e6-b478-56ab1e80c4e6,2026-08-10 00:00:00+00:00,Team Over 1.5,Leagues Cup,1.44,WON,0.43999999999999995,0.068,0.7416666666666667,0.5813953488372093,0.6944444444444444,-0.16279069767441856,0.068
1e399b43-db89-4e8e-96f7-2fd3fff8ab88,2026-08-10 00:00:00+00:00,Moneyline,Leagues Cup,1.45,WON,0.44999999999999996,0.043,0.7193103448275862,0.5909090909090909,0.6896551724137931,-0.1431818181818182,0.043
7132ba8a-6d4f-42fb-96a1-390c4a1121bc,2026-08-10 00:00:00+00:00,Over 2.5,Leagues Cup,1.48,WON,0.48,0.045,0.706081081081081,0.6,0.6756756756756757,-0.11199999999999999,0.045
d5c8965a-bf29-4255-a8a1-ae3a477fab88,2026-08-10 17:00:00+00:00,BTTS,Allsvenskan,1.67,WON,0.6699999999999999,0.14400000000000002,0.6850299401197606,0.5,0.5988023952095809,-0.16500000000000004,0.14400000000000002
2b38429f-3baf-4ba1-931c-1e9368e8ed0a,2026-08-10 19:15:00+00:00,Under 2.5,Primeira Liga,1.67,LOST,-1.0,0.045,0.625748502994012,0.4264705882352941,0.5988023952095809,-0.28779411764705887,0.045
de201642-3cd0-4c11-be7c-4f9ae0996505,2026-08-11 16:00:00+00:00,Over 2.5,UEFA Champions League,1.44,WON,0.43999999999999995,0.032,0.7166666666666667,0.6086956521739131,0.6944444444444444,-0.12347826086956515,0.032
b101180a-16f1-4c1f-aad6-feeac1fa36f8,2026-08-11 16:00:00+00:00,Over 3.5,UEFA Champions League,2.1,WON,1.1,0.069,0.509047619047619,0.4,0.47619047619047616,-0.15999999999999992,0.069
dbef2fb4-8055-48fd-9e5a-6a4615ddd419,2026-08-12 00:30:00+00:00,Double Chance 1X,Leagues Cup,1.4,WON,0.3999999999999999,0.131,0.8078571428571429,0.7166666666666667,0.7142857142857143,0.0033333333333331883,0.131
d3027d65-f205-4611-ad66-c404510adaf3,2026-08-12 00:30:00+00:00,Moneyline,Leagues Cup,1.95,WON,0.95,0.149,0.5892307692307692,0.40540540540540543,0.5128205128205129,-0.20945945945945943,0.149
14fb4667-5feb-4895-adc6-7c7e131f29be,2026-08-12 01:30:00+00:00,Moneyline,Leagues Cup,1.67,WON,0.6699999999999999,0.035,0.6197604790419161,0.42028985507246375,0.5988023952095809,-0.2981159420289856,0.035
4557b3bd-e893-4404-8e53-bf33592bef8c,2026-08-12 02:00:00+00:00,Double Chance X2,Leagues Cup,2.0,LOST,-1.0,0.218,0.609,0.41379310344827586,0.5,-0.1724137931034483,0.218
b5a253fd-a3e0-45f7-a0c6-a49ed33147b5,2026-08-12 19:00:00+00:00,BTTS,UEFA Super Cup,1.8,WON,0.8,0.091,0.606111111111111,0.40707964601769914,0.5555555555555556,-0.2672566371681415,0.091
64d51d36-f28f-4d0e-aa4a-15878a864cb1,2026-08-12 19:00:00+00:00,Over 1.5,UEFA Super Cup,1.28,WON,0.28,0.025,0.8007812499999999,0.7213114754098361,0.78125,-0.07672131147540984,0.025
607da15e-2572-4cc9-be1f-993af5b557f3,2026-08-12 19:00:00+00:00,Over 2.5,UEFA Super Cup,1.91,WON,0.9099999999999999,0.10400000000000001,0.5780104712041886,0.40963855421686746,0.5235602094240838,-0.21759036144578314,0.10400000000000001
53a77bbb-444d-4cd6-ac80-a2c84c0caa0c,2026-08-12 22:00:00+00:00,BTTS,CONMEBOL Sudamericana,1.83,LOST,-1.0,0.09300000000000001,0.5972677595628415,0.41935483870967744,0.5464480874316939,-0.2325806451612903,0.09300000000000001
2af6222d-a077-463b-b5e1-3cffb5049498,2026-08-12 22:00:00+00:00,Over 1.5,CONMEBOL Sudamericana,1.33,LOST,-1.0,0.049,0.7887218045112782,0.7258064516129032,0.7518796992481203,-0.03467741935483859,0.049
f10f8332-70c0-4e95-84ed-27adba25d5d2,2026-08-12 22:00:00+00:00,Over 2.5,CONMEBOL Sudamericana,2.1,LOST,-1.0,0.182,0.5628571428571428,0.41379310344827586,0.47619047619047616,-0.13103448275862062,0.182
e1c462be-23d1-4162-9094-be2564750cb1,2026-08-12 23:30:00+00:00,Double Chance 1X,Leagues Cup,1.36,LOST,-1.0,0.11900000000000001,0.8227941176470588,0.7142857142857143,0.7352941176470588,-0.02857142857142847,0.11900000000000001
9a4abb5f-b031-4766-b3d9-46952e2a1f3e,2026-08-12 23:30:00+00:00,Team Over 1.5,Leagues Cup,1.5,WON,0.5,0.073,0.7153333333333333,0.6170212765957447,0.6666666666666666,-0.07446808510638303,0.073
c55087ca-6b6a-42f3-a7e4-16cf2ed3fea6,2026-08-12 23:30:00+00:00,Moneyline,Leagues Cup,1.91,LOST,-1.0,0.217,0.6371727748691101,0.42857142857142855,0.5235602094240838,-0.1814285714285715,0.217
f7fbd3fd-8d97-4a96-862a-1d532548339d,2026-08-12 23:30:00+00:00,Over 3.5,Leagues Cup,2.0,WON,1.0,0.057999999999999996,0.529,0.41025641025641024,0.5,-0.17948717948717952,0.057999999999999996
30d25cf8-e956-4d85-9953-076fb4b60abe,2026-08-13 00:00:00+00:00,Double Chance 1X,Leagues Cup,1.73,WON,0.73,0.10400000000000001,0.638150289017341,0.4225352112676056,0.5780346820809249,-0.26901408450704223,0.10400000000000001
54d5e7c0-8c71-4c5d-a460-8937c195e7c4,2026-08-13 02:00:00+00:00,BTTS,Leagues Cup,1.83,WON,0.8300000000000001,0.087,0.5939890710382513,0.4152542372881356,0.5464480874316939,-0.24008474576271188,0.087
d9ebac97-e022-40df-a357-e59fe821839e,2026-08-13 02:30:00+00:00,Over 2.5,Leagues Cup,1.65,WON,0.6499999999999999,0.043,0.6321212121212121,0.4305555555555556,0.6060606060606061,-0.2895833333333333,0.043
fe11697f-f6de-4f14-8cec-b2cebd7dc0af,2026-08-13 02:30:00+00:00,Team Over 1.5,Leagues Cup,2.38,LOST,-1.0,0.385,0.5819327731092437,0.4186046511627907,0.42016806722689076,-0.0037209302325581506,0.385
3f330741-38a2-4752-a5ef-0dd7e92b8d98,2026-08-13 02:30:00+00:00,Moneyline,Leagues Cup,3.1,LOST,-1.0,0.606,0.5180645161290321,0.41379310344827586,0.3225806451612903,0.2827586206896553,0.606
41a5bd32-83a0-46fb-a322-62863ba7d84d,2026-08-13 18:00:00+00:00,Team Over 1.5,Pro League,1.44,WON,0.43999999999999995,0.067,0.7409722222222223,0.625,0.6944444444444444,-0.10000000000000009,0.067
ee3aba5d-f34f-400a-b5e8-7196c05367c4,2026-08-13 18:00:00+00:00,BTTS,Pro League,1.57,LOST,-1.0,0.10400000000000001,0.7031847133757962,0.6326530612244898,0.6369426751592356,-0.006734693877550879,0.10400000000000001
fada2a45-5479-42b8-89c7-10dcef80615a,2026-08-13 18:00:00+00:00,Over 1.5,Pro League,1.14,WON,0.1399999999999999,0.037000000000000005,0.9096491228070176,0.75,0.8771929824561404,-0.14500000000000002,0.037000000000000005
21023b5c-50ea-414d-9769-80676fad0160,2026-08-13 18:00:00+00:00,Over 2.5,Pro League,1.5,WON,0.5,0.151,0.7673333333333333,0.703125,0.6666666666666666,0.0546875,0.151
6fd3f444-fa4c-41fd-b333-76b258d5d8aa,2026-08-13 18:00:00+00:00,Over 3.5,Pro League,2.2,WON,1.2000000000000002,0.265,0.575,0.4090909090909091,0.45454545454545453,-0.09999999999999987,0.265
a113c4e4-df81-448e-a941-c26f802563c4,2026-08-13 18:30:00+00:00,BTTS,UEFA Europa Conference League,1.91,WON,0.9099999999999999,0.11699999999999999,0.5848167539267016,0.4157303370786517,0.5235602094240838,-0.20595505617977528,0.11699999999999999
be6f2d2c-63c8-4b85-a417-736eed171fde,2026-08-13 18:45:00+00:00,BTTS,UEFA Europa League,1.62,WON,0.6200000000000001,0.038,0.6407407407407407,0.4383561643835616,0.6172839506172839,-0.2898630136986301,0.038
462dce5c-3e22-4b5d-bcc7-d1c40347331f,2026-08-13 23:00:00+00:00,Moneyline,Leagues Cup,1.45,LOST,-1.0,0.08199999999999999,0.7462068965517242,0.631578947368421,0.6896551724137931,-0.08421052631578951,0.08199999999999999
56af2e0b-338a-44ca-8160-0b4a02c2da40,2026-08-13 23:30:00+00:00,Moneyline,Leagues Cup,1.6,LOST,-1.0,0.086,0.67875,0.5111111111111111,0.625,-0.18222222222222229,0.086
af90598d-b626-46bb-bbdf-271673668fad,2026-08-13 23:30:00+00:00,Over 2.5,Leagues Cup,1.48,WON,0.48,0.098,0.741891891891892,0.6153846153846154,0.6756756756756757,-0.08923076923076922,0.098
6b8b5397-36b9-4a29-99a0-8fa363849d43,2026-08-13 23:30:00+00:00,Over 3.5,Leagues Cup,2.1,LOST,-1.0,0.153,0.549047619047619,0.4222222222222222,0.47619047619047616,-0.11333333333333329,0.153
78bd888b-f37c-424a-b6ee-3137ed1294a9,2026-08-14 01:00:00+00:00,BTTS,Leagues Cup,1.57,WON,0.5700000000000001,0.031,0.6566878980891719,0.44594594594594594,0.6369426751592356,-0.29986486486486486,0.031
5038cccb-71be-4eb4-92a6-54846c709f62,2026-08-14 01:00:00+00:00,Over 1.5,Leagues Cup,1.22,WON,0.21999999999999997,0.026000000000000002,0.8409836065573771,0.7076923076923077,0.819672131147541,-0.13661538461538458,0.026000000000000002
9c3189bb-9ab9-4824-9096-94f968dfb0ed,2026-08-14 01:00:00+00:00,Over 2.5,Leagues Cup,1.7,WON,0.7,0.083,0.6370588235294118,0.4533333333333333,0.5882352941176471,-0.2293333333333334,0.083
9f4e8ea9-8339-416b-acdf-fb5aa1429503,2026-08-14 02:30:00+00:00,Double Chance 1X,Leagues Cup,1.33,WON,0.33000000000000007,0.055999999999999994,0.793984962406015,0.7121212121212122,0.7518796992481203,-0.05287878787878775,0.055999999999999994
3dda8ec0-0066-4c7d-99be-9e4a8cd16f16,2026-08-14 02:30:00+00:00,Team Over 1.5,Leagues Cup,1.67,WON,0.6699999999999999,0.037000000000000005,0.6209580838323353,0.4605263157894737,0.5988023952095809,-0.23092105263157903,0.037000000000000005
e6040954-00ec-4e5a-a317-063f20e26ded,2026-08-14 02:30:00+00:00,Moneyline,Leagues Cup,1.91,WON,0.9099999999999999,0.11199999999999999,0.5821989528795812,0.4175824175824176,0.5235602094240838,-0.20241758241758245,0.11199999999999999
4b58aaf9-4422-457f-a00a-0fdb5beea6db,2026-08-14 16:30:00+00:00,Over 2.5,2. Bundesliga,1.75,WON,0.75,0.034,0.5908571428571429,0.42857142857142855,0.5714285714285714,-0.25,0.034
6b8790b5-2b72-4b5a-8cae-1312ed22022e,2026-08-14 17:00:00+00:00,BTTS,Allsvenskan,1.67,LOST,-1.0,0.077,0.6449101796407186,0.4675324675324675,0.5988023952095809,-0.21922077922077932,0.077
bc709359-6429-466d-84d6-7fb4e6002e65,2026-08-14 17:00:00+00:00,Team Over 1.5,Allsvenskan,1.8,WON,0.8,0.179,0.655,0.46153846153846156,0.5555555555555556,-0.16923076923076918,0.179
d5dea7ef-a65f-4cce-b25f-4b5b91c83212,2026-08-14 17:00:00+00:00,Moneyline,Allsvenskan,1.83,WON,0.8300000000000001,0.08,0.5901639344262295,0.4411764705882353,0.5464480874316939,-0.1926470588235294,0.08
c57d15ee-2909-4d8a-8edd-099a9d9fa874,2026-08-14 17:00:00+00:00,Over 1.5,Allsvenskan,1.22,WON,0.21999999999999997,0.054000000000000006,0.8639344262295082,0.7164179104477612,0.819672131147541,-0.1259701492537314,0.054000000000000006
23c8100a-c2b8-4d2a-95f6-4f00db8e07b7,2026-08-14 17:00:00+00:00,Over 2.5,Allsvenskan,1.73,WON,0.73,0.17300000000000001,0.6780346820809249,0.5,0.5780346820809249,-0.135,0.17300000000000001
13a65704-0160-447c-bc36-64a7811166f4,2026-08-14 17:00:00+00:00,Over 2.5,Eliteserien,1.48,WON,0.48,0.076,0.727027027027027,0.625,0.6756756756756757,-0.07499999999999996,0.076
807bb6f3-7cfd-4717-b2c9-3140b8021437,2026-08-14 17:00:00+00:00,Over 3.5,Eliteserien,2.1,LOST,-1.0,0.10300000000000001,0.5252380952380952,0.42105263157894735,0.47619047619047616,-0.11578947368421055,0.10300000000000001
c59dc7f3-2044-4f8b-9ced-bc7b5f07b115,2026-08-14 17:00:00+00:00,Team Over 1.5,Eliteserien,1.83,LOST,-1.0,0.061,0.5797814207650273,0.4155844155844156,0.5464480874316939,-0.2394805194805194,0.061
483c214a-173a-4a3d-a336-eab9943c3421,2026-08-14 17:00:00+00:00,BTTS,Superliga,1.57,WON,0.5700000000000001,0.035,0.6592356687898089,0.46835443037974683,0.6369426751592356,-0.2646835443037975,0.035
60fcf48e-a022-4c79-9489-60284e786754,2026-08-14 17:00:00+00:00,Double Chance X2,Superliga,1.8,LOST,-1.0,0.071,0.595,0.45714285714285713,0.5555555555555556,-0.17714285714285716,0.071
37241381-80c1-4b86-852f-e95b2d2b98d9,2026-08-14 17:00:00+00:00,Over 2.5,Superliga,1.67,WON,0.6699999999999999,0.065,0.6377245508982036,0.475,0.5988023952095809,-0.2067500000000001,0.065
a152ec22-84de-4a2f-bce6-915107434a6d,2026-08-14 18:00:00+00:00,Team Over 1.5,Pro League,1.8,LOST,-1.0,0.044000000000000004,0.58,0.41025641025641024,0.5555555555555556,-0.2615384615384615,0.044000000000000004
538cba05-0cbc-4b34-b4a7-b836ed315b4e,2026-08-14 18:00:00+00:00,Moneyline,Eerste Divisie,1.83,LOST,-1.0,0.036000000000000004,0.566120218579235,0.4050632911392405,0.5464480874316939,-0.2587341772151899,0.036000000000000004
6f5ee23c-ef6d-4964-b363-5c3eec6eca19,2026-08-14 18:00:00+00:00,Over 2.5,Eerste Divisie,1.5,WON,0.5,0.05,0.7000000000000001,0.5833333333333334,0.6666666666666666,-0.125,0.05
0a5324af-ba97-41c3-9c77-0f4427ce06fe,2026-08-14 18:00:00+00:00,Over 2.5,Eredivisie,1.57,WON,0.5700000000000001,0.039,0.6617834394904458,0.48148148148148145,0.6369426751592356,-0.2440740740740741,0.039
1cf1fe4f-ef88-4f0f-8e24-a14895880a1f,2026-08-14 18:00:00+00:00,Team Over 1.5,Eredivisie,1.83,LOST,-1.0,0.087,0.5939890710382513,0.4444444444444444,0.5464480874316939,-0.18666666666666665,0.087
fc5f83f6-950d-4964-8e3f-eb6422ed43e4,2026-08-14 18:00:00+00:00,Moneyline,Eredivisie,2.25,LOST,-1.0,0.139,0.5062222222222222,0.4,0.4444444444444444,-0.09999999999999998,0.139
2d91d33a-461d-4700-acbe-818b1642f99d,2026-08-14 19:15:00+00:00,Moneyline,Primeira Liga,1.25,WON,0.25,0.026000000000000002,0.8208,0.7205882352941176,0.8,-0.09926470588235292,0.026000000000000002
a6fef11d-5014-40ea-bd53-756eb298d86a,2026-08-15 11:00:00+00:00,Double Chance X2,2. Bundesliga,1.67,LOST,-1.0,0.055,0.6317365269461078,0.4878048780487805,0.5988023952095809,-0.18536585365853664,0.055
ea6e2601-d3de-40f2-a4dd-52e133f3b3c7,2026-08-15 11:30:00+00:00,Double Chance X2,Championship,1.67,LOST,-1.0,0.052000000000000005,0.6299401197604791,0.4819277108433735,0.5988023952095809,-0.1951807228915663,0.052000000000000005
3fa92c60-df06-415d-8a9c-088d0163083b,2026-08-15 13:00:00+00:00,BTTS,Allsvenskan,1.57,WON,0.5700000000000001,0.036000000000000004,0.6598726114649681,0.47619047619047616,0.6369426751592356,-0.2523809523809524,0.036000000000000004
2e69e520-0359-4418-9200-bdc56789dea2,2026-08-15 13:00:00+00:00,Over 2.5,Allsvenskan,1.67,WON,0.6699999999999999,0.07200000000000001,0.6419161676646707,0.4823529411764706,0.5988023952095809,-0.19447058823529417,0.07200000000000001
43c0c357-247e-47cb-9e6f-397583c40ace,2026-08-15 14:30:00+00:00,BTTS,Eerste Divisie,1.8,LOST,-1.0,0.048,0.5822222222222222,0.4339622641509434,0.5555555555555556,-0.21886792452830184,0.048
63b1c7ed-9cda-4ecb-a77d-bf993873eee4,2026-08-15 15:00:00+00:00,BTTS,Bundesliga,1.75,WON,0.75,0.057,0.604,0.43243243243243246,0.5714285714285714,-0.2432432432432432,0.057
21e81117-258a-4525-9b66-2855b7b95877,2026-08-15 15:00:00+00:00,Over 2.5,Bundesliga,1.95,WON,0.95,0.111,0.5697435897435897,0.3950617283950617,0.5128205128205129,-0.22962962962962974,0.111
973d48df-bce4-4117-8c6a-d78936a9ac65,2026-08-15 16:45:00+00:00,BTTS,League Cup,1.8,LOST,-1.0,0.102,0.6122222222222222,0.4883720930232558,0.5555555555555556,-0.1209302325581395,0.102
4563946e-4cd8-4e77-b1be-cb2938de3c46,2026-08-15 16:45:00+00:00,Over 2.5,League Cup,1.73,WON,0.73,0.076,0.6219653179190752,0.4880952380952381,0.5780346820809249,-0.15559523809523812,0.076
f3604e55-2b12-48cc-8bb3-22971f74d885,2026-08-15 16:45:00+00:00,Double Chance 1X,Eredivisie,1.53,LOST,-1.0,0.08199999999999999,0.7071895424836602,0.6341463414634146,0.6535947712418301,-0.029756097560975525,0.08199999999999999
7e028951-acb9-4900-8e02-85d9ca106025,2026-08-15 16:45:00+00:00,Moneyline,Eredivisie,2.75,LOST,-1.0,0.251,0.4549090909090909,0.4024390243902439,0.36363636363636365,0.10670731707317072,0.251
9ae4b184-31ef-45c3-a212-7522fec7324c,2026-08-15 18:30:00+00:00,BTTS,Süper Lig,1.91,WON,0.9099999999999999,0.09300000000000001,0.5722513089005236,0.39759036144578314,0.5235602094240838,-0.24060240963855428,0.09300000000000001
e0d33136-f276-43ab-ac07-10034bef7baa,2026-08-15 18:30:00+00:00,Team Over 1.5,2. Bundesliga,1.67,LOST,-1.0,0.08,0.6467065868263474,0.49411764705882355,0.5988023952095809,-0.1748235294117647,0.08
4eec9016-28ac-4281-a66d-db067175fa81,2026-08-15 18:30:00+00:00,Moneyline,2. Bundesliga,1.85,LOST,-1.0,0.09,0.5891891891891892,0.43902439024390244,0.5405405405405405,-0.18780487804878043,0.09
c4c00709-caa3-4e2e-be45-037cc4ee6d8e,2026-08-15 19:00:00+00:00,Over 2.5,Eredivisie,1.5,WON,0.5,0.032,0.6880000000000001,0.5106382978723404,0.6666666666666666,-0.23404255319148937,0.032
572caac5-1ed7-4b23-bf3c-149da025acee,2026-08-15 19:30:00+00:00,BTTS,Serie A,1.91,WON,0.9099999999999999,0.10800000000000001,0.5801047120418849,0.4090909090909091,0.5235602094240838,-0.21863636363636363,0.10800000000000001
61b4b516-bd51-4ec9-ba7c-f3517bb46f64,2026-08-15 19:30:00+00:00,Moneyline,Serie A,2.8,WON,1.7999999999999998,0.249,0.4460714285714286,0.3471814923427831,0.35714285714285715,-0.0278918214402073,0.249
5bf2bd5c-6775-4bc9-bedc-4b4251f9c554,2026-08-15 19:30:00+00:00,Over 1.5,Serie A,1.4,WON,0.3999999999999999,0.086,0.7757142857142858,0.7246376811594203,0.7142857142857143,0.014492753623188248,0.086
aa792fbc-4141-4a9a-9206-1b9722260ff7,2026-08-15 19:30:00+00:00,Over 2.5,Serie A,2.25,WON,1.25,0.22399999999999998,0.544,0.4126984126984127,0.4444444444444444,-0.07142857142857151,0.22399999999999998
5ab078a3-9a97-47b8-aaf3-f245027b587b,2026-08-15 21:30:00+00:00,BTTS,Serie A,1.95,WON,0.95,0.09,0.558974358974359,0.421875,0.5128205128205129,-0.17734375000000002,0.09
2fb20d82-0c79-4536-82ff-2fd300635835,2026-08-15 21:30:00+00:00,Over 1.5,Serie A,1.36,WON,0.3600000000000001,0.061,0.7801470588235293,0.7285714285714285,0.7352941176470588,-0.00914285714285712,0.061
e3171b23-0abf-4109-bee8-e92fda04beb9,2026-08-15 21:30:00+00:00,Over 2.5,Serie A,2.15,LOST,-1.0,0.17800000000000002,0.5479069767441861,0.42857142857142855,0.46511627906976744,-0.07857142857142863,0.17800000000000002
7f075a2c-c68b-4677-a057-fbb86fe3b029,2026-08-15 21:30:00+00:00,Moneyline,Serie A,2.0,LOST,-1.0,0.064,0.532,0.42424242424242425,0.5,-0.1515151515151515,0.064
22c502a8-403f-4470-a021-615c2a9ade6e,2026-08-15 23:30:00+00:00,BTTS,Major League Soccer,1.57,WON,0.5700000000000001,0.039,0.6617834394904458,0.4883720930232558,0.6369426751592356,-0.23325581395348838,0.039
39454e89-bc45-4d16-b491-c006005dbfcb,2026-08-15 23:30:00+00:00,Team Over 1.5,Major League Soccer,1.91,WON,0.9099999999999999,0.157,0.605759162303665,0.42857142857142855,0.5235602094240838,-0.1814285714285715,0.157
bf07ebaf-7f1a-4b7b-93d3-d62260b025f1,2026-08-15 23:30:00+00:00,Moneyline,Major League Soccer,2.25,WON,1.25,0.165,0.5177777777777778,0.417910447761194,0.4444444444444444,-0.059701492537313494,0.165
4dd667a0-c425-4076-a377-47aca992100e,2026-08-15 23:30:00+00:00,Over 1.5,Major League Soccer,1.2,WON,0.19999999999999996,0.027000000000000003,0.8558333333333333,0.7323943661971831,0.8333333333333334,-0.12112676056338023,0.027000000000000003
c8b86eab-6462-4984-b4b0-9062076e9b00,2026-08-15 23:30:00+00:00,Over 2.5,Major League Soccer,1.67,WON,0.6699999999999999,0.11599999999999999,0.6682634730538923,0.5135135135135135,0.5988023952095809,-0.14243243243243253,0.11599999999999999
10e9ef2d-65c5-4f07-a456-7d29a42c5c7f,2026-08-15 23:30:00+00:00,BTTS,Major League Soccer,1.57,WON,0.5700000000000001,0.09300000000000001,0.6961783439490445,0.6086956521739131,0.6369426751592356,-0.04434782608695642,0.09300000000000001
b9c751a6-452e-4e7e-b2bf-c18a59df6bbf,2026-08-15 23:30:00+00:00,Over 1.5,Major League Soccer,1.2,WON,0.19999999999999996,0.051,0.8758333333333334,0.7361111111111112,0.8333333333333334,-0.11666666666666659,0.051
4a6aa5de-9d93-465f-9c95-5424a7474a63,2026-08-15 23:30:00+00:00,Over 2.5,Major League Soccer,1.7,WON,0.7,0.18100000000000002,0.6947058823529412,0.6194930069930085,0.5882352941176471,0.05313811188811446,0.18100000000000002
cf005933-b326-4242-976f-945329dffa1a,2026-08-15 23:30:00+00:00,Team Over 1.5,Major League Soccer,1.83,WON,0.8300000000000001,0.083,0.5918032786885246,0.44,0.5464480874316939,-0.19479999999999997,0.083
51fc8e54-856c-464f-8a93-ffc9ee2d9259,2026-08-16 00:30:00+00:00,BTTS,Major League Soccer,1.57,LOST,-1.0,0.057999999999999996,0.6738853503184713,0.5263157894736842,0.6369426751592356,-0.17368421052631577,0.057999999999999996
fcc0e27e-00ff-4b0c-917c-8679cfe17211,2026-08-16 00:30:00+00:00,Double Chance X2,Major League Soccer,2.05,LOST,-1.0,0.263,0.6160975609756097,0.49206349206349204,0.48780487804878053,0.008730158730158477,0.263
d228a764-0796-4f4b-a6ca-4543c7ad262e,2026-08-16 00:30:00+00:00,Over 2.5,Major League Soccer,1.6,LOST,-1.0,0.053,0.658125,0.5,0.625,-0.19999999999999996,0.053
655f9b85-6344-4049-a4ef-dd9c91a20f6a,2026-08-16 00:30:00+00:00,BTTS,Major League Soccer,1.4,WON,0.3999999999999999,0.049,0.7492857142857143,0.631578947368421,0.7142857142857143,-0.11578947368421066,0.049
f9362940-4a1f-49f8-9232-09b4a2199501,2026-08-16 00:30:00+00:00,Team Over 1.5,Major League Soccer,2.0,LOST,-1.0,0.138,0.569,0.42592592592592593,0.5,-0.14814814814814814,0.138
1fb68710-89fc-4659-934c-0058ea7ffc91,2026-08-16 00:30:00+00:00,Team Over 1.5,Major League Soccer,1.73,WON,0.73,0.057,0.6109826589595375,0.4489795918367347,0.5780346820809249,-0.223265306122449,0.057
2aedffeb-c796-4d3a-ad96-95348b53efc2,2026-08-16 00:30:00+00:00,Over 2.5,Major League Soccer,1.48,WON,0.48,0.12,0.7567567567567568,0.7397260273972602,0.6756756756756757,0.09479452054794524,0.12
87267eae-cfee-4970-a1dc-9e1f31562e54,2026-08-16 00:30:00+00:00,Over 3.5,Major League Soccer,2.1,WON,1.1,0.184,0.5638095238095238,0.42201834862385323,0.47619047619047616,-0.11376146788990815,0.184
b46099ea-6659-4931-a6ac-9734dd023d3d,2026-08-16 01:10:00+00:00,BTTS,Liga MX,1.62,WON,0.6200000000000001,0.034,0.6382716049382716,0.4880952380952381,0.6172839506172839,-0.2092857142857143,0.034
b22f9b94-4aca-4eaa-a68c-22ea3700504c,2026-08-16 01:30:00+00:00,BTTS,Major League Soccer,1.57,WON,0.5700000000000001,0.035,0.6592356687898089,0.49411764705882355,0.6369426751592356,-0.22423529411764698,0.035
6da3e441-0787-49db-8034-95ba8ff7b09e,2026-08-16 01:30:00+00:00,Over 2.5,Major League Soccer,1.6,LOST,-1.0,0.04,0.65,0.5,0.625,-0.19999999999999996,0.04
ddb353da-3fab-44b7-a3b6-fed480bd12a1,2026-08-16 03:10:00+00:00,Double Chance 1X,Liga MX,1.67,WON,0.6699999999999999,0.039,0.6221556886227545,0.4918032786885246,0.5988023952095809,-0.17868852459016393,0.039
dd60409d-b47e-47b3-b0e8-863a0f23d9e7,2026-08-16 11:30:00+00:00,Over 2.5,2. Bundesliga,1.62,LOST,-1.0,0.061,0.6549382716049382,0.5000000000000001,0.6172839506172839,-0.18999999999999972,0.061
81cc0058-cdcd-4560-854e-83a5cb3a6ec1,2026-08-16 12:00:00+00:00,BTTS,Allsvenskan,1.7,LOST,-1.0,0.105,0.65,0.4927536231884059,0.5882352941176471,-0.16231884057971002,0.105
8c11d42b-f7ca-40d0-9f90-91097723e15e,2026-08-16 12:00:00+00:00,Over 1.5,Allsvenskan,1.25,WON,0.25,0.045,0.836,0.7432432432432432,0.8,-0.07094594594594605,0.045
b283d359-a4ed-45af-8836-0cbcf5aee456,2026-08-16 12:00:00+00:00,Over 2.5,Allsvenskan,1.85,WON,0.8500000000000001,0.162,0.628108108108108,0.4857142857142857,0.5405405405405405,-0.10142857142857142,0.162
6c572336-4726-48a3-900c-568c57b9ae45,2026-08-16 12:00:00+00:00,BTTS,Allsvenskan,1.62,WON,0.6200000000000001,0.21,0.7469135802469135,0.6379310344827587,0.6172839506172839,0.03344827586206911,0.21
bfc7a39f-e416-417e-a1a0-8dd078be0534,2026-08-16 12:00:00+00:00,Over 1.5,Allsvenskan,1.14,WON,0.1399999999999999,0.044000000000000004,0.9157894736842106,0.8,0.8771929824561404,-0.08800000000000008,0.044000000000000004
08b236be-981c-4984-818e-7b206424d412,2026-08-16 12:00:00+00:00,Over 2.5,Allsvenskan,1.5,WON,0.5,0.171,0.7806666666666667,0.7466666666666667,0.6666666666666666,0.1200000000000001,0.171
3d6b6707-9816-40c7-b77c-6be6c6bfb2ac,2026-08-16 12:00:00+00:00,Over 3.5,Allsvenskan,2.25,WON,1.25,0.337,0.5942222222222222,0.46,0.4444444444444444,0.03500000000000014,0.337
ded0d783-6b32-4e0d-a1b3-97e1411e0c3b,2026-08-16 12:00:00+00:00,BTTS,Superliga,1.95,WON,0.95,0.092,0.56,0.42727272727272725,0.5128205128205129,-0.16681818181818187,0.092
ffb0f85b-4b55-47e9-a8f2-5c85a8f298ea,2026-08-16 12:00:00+00:00,Over 1.5,Superliga,1.33,WON,0.33000000000000007,0.047,0.7872180451127818,0.75,0.7518796992481203,-0.0024999999999999467,0.047
2ba094fe-e1b9-414c-91b9-ebe2264cc3b8,2026-08-16 12:00:00+00:00,Over 2.5,Superliga,2.05,WON,1.0499999999999998,0.12300000000000001,0.5478048780487805,0.43243243243243246,0.48780487804878053,-0.11351351351351358,0.12300000000000001
1a9d18bc-569a-4ab1-8e71-b8d382525751,2026-08-16 12:30:00+00:00,Moneyline,Eliteserien,2.6,LOST,-1.0,0.128,0.4338461538461539,0.3333333333333333,0.3846153846153846,-0.1333333333333333,0.128
2f4fd60e-0435-420a-af6f-b6ca8d0d271c,2026-08-16 12:30:00+00:00,BTTS,Eredivisie,1.75,WON,0.75,0.034,0.5908571428571429,0.47058823529411764,0.5714285714285714,-0.17647058823529416,0.034
70161025-ace3-408d-9977-0704afe2c593,2026-08-16 14:00:00+00:00,BTTS,Serie A,1.75,WON,0.75,0.038,0.5931428571428572,0.4807692307692308,0.5714285714285714,-0.15865384615384615,0.038
86b10810-8934-4efd-b721-7e8e1cc5666b,2026-08-16 14:00:00+00:00,Double Chance 1X,Serie A,1.8,WON,0.8,0.062,0.59,0.49056603773584906,0.5555555555555556,-0.11698113207547167,0.062
80692ec6-776b-4156-9dbf-46236aadf15c,2026-08-16 14:00:00+00:00,Over 2.5,Serie A,1.95,WON,0.95,0.08,0.5538461538461539,0.4375,0.5128205128205129,-0.14687499999999998,0.08
e8873ea9-e393-4569-a3fa-8c83f5dcf783,2026-08-16 14:00:00+00:00,BTTS,Superliga,1.53,WON,0.53,0.076,0.7032679738562092,0.64,0.6535947712418301,-0.02079999999999993,0.076
000fa57e-0b7b-41dd-bc0e-ac198f3ab98e,2026-08-16 14:00:00+00:00,Team Over 1.5,Superliga,1.62,LOST,-1.0,0.051,0.6487654320987654,0.496,0.6172839506172839,-0.19648,0.051
732d740c-e85e-4749-b986-b4e6a98a4296,2026-08-16 14:00:00+00:00,Over 1.5,Superliga,1.17,WON,0.16999999999999993,0.039,0.888034188034188,0.7530864197530864,0.8547008547008548,-0.11888888888888893,0.039
fbc1a28c-58db-4b08-a7ac-84806135a420,2026-08-16 14:00:00+00:00,Over 2.5,Superliga,1.53,LOST,-1.0,0.10300000000000001,0.7209150326797386,0.65,0.6535947712418301,-0.005499999999999949,0.10300000000000001
368ee646-d60e-4d10-93f4-fe80d6fff118,2026-08-16 14:00:00+00:00,Over 3.5,Superliga,2.25,LOST,-1.0,0.172,0.5208888888888888,0.4424778761061947,0.4444444444444444,-0.004424778761061843,0.172
073ee4cc-52f7-4981-ad04-3f63d7bd7426,2026-08-16 14:30:00+00:00,Moneyline,Allsvenskan,2.2,LOST,-1.0,0.055999999999999994,0.48,0.43859649122807015,0.45454545454545453,-0.03508771929824561,0.055999999999999994
9ffe154d-a3e6-4091-9f70-4bf7e99583d2,2026-08-16 14:30:00+00:00,Double Chance 1X,Allsvenskan,1.95,LOST,-1.0,0.33399999999999996,0.6841025641025642,0.5454545454545454,0.5128205128205129,0.06363636363636349,0.33399999999999996
1f69fb8a-49f3-44d2-b987-4f301c4692f6,2026-08-16 14:30:00+00:00,Moneyline,Allsvenskan,4.1,LOST,-1.0,0.742,0.42487804878048785,0.2568677792041085,0.24390243902439027,0.05315789473684496,0.742
909be3b3-35ed-41ed-b993-b363b679b5bb,2026-08-16 15:00:00+00:00,Double Chance 1X,Eliteserien,1.36,WON,0.3600000000000001,0.07400000000000001,0.7897058823529411,0.7532467532467533,0.7352941176470588,0.024415584415584446,0.07400000000000001
94bc6a0e-cc61-4dd0-9e56-d988ffdd8743,2026-08-16 15:00:00+00:00,Team Over 1.5,Eliteserien,1.91,WON,0.9099999999999999,0.196,0.6261780104712041,0.49206349206349204,0.5235602094240838,-0.0601587301587303,0.196
ba1ff4d2-4966-4deb-8fdf-bc91554bb610,2026-08-16 15:00:00+00:00,Moneyline,Eliteserien,2.25,WON,1.25,0.287,0.572,0.43478260869565216,0.4444444444444444,-0.021739130434782594,0.287
92c117df-2dd6-4f01-90a6-ba2b3e8f3c23,2026-08-16 15:00:00+00:00,Over 1.5,Eliteserien,1.2,WON,0.19999999999999996,0.026000000000000002,0.8550000000000001,0.7564102564102564,0.8333333333333334,-0.09230769230769242,0.026000000000000002
2f91bec4-740c-4a29-8cb4-12357ffa9810,2026-08-16 15:00:00+00:00,Over 2.5,Eliteserien,1.67,WON,0.6699999999999999,0.085,0.6497005988023952,0.49606299212598426,0.5988023952095809,-0.17157480314960627,0.085
285efe6c-0300-46e8-b7ab-cc53e1365cec,2026-08-16 15:00:00+00:00,BTTS,League Cup,1.8,WON,0.8,0.044000000000000004,0.58,0.4426229508196721,0.5555555555555556,-0.2032786885245902,0.044000000000000004
edfd0f53-96b2-421a-802f-eac3d325c6b3,2026-08-16 15:00:00+00:00,Team Over 1.5,Eliteserien,1.62,LOST,-1.0,0.032,0.637037037037037,0.5,0.6172839506172839,-0.18999999999999995,0.032
2ad2207f-f84c-453f-8a9d-cb6f365cc298,2026-08-16 17:00:00+00:00,BTTS,Primeira Liga,1.95,LOST,-1.0,0.043,0.5348717948717948,0.43636363636363634,0.5128205128205129,-0.14909090909090916,0.043
35a0e343-a35d-40b8-900a-2060521f89ce,2026-08-16 17:00:00+00:00,BTTS,La Liga,1.95,LOST,-1.0,0.049,0.5379487179487179,0.42857142857142855,0.5128205128205129,-0.16428571428571437,0.049
0c86e058-5b35-4cec-8e18-a53f91c7b7fe,2026-08-16 18:45:00+00:00,Over 2.5,Trophée des Champions,1.73,LOST,-1.0,0.038,0.6,0.49612403100775193,0.5780346820809249,-0.14170542635658911,0.038
d0d00fa5-ea90-44be-86b7-26fd93fb5661,2026-08-16 19:00:00+00:00,Under 2.5,Serie A,1.8,LOST,-1.0,0.078,0.5988888888888889,0.490909090909091,0.5555555555555556,-0.11636363636363611,0.078
2332ae34-5075-486e-8053-85c602cf9a6e,2026-08-16 21:30:00+00:00,BTTS,Serie A,1.8,WON,0.8,0.044000000000000004,0.58,0.45161290322580644,0.5555555555555556,-0.18709677419354842,0.044000000000000004
88b51788-eef4-4f5f-b9c8-4714ef77a99c,2026-08-16 21:30:00+00:00,Over 2.5,Serie A,2.0,WON,1.0,0.08800000000000001,0.544,0.42105263157894735,0.5,-0.1578947368421053,0.08800000000000001
e5787158-4bce-4327-9c51-3fe21ed0fe42,2026-08-16 21:30:00+00:00,Double Chance 1X,Serie A,1.36,WON,0.3600000000000001,0.057,0.7772058823529411,0.759493670886076,0.7352941176470588,0.032911392405063467,0.057
4cc5e49a-df8a-4b51-9caf-e3e9bac683f4,2026-08-16 21:30:00+00:00,Over 2.5,Serie A,2.0,LOST,-1.0,0.09,0.545,0.45454545454545453,0.5,-0.09090909090909094,0.09
3d6a989e-4ee0-4b34-b52d-6dfebc0d99cb,2026-08-16 21:30:00+00:00,Moneyline,Serie A,2.35,WON,1.35,0.253,0.5331914893617021,0.423728813559322,0.425531914893617,-0.004237288135593209,0.253
ad00fa4c-c127-4829-8e15-f9eca22f922f,2026-08-17 00:30:00+00:00,Moneyline,Major League Soccer,3.0,LOST,-1.0,0.40700000000000003,0.46900000000000003,0.43333333333333335,0.3333333333333333,0.30000000000000004,0.40700000000000003
930e13c1-57db-4fa2-829d-13af09cd6a81,2026-08-17 00:30:00+00:00,Double Chance 1X,Major League Soccer,1.57,LOST,-1.0,0.185,0.7547770700636943,0.7625,0.6369426751592356,0.197125,0.185
587952f1-1255-4da0-9073-778814e6d852,2026-08-17 00:30:00+00:00,Under 2.5,Major League Soccer,2.15,LOST,-1.0,0.268,0.5897674418604651,0.48214285714285715,0.46511627906976744,0.03660714285714284,0.268
f83a2da8-3406-42d5-8261-485d0829678c,2026-08-17 01:10:00+00:00,Draw,Liga MX,4.5,LOST,-1.0,0.20199999999999999,0.2671111111111111,0.2222222222222222,0.2222222222222222,0.0,0.20199999999999999
718868a8-03ce-40c6-9895-03e7667c34c2,2026-08-17 02:30:00+00:00,Double Chance 1X,Major League Soccer,1.91,LOST,-1.0,0.249,0.6539267015706807,0.49333333333333335,0.5235602094240838,-0.0577333333333333,0.249
0f62a49b-aabf-437c-ab2b-ef1bf85875b5,2026-08-17 03:00:00+00:00,Double Chance 1X,Liga MX,1.67,WON,0.6699999999999999,0.085,0.6497005988023952,0.4868421052631579,0.5988023952095809,-0.1869736842105263,0.085
e88d0b1a-d8b3-4094-a7d4-062a7b62e26b,2026-08-17 17:00:00+00:00,BTTS,Allsvenskan,1.7,LOST,-1.0,0.045,0.6147058823529411,0.47368421052631576,0.5882352941176471,-0.1947368421052632,0.045
955bfc27-0193-4104-89a2-085ca95f5a13,2026-08-17 18:00:00+00:00,Team Over 1.5,Eerste Divisie,1.44,WON,0.43999999999999995,0.047,0.7270833333333333,0.639344262295082,0.6944444444444444,-0.07934426229508196,0.047
d97d314c-bc3b-442f-91c4-07ea8d19f46a,2026-08-17 18:00:00+00:00,Over 2.5,Eerste Divisie,1.33,WON,0.33000000000000007,0.059000000000000004,0.7962406015037593,0.7580645161290323,0.7518796992481203,0.008225806451612971,0.059000000000000004
f2b429f6-1090-4f68-9cfd-f475d8efb366,2026-08-17 18:00:00+00:00,Over 3.5,Eerste Divisie,1.8,WON,0.8,0.102,0.6122222222222222,0.46551724137931033,0.5555555555555556,-0.16206896551724137,0.102
28354328-160f-4bdc-b4f9-99fa00629c1b,2026-08-17 23:00:00+00:00,Moneyline,Serie A,1.6,LOST,-1.0,0.067,0.6668749999999999,0.5098039215686274,0.625,-0.1843137254901961,0.067
7c9ebe71-02c2-4010-88b3-4c13b9816ac8,2026-08-18 01:00:00+00:00,Double Chance 1X,Liga MX,1.4,LOST,-1.0,0.068,0.7628571428571429,0.7368421052631579,0.7142857142857143,0.03157894736842093,0.068
2358c64f-5965-4142-9a81-f0b83002d23c,2026-08-18 01:00:00+00:00,Moneyline,Liga MX,2.35,LOST,-1.0,0.213,0.5161702127659574,0.4262295081967213,0.425531914893617,0.0016393442622950616,0.213
8bb5ff06-221a-4400-bb51-845a772092d4,2026-08-19 19:00:00+00:00,BTTS,UEFA Champions League,1.83,LOST,-1.0,0.096,0.5989071038251367,0.4745762711864407,0.5464480874316939,-0.13152542372881348,0.096
a818e2d1-c8ac-4a72-80e4-df535f5fc2fa,2026-08-19 19:00:00+00:00,Over 2.5,UEFA Champions League,1.75,WON,0.75,0.039,0.5937142857142856,0.4666666666666667,0.5714285714285714,-0.18333333333333335,0.039
e04ec507-2b9c-49cc-8b3e-b437012f2208,2026-08-19 19:00:00+00:00,BTTS,UEFA Champions League,1.4,WON,0.3999999999999999,0.12,0.8000000000000002,0.7619047619047619,0.7142857142857143,0.06666666666666643,0.12
3c61e2dc-ac9b-4945-bf79-37677773997f,2026-08-19 19:00:00+00:00,Team Over 1.5,UEFA Champions League,1.83,WON,0.8300000000000001,0.162,0.6349726775956284,0.4935064935064935,0.5464480874316939,-0.0968831168831169,0.162
f4c4e977-9213-44c7-81f0-ab89973f5a82,2026-08-19 19:00:00+00:00,Team Over 1.5,UEFA Champions League,1.83,LOST,-1.0,0.222,0.66775956284153,0.5,0.5464480874316939,-0.08499999999999996,0.222
b760a284-7168-41c3-96a4-8987aed15bda,2026-08-19 19:00:00+00:00,Over 1.5,UEFA Champions League,1.12,WON,0.1200000000000001,0.054000000000000006,0.9410714285714286,0.999999,0.8928571428571428,0.11999888000000003,0.054000000000000006
e50ed22c-9b75-4d33-b9f7-960f5cfb6075,2026-08-19 19:00:00+00:00,Over 2.5,UEFA Champions League,1.44,WON,0.43999999999999995,0.182,0.8208333333333333,0.765625,0.6944444444444444,0.10250000000000004,0.182
015058cb-7574-450f-b2c3-017047c28667,2026-08-19 19:00:00+00:00,Over 3.5,UEFA Champions League,2.1,WON,1.1,0.376,0.6552380952380952,0.49640287769784175,0.47619047619047616,0.04244604316546763,0.376
bff8deb5-eec4-4735-858e-5747eea01e5f,2026-08-19 22:00:00+00:00,Moneyline,CONMEBOL Sudamericana,2.15,LOST,-1.0,0.051,0.48883720930232555,0.4186046511627907,0.46511627906976744,-0.09999999999999998,0.051
7e6963d7-37ea-4652-9fa4-40487272ec06,2026-08-19 22:00:00+00:00,BTTS,CONMEBOL Sudamericana,1.91,WON,0.9099999999999999,0.177,0.6162303664921467,0.4783135632393124,0.5235602094240838,-0.08642109421291333,0.177
4442a656-8fe1-42de-bcd0-c8cfbcdeb458,2026-08-19 22:00:00+00:00,Over 1.5,CONMEBOL Sudamericana,1.4,WON,0.3999999999999999,0.149,0.8207142857142857,0.7692307692307693,0.7142857142857143,0.07692307692307687,0.149
704896a8-365b-4a96-b4df-3f0aa5f228bf,2026-08-19 22:00:00+00:00,Over 2.5,CONMEBOL Sudamericana,2.2,WON,1.2000000000000002,0.32,0.6,0.47540983606557374,0.45454545454545453,0.04590163934426239,0.32
81b4552c-c1b4-447e-826a-0cc6aba087ba,2026-08-19 23:30:00+00:00,BTTS,Major League Soccer,1.62,WON,0.6200000000000001,0.102,0.6802469135802469,0.5032679738562092,0.6172839506172839,-0.18470588235294094,0.102
7f3367b1-e34d-43b4-ba94-e5cf5fef14ef,2026-08-19 23:30:00+00:00,Over 1.5,Major League Soccer,1.17,WON,0.16999999999999993,0.027999999999999997,0.8786324786324787,0.7792418108207588,0.8547008547008548,-0.08828708133971219,0.027999999999999997
57edb9d7-5676-4f57-aefe-8f4dec470ccc,2026-08-19 23:30:00+00:00,Over 2.5,Major League Soccer,1.57,WON,0.5700000000000001,0.096,0.6980891719745224,0.6451612903225806,0.6369426751592356,0.012903225806451646,0.096
752f4f04-236d-429c-a379-c4ca0302a933,2026-08-19 23:30:00+00:00,BTTS,Major League Soccer,1.62,LOST,-1.0,0.126,0.6950617283950616,0.6507936507936508,0.6172839506172839,0.05428571428571449,0.126
75f512da-67d4-44e5-a9a2-5da1a434a17e,2026-08-19 23:30:00+00:00,Over 1.5,Major League Soccer,1.22,WON,0.21999999999999997,0.057999999999999996,0.8672131147540985,0.7727272727272727,0.819672131147541,-0.057272727272727364,0.057999999999999996
9c84c8eb-455f-4bc6-9959-281c60756787,2026-08-19 23:30:00+00:00,Over 2.5,Major League Soccer,1.75,WON,0.75,0.19899999999999998,0.6851428571428572,0.5066666666666667,0.5714285714285714,-0.11333333333333329,0.19899999999999998
c5773e3a-950a-4194-95a3-ededf5b0a222,2026-08-19 23:30:00+00:00,Double Chance 1X,Major League Soccer,1.62,LOST,-1.0,0.053,0.6499999999999999,0.5063291139240507,0.6172839506172839,-0.17974683544303782,0.053
f21a0b0d-d216-4bfb-9038-c8b6fb29c2c6,2026-08-19 23:30:00+00:00,Double Chance 1X,Major League Soccer,1.67,LOST,-1.0,0.059000000000000004,0.6341317365269461,0.5,0.5988023952095809,-0.16500000000000004,0.059000000000000004
ff4af6bd-50d3-4799-b9ff-3805587b5eaa,2026-08-19 23:30:00+00:00,Team Over 1.5,Major League Soccer,1.83,LOST,-1.0,0.087,0.5939890710382513,0.4838709677419355,0.5464480874316939,-0.11451612903225805,0.087
657f264a-240a-486d-bbe7-6961993e74d5,2026-08-19 23:30:00+00:00,Over 2.5,Major League Soccer,1.4,WON,0.3999999999999999,0.036000000000000004,0.7400000000000001,0.640625,0.7142857142857143,-0.10312500000000002,0.036000000000000004
a6648a7f-ba4e-4aad-9f02-1b40b2f62228,2026-08-19 23:30:00+00:00,Over 3.5,Major League Soccer,1.91,LOST,-1.0,0.047,0.5481675392670157,0.42105263157894735,0.5235602094240838,-0.19578947368421062,0.047
a5f464dc-caab-4cca-8448-5f12079cc2b1,2026-08-19 23:30:00+00:00,BTTS,Major League Soccer,1.57,WON,0.5700000000000001,0.129,0.719108280254777,0.6410256410256411,0.6369426751592356,0.0064102564102566095,0.129
703e5f34-488a-4af7-a7b8-31ee61edaced,2026-08-19 23:30:00+00:00,Over 1.5,Major League Soccer,1.2,WON,0.19999999999999996,0.07,0.8916666666666667,0.8333333333333334,0.8333333333333334,0.0,0.07
310f65c5-a60d-4b72-a796-8742821733da,2026-08-19 23:30:00+00:00,Over 2.5,Major League Soccer,1.67,WON,0.6699999999999999,0.23399999999999999,0.7389221556886227,0.6578947368421053,0.5988023952095809,0.09868421052631593,0.23399999999999999
9dd585e9-1d86-479c-92e3-24f19efd83eb,2026-08-19 23:30:00+00:00,Over 3.5,Major League Soccer,2.62,WON,1.62,0.41,0.5381679389312977,0.40625,0.38167938931297707,0.06437500000000007,0.41
9a9b8fbb-4253-472b-9b95-27da8e6f1071,2026-08-19 23:30:00+00:00,Team Over 1.5,Major League Soccer,1.91,WON,0.9099999999999999,0.259,0.6591623036649215,0.5076923076923077,0.5235602094240838,-0.03030769230769237,0.259
c1a628ed-d848-4397-9512-cd322e363303,2026-08-19 23:30:00+00:00,Moneyline,Major League Soccer,2.2,LOST,-1.0,0.146,0.5209090909090909,0.4090909090909091,0.45454545454545453,-0.09999999999999987,0.146
ec7d033e-180b-4644-8687-af67c59ae66a,2026-08-20 00:00:00+00:00,Double Chance 1X,Major League Soccer,1.83,WON,0.8300000000000001,0.21100000000000002,0.6617486338797814,0.5151515151515151,0.5464480874316939,-0.05727272727272725,0.21100000000000002
87495c6d-29f5-43ff-8239-9ef6c4bda05c,2026-08-20 00:30:00+00:00,BTTS,CONMEBOL Libertadores,1.95,WON,0.95,0.10400000000000001,0.5661538461538462,0.4603174603174603,0.5128205128205129,-0.10238095238095246,0.10400000000000001
5749b971-b4f4-4b7c-a782-916ba52eefb4,2026-08-20 01:30:00+00:00,Team Over 1.5,Major League Soccer,2.2,LOST,-1.0,0.401,0.6368181818181817,0.49382716049382713,0.45454545454545453,0.08641975308641969,0.401
2dd2ccab-cb5e-440e-a6f8-63b8798f2346,2026-08-20 01:30:00+00:00,Moneyline,Major League Soccer,2.7,WON,1.7000000000000002,0.531,0.567037037037037,0.46875,0.37037037037037035,0.265625,0.531
6a8a5141-e02b-40a1-a3bf-f9ecc8c92da9,2026-08-20 01:30:00+00:00,Double Chance 1X,Major League Soccer,1.5,WON,0.5,0.17,0.7799999999999999,0.7761194029850746,0.6666666666666666,0.16417910447761197,0.17
a029c5c0-594d-4aac-a724-6c97115f8d6f,2026-08-20 01:30:00+00:00,Over 1.5,Major League Soccer,1.2,LOST,-1.0,0.031,0.8591666666666666,0.7794117647058824,0.8333333333333334,-0.06470588235294117,0.031
f55d3d6f-85e8-4be9-a4b6-f8c63b6b7909,2026-08-20 01:30:00+00:00,Over 2.5,Major League Soccer,1.67,LOST,-1.0,0.11900000000000001,0.670059880239521,0.5223880597014925,0.5988023952095809,-0.12761194029850753,0.11900000000000001
5158495c-0636-4787-8689-9a19ea6d5153,2026-08-20 01:30:00+00:00,Moneyline,Major League Soccer,1.7,LOST,-1.0,0.059000000000000004,0.6229411764705882,0.4878048780487805,0.5882352941176471,-0.1707317073170732,0.059000000000000004
7878c6cf-1fda-40ea-87b6-8b1072da336d,2026-08-20 02:30:00+00:00,Double Chance X2,Major League Soccer,1.67,LOST,-1.0,0.191,0.7131736526946109,0.6428571428571429,0.5988023952095809,0.07357142857142862,0.191
a8375e62-e2ef-497a-8f69-eef0dc0e6fa9,2026-08-20 02:30:00+00:00,Team Over 1.5,Major League Soccer,2.0,LOST,-1.0,0.162,0.581,0.4765625,0.5,-0.046875,0.162
5e0e2f48-cd8f-44db-8213-f0910057f2a2,2026-08-20 02:30:00+00:00,Moneyline,Major League Soccer,3.0,LOST,-1.0,0.434,0.478,0.4,0.3333333333333333,0.20000000000000018,0.434
ddc88d48-c4a3-476d-99e1-d52bc07a3c0f,2026-08-20 02:30:00+00:00,Over 1.5,Major League Soccer,1.17,LOST,-1.0,0.027000000000000003,0.8777777777777778,0.7681159420289855,0.8547008547008548,-0.101304347826087,0.027000000000000003
74bbce77-9f09-435c-a001-5cb09d05a360,2026-08-20 02:30:00+00:00,Over 2.5,Major League Soccer,1.57,LOST,-1.0,0.115,0.7101910828025477,0.6206896551724138,0.6369426751592356,-0.02551724137931033,0.115
cad07529-4ce9-4f28-be20-269d2c72100d,2026-08-20 02:30:00+00:00,Over 3.5,Major League Soccer,2.25,LOST,-1.0,0.111,0.49377777777777776,0.391304347826087,0.4444444444444444,-0.11956521739130432,0.111
a05420d8-be67-4aab-9219-cf40f9259a26,2026-08-20 02:30:00+00:00,Team Over 1.5,Major League Soccer,1.5,LOST,-1.0,0.135,0.7566666666666667,0.7,0.6666666666666666,0.04999999999999982,0.135
817d9e6b-8b22-4df7-90a3-a409ec92ebee,2026-08-20 02:30:00+00:00,Moneyline,Major League Soccer,1.53,LOST,-1.0,0.138,0.7437908496732025,0.6590909090909091,0.6535947712418301,0.00840909090909081,0.138
874c8b74-32e5-4582-b0d1-0c3de0b18944,2026-08-20 18:45:00+00:00,Double Chance 1X,UEFA Europa Conference League,1.4,WON,0.3999999999999999,0.098,0.7842857142857144,0.7571428571428571,0.7142857142857143,0.05999999999999983,0.098
85b69e9d-12a0-498e-8ba5-349d4d21edfa,2026-08-20 18:45:00+00:00,Team Over 1.5,UEFA Europa Conference League,2.0,WON,1.0,0.122,0.5609999999999999,0.4696969696969697,0.5,-0.06060606060606055,0.122
49f36d9e-1dca-4687-8087-e7f423a0a3e5,2026-08-20 18:45:00+00:00,Moneyline,UEFA Europa Conference League,2.25,LOST,-1.0,0.251,0.5559999999999999,0.47692307692307695,0.4444444444444444,0.07307692307692304,0.251
b6821358-983c-4286-b6b1-8e2539f3576d,2026-08-20 19:00:00+00:00,BTTS,UEFA Europa League,2.0,WON,1.0,0.212,0.606,0.47619047619047616,0.5,-0.04761904761904767,0.212
a28aa606-67d5-418d-8983-f94f4eedbdc1,2026-08-20 19:00:00+00:00,Over 1.5,UEFA Europa Conference League,1.2,WON,0.19999999999999996,0.024,0.8533333333333334,0.7605633802816901,0.8333333333333334,-0.08732394366197194,0.024
1bc61c4f-3253-4060-8d13-3f57312fb9bb,2026-08-20 19:00:00+00:00,Over 2.5,UEFA Europa Conference League,1.62,LOST,-1.0,0.071,0.661111111111111,0.5147058823529411,0.6172839506172839,-0.16617647058823537,0.071
2144a586-fe20-444a-9f3c-87443454cd11,2026-08-20 19:00:00+00:00,Moneyline,La Liga,2.3,LOST,-1.0,0.129,0.49086956521739133,0.3829787234042553,0.4347826086956522,-0.11914893617021283,0.129
505de234-f634-4e3c-bc14-5e69a9943036,2026-08-21 18:00:00+00:00,Over 2.5,Pro League,1.44,LOST,-1.0,0.03,0.7152777777777778,0.6444444444444445,0.6944444444444444,-0.07199999999999995,0.03
cd1363a3-fca9-4058-a760-6f36db7317e6,2026-08-21 18:00:00+00:00,BTTS,Eerste Divisie,1.4,WON,0.3999999999999999,0.08199999999999999,0.7728571428571429,0.6875,0.7142857142857143,-0.03750000000000009,0.08199999999999999
1bcb87ca-b41b-4904-8c3a-1c43874856ff,2026-08-21 18:00:00+00:00,Team Over 1.5,Eerste Divisie,1.8,WON,0.8,0.138,0.6322222222222221,0.48299319727891155,0.5555555555555556,-0.1306122448979592,0.138
7cd03b40-5849-4fb2-a41b-cb192fc7ab57,2026-08-21 18:00:00+00:00,Team Over 1.5,Eerste Divisie,1.83,LOST,-1.0,0.10300000000000001,0.6027322404371585,0.484375,0.5464480874316939,-0.11359374999999994,0.10300000000000001
4096d177-3ccd-4466-907b-3b1f5762eb07,2026-08-21 18:00:00+00:00,Over 1.5,Eerste Divisie,1.12,WON,0.1200000000000001,0.035,0.9241071428571427,0.894785699664011,0.8928571428571428,0.0021599836236925185,0.035
a0e49331-91b7-4e6d-8ea7-3f73449831a0,2026-08-21 18:00:00+00:00,Over 2.5,Eerste Divisie,1.44,WON,0.43999999999999995,0.133,0.7868055555555555,0.7638888888888888,0.6944444444444444,0.09999999999999987,0.133
811fa37f-e9c4-43d5-b160-0027298f63fc,2026-08-21 18:00:00+00:00,Over 3.5,Eerste Divisie,2.0,WON,1.0,0.2,0.6,0.47368421052631576,0.5,-0.052631578947368474,0.2
ed32624c-9c3b-4153-85ac-7a2449f21462,2026-08-21 18:00:00+00:00,BTTS,Eerste Divisie,1.5,LOST,-1.0,0.036000000000000004,0.6906666666666667,0.5454545454545454,0.6666666666666666,-0.18181818181818188,0.036000000000000004
6f5188f8-f3d0-4472-9781-ff7f3a188080,2026-08-21 18:00:00+00:00,Over 2.5,Eerste Divisie,1.57,LOST,-1.0,0.077,0.6859872611464968,0.5217391304347826,0.6369426751592356,-0.18086956521739128,0.077
a31787cd-09af-46b7-8f40-41f792a6415a,2026-08-21 19:00:00+00:00,Moneyline,La Liga,2.1,WON,1.1,0.096,0.5219047619047619,0.375,0.47619047619047616,-0.2124999999999999,0.096
2bfaea1b-b4a0-416b-a7c8-da3fd7c71cab,2026-08-22 01:00:00+00:00,Double Chance 1X,Liga MX,1.7,WON,0.7,0.113,0.6547058823529411,0.4880952380952381,0.5882352941176471,-0.1702380952380953,0.113
4a7c817c-ed05-45e1-9926-e991df152a1c,2026-08-22 03:00:00+00:00,Double Chance 1X,Liga MX,1.91,LOST,-1.0,0.29100000000000004,0.6759162303664922,0.5053763440860214,0.5235602094240838,-0.0347311827956992,0.29100000000000004
ad879c57-726a-46bf-b5c3-b3880a2809b9,2026-08-22 03:00:00+00:00,Moneyline,Liga MX,4.1,LOST,-1.0,0.7340000000000001,0.4229268292682927,0.2222222222222222,0.24390243902439027,-0.08888888888888902,0.7340000000000001
294e755d-ee18-4d50-8d58-859a94ed96e2,2026-08-22 11:30:00+00:00,BTTS,Premier League,1.95,WON,0.95,0.129,0.578974358974359,0.47058823529411764,0.5128205128205129,-0.08235294117647063,0.129
53be325e-ce16-4ff9-82dd-9910259b2cda,2026-08-22 11:30:00+00:00,Over 2.5,Championship,2.0,WON,1.0,0.08,0.54,0.42857142857142855,0.5,-0.1428571428571429,0.08
93c1ed75-73cd-475e-8ba5-17fc98a26b31,2026-08-22 13:00:00+00:00,Over 2.5,Allsvenskan,1.7,LOST,-1.0,0.085,0.638235294117647,0.4935064935064935,0.5882352941176471,-0.1610389610389611,0.085
1ea00011-01c5-4d2a-b44d-9e83e09f79f0,2026-08-22 14:00:00+00:00,Under 2.5,Championship,1.8,LOST,-1.0,0.078,0.5988888888888889,0.48484848484848486,0.5555555555555556,-0.1272727272727272,0.078
49083290-688f-4419-88a4-5aa6c72150db,2026-08-22 14:00:00+00:00,BTTS,Premiership,1.75,LOST,-1.0,0.043,0.596,0.47706422018348627,0.5714285714285714,-0.16513761467889898,0.043
7667204e-f71f-4d47-b8b5-59969b239efc,2026-08-22 14:00:00+00:00,Over 1.5,Premiership,1.25,LOST,-1.0,0.028999999999999998,0.8231999999999999,0.7671232876712328,0.8,-0.04109589041095896,0.028999999999999998
a3f36f76-40ad-442a-9b85-13f199918733,2026-08-22 14:00:00+00:00,Over 2.5,Premiership,1.8,LOST,-1.0,0.08,0.6,0.4727272727272727,0.5555555555555556,-0.14909090909090905,0.08
78f1209a-6b47-415b-86f1-ce1a20cf1cd6,2026-08-22 14:00:00+00:00,Double Chance 1X,Premiership,1.4,LOST,-1.0,0.107,0.7907142857142857,0.7567567567567568,0.7142857142857143,0.05945945945945952,0.107
2546fbfe-90f3-49fe-b7f7-4e573a93a67f,2026-08-22 14:00:00+00:00,Moneyline,Premiership,2.3,LOST,-1.0,0.19399999999999998,0.5191304347826087,0.38636363636363635,0.4347826086956522,-0.11136363636363644,0.19399999999999998
390eb14d-8cea-41f4-b96a-aaf02a61d8ef,2026-08-22 14:00:00+00:00,Over 2.5,Championship,1.91,LOST,-1.0,0.055999999999999994,0.5528795811518326,0.46846846846846846,0.5235602094240838,-0.10522522522522526,0.055999999999999994
9b46f80f-d369-436b-a558-ab432a9e08c4,2026-08-22 14:30:00+00:00,BTTS,Eerste Divisie,1.67,WON,0.6699999999999999,0.109,0.6640718562874252,0.5,0.5988023952095809,-0.16500000000000004,0.109
ca36b951-4ac4-47b2-b70f-babcc32e0f0a,2026-08-22 14:30:00+00:00,BTTS,Eredivisie,1.53,LOST,-1.0,0.07400000000000001,0.7019607843137255,0.59375,0.6535947712418301,-0.09156249999999999,0.07400000000000001
a7684736-f11b-4975-b768-2ff696ee5471,2026-08-22 14:30:00+00:00,Over 2.5,Eredivisie,1.48,LOST,-1.0,0.042,0.7040540540540541,0.5757575757575758,0.6756756756756757,-0.14787878787878783,0.042
ea1d0401-55cd-4829-9f16-d33a37f3fea6,2026-08-22 16:10:00+00:00,Moneyline,Pro League,2.25,LOST,-1.0,0.19,0.5288888888888889,0.4274965629296332,0.4444444444444444,-0.03813273340832535,0.19
b0514809-c30c-4119-ac82-cd0fc80e737a,2026-08-22 16:10:00+00:00,Double Chance X2,Pro League,1.36,LOST,-1.0,0.042,0.7661764705882352,0.7058823529411765,0.7352941176470588,-0.039999999999999813,0.042
47c54870-768b-4517-a2be-5f466b28596a,2026-08-22 16:30:00+00:00,Under 2.5,Serie A,1.67,WON,0.6699999999999999,0.069,0.640119760479042,0.48717948717948717,0.5988023952095809,-0.18641025641025644,0.069
4d1c5bc2-af94-4bf7-a363-7c3ca1edd73f,2026-08-22 17:30:00+00:00,BTTS,La Liga,1.91,LOST,-1.0,0.049,0.5492146596858639,0.46153846153846156,0.5235602094240838,-0.1184615384615384,0.049
e88b67af-e15e-4bfb-92f5-0abc8be7cb25,2026-08-22 17:30:00+00:00,Over 1.5,La Liga,1.4,LOST,-1.0,0.036000000000000004,0.7400000000000001,0.6382978723404256,0.7142857142857143,-0.1063829787234043,0.036000000000000004
6ef16c7d-8a5a-4190-9590-3b4301da0b21,2026-08-22 18:30:00+00:00,BTTS,Super Cup,1.4,WON,0.3999999999999999,0.077,0.7692857142857144,0.7,0.7142857142857143,-0.02000000000000013,0.077
88c38f60-fa4b-491d-9a4b-ca0cd0fdfb65,2026-08-22 18:30:00+00:00,Over 1.5,Super Cup,1.1,WON,0.10000000000000009,0.022000000000000002,0.9290909090909091,0.999999,0.9090909090909091,0.09999890000000011,0.022000000000000002
b1417181-f4bd-4a94-97f9-36141815b3d3,2026-08-22 18:30:00+00:00,Over 2.5,Super Cup,1.36,WON,0.3600000000000001,0.08800000000000001,0.8,0.7466666666666667,0.7352941176470588,0.01546666666666674,0.08800000000000001
4b447a54-8e99-4508-a79d-ffc045b3ec04,2026-08-22 18:30:00+00:00,Over 3.5,Super Cup,1.91,LOST,-1.0,0.175,0.6151832460732984,0.48148148148148145,0.5235602094240838,-0.08037037037037043,0.175
164613ec-46d0-4dd6-b1f7-8fd8da4aa744,2026-08-22 18:30:00+00:00,BTTS,Süper Lig,1.83,WON,0.8300000000000001,0.071,0.5852459016393442,0.46511627906976744,0.5464480874316939,-0.14883720930232558,0.071
b21253fe-a675-425e-9da7-158ba24e3057,2026-08-22 18:30:00+00:00,Over 2.5,Süper Lig,1.53,WON,0.53,0.033,0.6751633986928104,0.5052631578947369,0.6535947712418301,-0.22694736842105256,0.033
95149b36-f600-414d-bddb-d3d599be0ec8,2026-08-22 18:30:00+00:00,BTTS,Super League,1.53,WON,0.53,0.031,0.6738562091503267,0.5104166666666666,0.6535947712418301,-0.21906250000000005,0.031
6184fd16-19fb-4bc4-ac3c-ad5f4735c584,2026-08-22 18:30:00+00:00,Over 2.5,Super League,1.6,WON,0.6000000000000001,0.059000000000000004,0.6618749999999999,0.515463917525773,0.625,-0.17525773195876315,0.059000000000000004
185e21e2-f4a0-44af-ac53-fb1d4369f533,2026-08-22 18:45:00+00:00,Double Chance 1X,Jupiler Pro League,1.7,WON,0.7,0.083,0.6370588235294118,0.4936708860759494,0.5882352941176471,-0.16075949367088604,0.083
826fb8db-df15-47d8-8f5c-ae090f86d702,2026-08-22 18:45:00+00:00,BTTS,Serie A,2.05,LOST,-1.0,0.09300000000000001,0.5331707317073171,0.42857142857142855,0.48780487804878053,-0.12142857142857155,0.09300000000000001
6d718100-2c84-4c99-8644-3f39d60f679b,2026-08-22 18:45:00+00:00,Over 1.5,Serie A,1.44,WON,0.43999999999999995,0.063,0.7381944444444445,0.625,0.6944444444444444,-0.10000000000000009,0.063
f616d690-60bb-4dd1-a8ae-1c6f67e692b6,2026-08-22 18:45:00+00:00,Over 2.5,Ligue 1,1.8,LOST,-1.0,0.055,0.586111111111111,0.46923076923076923,0.5555555555555556,-0.15538461538461534,0.055
edb0d326-15fe-48e2-a466-ad0b529f94c5,2026-08-22 19:00:00+00:00,BTTS,Serie A,2.0,WON,1.0,0.1,0.55,0.4444444444444444,0.5,-0.11111111111111116,0.1
800bf1f9-069d-4ff0-867e-159a2d48ca51,2026-08-22 19:00:00+00:00,Over 2.5,Serie A,1.8,WON,0.8,0.09300000000000001,0.6072222222222222,0.46564885496183206,0.5555555555555556,-0.1618320610687023,0.09300000000000001
8af46c27-4a5e-4476-b881-440ae6418e0c,2026-08-22 23:30:00+00:00,Draw,Major League Soccer,4.33,WON,3.33,0.13,0.26096997690531176,1e-06,0.23094688221709006,-0.99999567,0.13
1752903a-202b-46ef-9636-545471ea4bdd,2026-08-22 23:30:00+00:00,BTTS,Serie A,1.75,WON,0.75,0.053,0.6017142857142856,0.46601941747572817,0.5714285714285714,-0.18446601941747565,0.053
faea521e-2f4a-4b3e-91a1-01c4b78512e3,2026-08-22 23:30:00+00:00,Over 1.5,Serie A,1.33,WON,0.33000000000000007,0.045,0.7857142857142856,0.75,0.7518796992481203,-0.0024999999999999467,0.045
7aa48b14-d86a-4118-a0c8-c0b34cf32bcf,2026-08-22 23:30:00+00:00,Over 2.5,Serie A,2.0,WON,1.0,0.126,0.563,0.47115384615384615,0.5,-0.05769230769230771,0.126
ab9c9659-3405-49f3-b8c7-55cb78d69726,2026-08-22 23:30:00+00:00,BTTS,Major League Soccer,1.5,WON,0.5,0.086,0.7240000000000001,0.6326530612244898,0.6666666666666666,-0.05102040816326525,0.086
50f7dc4d-a422-446b-b983-92e0d1b83bc2,2026-08-22 23:30:00+00:00,BTTS,Major League Soccer,1.5,WON,0.5,0.076,0.7173333333333334,0.6,0.6666666666666666,-0.10000000000000009,0.076
8c29c7c1-6775-4589-9970-ae149bbb0153,2026-08-22 23:30:00+00:00,Team Over 1.5,Major League Soccer,1.8,WON,0.8,0.048,0.5822222222222222,0.47619047619047616,0.5555555555555556,-0.1428571428571429,0.048
647a02e4-c766-4679-bc46-33b09de7a5f1,2026-08-22 23:30:00+00:00,Over 1.5,Major League Soccer,1.17,WON,0.16999999999999993,0.035,0.8846153846153846,0.8333333333333334,0.8547008547008548,-0.025000000000000022,0.035
65738c69-fbef-4cfd-a685-b240c2c1ce9a,2026-08-22 23:30:00+00:00,Over 2.5,Major League Soccer,1.6,WON,0.6000000000000001,0.146,0.7162499999999999,0.6428571428571429,0.625,0.028571428571428692,0.146
b3b6fabd-4c44-4314-9c6d-e17accf75707,2026-08-22 23:30:00+00:00,Over 3.5,Major League Soccer,2.38,WON,1.38,0.2,0.5042016806722689,0.37254901960784315,0.42016806722689076,-0.1133333333333334,0.2
14761d28-94b7-46c2-990d-90eec850377f,2026-08-23 00:30:00+00:00,Moneyline,Major League Soccer,3.25,LOST,-1.0,0.37799999999999995,0.424,0.25,0.3076923076923077,-0.1875,0.37799999999999995
5889d976-9a98-4937-9edf-41f2aec439e3,2026-08-23 00:30:00+00:00,Double Chance 1X,Major League Soccer,1.7,WON,0.7,0.161,0.6829411764705883,0.520408163265306,0.5882352941176471,-0.11530612244897975,0.161
c5bd0eaa-5789-46a4-8a38-808d752f6a2f,2026-08-23 00:30:00+00:00,BTTS,Major League Soccer,1.75,WON,0.75,0.195,0.6828571428571429,0.5252525252525252,0.5714285714285714,-0.08080808080808088,0.195
708e5c20-da2c-4afb-917a-5dc6486cd231,2026-08-23 00:30:00+00:00,Team Over 1.5,Major League Soccer,1.73,WON,0.73,0.24600000000000002,0.7202312138728324,0.6491228070175439,0.5780346820809249,0.12298245614035097,0.24600000000000002
abcf9931-2bad-4f6c-b547-d310f0302f4b,2026-08-23 00:30:00+00:00,Moneyline,Major League Soccer,1.7,WON,0.7,0.071,0.63,0.5,0.5882352941176471,-0.15000000000000002,0.071
4453f95d-d156-4385-a576-4d903405d191,2026-08-23 00:30:00+00:00,Over 1.5,Major League Soccer,1.22,WON,0.21999999999999997,0.096,0.898360655737705,0.8571428571428571,0.819672131147541,0.045714285714285596,0.096
e1468fe7-ad68-4ed2-8962-89e70d9a6e19,2026-08-23 00:30:00+00:00,Over 2.5,Major League Soccer,1.75,WON,0.75,0.297,0.7411428571428571,0.6551724137931034,0.5714285714285714,0.14655172413793105,0.297
c930e691-0c80-4444-9d9a-85ca21e7daaf,2026-08-23 00:30:00+00:00,Over 3.5,Major League Soccer,2.75,WON,1.75,0.496,0.544,0.4642857142857143,0.36363636363636365,0.2767857142857144,0.496
fa731933-088b-4c71-b13e-6f5a4fcae234,2026-08-23 00:30:00+00:00,Moneyline,Major League Soccer,2.1,LOST,-1.0,0.121,0.5338095238095237,0.38333333333333336,0.47619047619047616,-0.19499999999999995,0.121
de4f43c3-212a-42b9-a4a5-9d5ded268b48,2026-08-23 01:00:00+00:00,Double Chance X2,Liga MX,1.73,LOST,-1.0,0.16399999999999998,0.6728323699421965,0.53,0.5780346820809249,-0.08309999999999995,0.16399999999999998
388e2936-ae57-4fa8-8e32-638589bf9ebe,2026-08-23 01:00:00+00:00,Moneyline,Liga MX,3.4,LOST,-1.0,0.462,0.43,0.3,0.29411764705882354,0.020000000000000018,0.462
6b16b8ac-fe13-490c-9eeb-38b76877f5e3,2026-08-23 02:30:00+00:00,BTTS,Major League Soccer,1.5,WON,0.5,0.049,0.6993333333333333,0.5588235294117647,0.6666666666666666,-0.16176470588235292,0.049
84abf18f-94f1-4821-9256-0539c658e4bf,2026-08-23 02:30:00+00:00,BTTS,Major League Soccer,1.53,LOST,-1.0,0.095,0.7156862745098039,0.6610169491525424,0.6535947712418301,0.011355932203389818,0.095
e663d0a6-4d68-4b15-8e61-771b9612791b,2026-08-23 02:30:00+00:00,Over 1.5,Major League Soccer,1.17,WON,0.16999999999999993,0.059000000000000004,0.9051282051282051,0.875,0.8547008547008548,0.023749999999999938,0.059000000000000004
7d4f04ce-604e-44cd-bbd9-a00592368619,2026-08-23 02:30:00+00:00,Over 2.5,Major League Soccer,1.53,WON,0.53,0.16,0.7581699346405228,0.6607142857142857,0.6535947712418301,0.010892857142857038,0.16
f631539e-1dd8-4d62-acef-dce26aa02457,2026-08-23 02:30:00+00:00,Over 3.5,Major League Soccer,2.25,LOST,-1.0,0.255,0.5577777777777777,0.48148148148148145,0.4444444444444444,0.08333333333333326,0.255
3275703c-2ce9-4820-b2ee-6992fd99a0bc,2026-08-23 02:30:00+00:00,Team Over 1.5,Major League Soccer,1.73,WON,0.73,0.23,0.7109826589595376,0.5641025641025641,0.5780346820809249,-0.024102564102564172,0.23
9b976982-de1e-4d91-ada1-48cc055f8151,2026-08-23 02:30:00+00:00,Moneyline,Major League Soccer,1.95,WON,0.95,0.147,0.5882051282051283,0.4807692307692308,0.5128205128205129,-0.0625,0.147
3ba0fe83-070a-4103-af19-1e309d0e6dfb,2026-08-23 02:30:00+00:00,Moneyline,Major League Soccer,2.15,LOST,-1.0,0.12,0.5209302325581396,0.3770491803278688,0.46511627906976744,-0.18934426229508206,0.12
770e82bd-d15f-4f8d-aa75-567b1586c97d,2026-08-23 03:00:00+00:00,Under 2.5,Liga MX,2.05,WON,1.0499999999999998,0.222,0.5960975609756098,0.48507462686567165,0.48780487804878053,-0.005597014925373234,0.222
7b1e821b-1e10-426b-8538-61f9f6e1314b,2026-08-23 10:00:00+00:00,Double Chance 1X,Superliga,2.0,LOST,-1.0,0.23399999999999999,0.617,0.5056179775280899,0.5,0.011235955056179803,0.23399999999999999
c01f78cc-41fa-4e3c-ad26-aa846bb4f118,2026-08-23 10:15:00+00:00,Team Over 1.5,Eredivisie,1.57,WON,0.5700000000000001,0.083,0.6898089171974522,0.5247524752475247,0.6369426751592356,-0.1761386138613863,0.083
5a211efb-1e65-4d1e-9295-08d2bc47516e,2026-08-23 10:15:00+00:00,Moneyline,Eredivisie,1.73,WON,0.73,0.13699999999999998,0.6572254335260116,0.5277777777777777,0.5780346820809249,-0.0869444444444446,0.13699999999999998
6a7e3425-65e9-4021-8c07-5408ea3357ad,2026-08-23 10:15:00+00:00,Over 2.5,Eredivisie,1.53,WON,0.53,0.031,0.6738562091503267,0.5333333333333333,0.6535947712418301,-0.18400000000000005,0.031
1d0c6e16-e193-4067-ad05-a55967ca9fc1,2026-08-23 12:00:00+00:00,BTTS,Superliga,1.62,WON,0.6200000000000001,0.136,0.7012345679012346,0.575,0.6172839506172839,-0.0685,0.136
8c14ba31-b64b-41bc-b353-fdc5256fa148,2026-08-23 12:00:00+00:00,Over 1.5,Superliga,1.2,WON,0.19999999999999996,0.05,0.8750000000000001,0.7532467532467533,0.8333333333333334,-0.09610389610389614,0.05
acf4f904-b43e-48ee-aa22-07e5d56df0d7,2026-08-23 12:00:00+00:00,Over 2.5,Superliga,1.67,WON,0.6699999999999999,0.16899999999999998,0.7000000000000001,0.5853658536585366,0.5988023952095809,-0.022439024390244033,0.16899999999999998
12992381-51e9-441e-92eb-3c99894a0998,2026-08-23 12:00:00+00:00,BTTS,Superliga,1.8,LOST,-1.0,0.121,0.6227777777777778,0.5,0.5555555555555556,-0.09999999999999998,0.121
d6684529-ccf2-4aeb-bbc7-2b840160dacd,2026-08-23 12:00:00+00:00,Team Over 1.5,Superliga,1.5,LOST,-1.0,0.065,0.71,0.5952380952380952,0.6666666666666666,-0.1071428571428572,0.065
775afb86-693d-44db-8224-76af551b7535,2026-08-23 12:00:00+00:00,Over 1.5,Superliga,1.18,LOST,-1.0,0.037000000000000005,0.8788135593220339,0.8571428571428571,0.8474576271186441,0.011428571428571344,0.037000000000000005
b233434f-c6e8-4c61-83fb-61783a103bc9,2026-08-23 12:00:00+00:00,Over 2.5,Superliga,1.62,LOST,-1.0,0.131,0.6981481481481481,0.5813953488372093,0.6172839506172839,-0.05813953488372081,0.131
59a63d1e-4284-41db-86c1-2e2312268d95,2026-08-23 12:00:00+00:00,Over 3.5,Superliga,2.5,LOST,-1.0,0.235,0.49399999999999994,0.3709677419354839,0.4,-0.07258064516129026,0.235
eef99ec4-5283-42ba-a693-f89d9a2c5f2f,2026-08-23 12:00:00+00:00,BTTS,Allsvenskan,1.62,LOST,-1.0,0.081,0.6672839506172838,0.5384615384615384,0.6172839506172839,-0.12769230769230766,0.081
9c21e70a-90c4-4b30-bf20-0b69caafc02e,2026-08-23 12:00:00+00:00,Double Chance 1X,Allsvenskan,1.5,WON,0.5,0.077,0.718,0.6666666666666666,0.6666666666666666,0.0,0.077
2c434029-49ca-465c-a55c-d3ee94ded52f,2026-08-23 12:00:00+00:00,Over 1.5,Allsvenskan,1.22,LOST,-1.0,0.043,0.8549180327868852,0.75,0.819672131147541,-0.08499999999999996,0.043
4642cbc2-46b6-4c36-97ed-a67ca933e7c8,2026-08-23 12:00:00+00:00,Over 2.5,Allsvenskan,1.75,LOST,-1.0,0.162,0.6639999999999999,0.5319148936170212,0.5714285714285714,-0.069148936170213,0.162
4f879d35-f76a-44c3-999c-ed57af8f9af9,2026-08-23 12:00:00+00:00,Team Over 1.5,Allsvenskan,2.25,LOST,-1.0,0.314,0.5840000000000001,0.4888888888888889,0.4444444444444444,0.09999999999999987,0.314
28217468-9587-411d-bcff-44d87b3be0af,2026-08-23 12:00:00+00:00,Moneyline,Allsvenskan,2.62,LOST,-1.0,0.276,0.48702290076335875,0.36507936507936506,0.38167938931297707,-0.04349206349206347,0.276
f79049c6-1609-4bf9-bb9f-fc5455b1a31d,2026-08-23 12:00:00+00:00,BTTS,Super League,1.53,WON,0.53,0.115,0.7287581699346405,0.6724137931034483,0.6535947712418301,0.028793103448275792,0.115
d56be2d1-399f-4895-96c6-9aa4a6198441,2026-08-23 12:00:00+00:00,Over 2.5,Super League,1.28,WON,0.28,0.062,0.8296875,0.7407407407407407,0.78125,-0.05185185185185193,0.062
dd35ba1a-80ed-4fb0-97df-25ddc096467f,2026-08-23 12:00:00+00:00,Over 3.5,Super League,1.67,WON,0.6699999999999999,0.114,0.6670658682634731,0.5208333333333334,0.5988023952095809,-0.13020833333333326,0.114
3fc74622-08b9-4735-8792-325040018123,2026-08-23 12:30:00+00:00,BTTS,Eredivisie,1.53,WON,0.53,0.187,0.7758169934640523,0.7439024390243902,0.6535947712418301,0.13817073170731708,0.187
d0a141b2-0009-49ab-b32b-3836e1b363c4,2026-08-23 12:30:00+00:00,Over 1.5,Eredivisie,1.08,WON,0.08000000000000007,0.027000000000000003,0.9509259259259257,0.999999,0.9259259259259258,0.07999891999999997,0.027000000000000003
f58b0949-c7a7-4523-aba2-e4e0fcf85bf3,2026-08-23 12:30:00+00:00,Over 2.5,Eredivisie,1.33,WON,0.33000000000000007,0.152,0.8661654135338345,0.7469879518072289,0.7518796992481203,-0.006506024096385565,0.152
0eb77d07-9435-4658-bf89-96e5db760d50,2026-08-23 12:30:00+00:00,Over 3.5,Eredivisie,1.8,WON,0.8,0.28300000000000003,0.7127777777777777,0.5681818181818182,0.5555555555555556,0.02272727272727293,0.28300000000000003
4e34234e-5025-4a34-a07e-fccb181f54fa,2026-08-23 12:30:00+00:00,Team Over 1.5,Eredivisie,1.28,WON,0.28,0.073,0.83828125,0.75,0.78125,-0.040000000000000036,0.073
5efdad54-8d5a-4984-8eee-c1da52995618,2026-08-23 13:00:00+00:00,Team Over 1.5,Premier League,1.4,WON,0.3999999999999999,0.027999999999999997,0.7342857142857143,0.6779661016949152,0.7142857142857143,-0.05084745762711873,0.027999999999999997
4fae8759-a7ae-489a-beab-03281cb29253,2026-08-23 13:00:00+00:00,Over 2.5,Premier League,1.44,WON,0.43999999999999995,0.045,0.7256944444444444,0.6833333333333332,0.6944444444444444,-0.016000000000000125,0.045
0eef41c9-f77f-4be1-92ed-4022d07ee7af,2026-08-23 13:00:00+00:00,Over 3.5,Premier League,2.1,LOST,-1.0,0.105,0.5261904761904762,0.359375,0.47619047619047616,-0.24531249999999993,0.105
bef9cff9-bc0b-4ce7-bac6-6148db2263b7,2026-08-23 13:30:00+00:00,Moneyline,DFB Pokal,1.91,WON,0.9099999999999999,0.047,0.5481675392670157,0.46875,0.5235602094240838,-0.10468750000000004,0.047
6fa01db7-3df1-486b-9280-7cbdee102f0b,2026-08-23 14:00:00+00:00,Double Chance X2,Superliga,1.4,LOST,-1.0,0.113,0.795,0.7529411764705882,0.7142857142857143,0.05411764705882338,0.113
5e4502e7-c1f7-4b1e-a9a5-95aaef37656e,2026-08-23 14:00:00+00:00,Moneyline,Superliga,2.45,LOST,-1.0,0.34,0.5469387755102041,0.4842105263157895,0.4081632653061224,0.1863157894736842,0.34
dc160e99-f9f1-4a1c-bc20-4c12e40b4b45,2026-08-23 14:30:00+00:00,Double Chance X2,Allsvenskan,1.8,LOST,-1.0,0.127,0.6261111111111111,0.4939759036144578,0.5555555555555556,-0.11084337349397588,0.127
ae96b22f-f69b-45f8-bd51-8096a6ca53c1,2026-08-23 14:30:00+00:00,BTTS,Allsvenskan,1.75,LOST,-1.0,0.204,0.688,0.5333333333333333,0.5714285714285714,-0.06666666666666665,0.204
3b60be61-a63a-40b7-b8ab-f11f6887a604,2026-08-23 14:30:00+00:00,Over 1.5,Allsvenskan,1.17,WON,0.16999999999999993,0.032,0.8820512820512821,0.8333333333333334,0.8547008547008548,-0.025000000000000022,0.032
27c6cd9f-6ca0-4463-97cb-e56ecdfda981,2026-08-23 14:30:00+00:00,Over 2.5,Allsvenskan,1.57,LOST,-1.0,0.138,0.7248407643312101,0.6885245901639344,0.6369426751592356,0.08098360655737702,0.138
2f84827c-7f78-4467-b92b-9e6a5ef23446,2026-08-23 14:30:00+00:00,Over 3.5,Allsvenskan,2.38,LOST,-1.0,0.223,0.5138655462184875,0.35384615384615387,0.42016806722689076,-0.15784615384615386,0.223
b20597ae-1358-4319-b4a6-5d24be75c3f9,2026-08-23 14:45:00+00:00,Over 2.5,Eerste Divisie,1.44,WON,0.43999999999999995,0.051,0.7298611111111111,0.6774193548387096,0.6944444444444444,-0.024516129032258194,0.051
99702ed8-6c02-42d5-a112-9f2995880725,2026-08-23 14:45:00+00:00,Over 3.5,Eerste Divisie,2.1,LOST,-1.0,0.107,0.5271428571428571,0.3484848484848485,0.47619047619047616,-0.2681818181818181,0.107
e6a23347-1b5c-4d4c-96ef-4617e9f3f395,2026-08-23 14:45:00+00:00,Team Over 1.5,Eerste Divisie,2.0,WON,1.0,0.11199999999999999,0.556,0.47058823529411764,0.5,-0.05882352941176472,0.11199999999999999
112940e6-73f3-4d2a-92ca-3321bb185362,2026-08-23 15:00:00+00:00,Over 2.5,La Liga,1.91,WON,0.9099999999999999,0.039,0.543979057591623,0.4845360824742268,0.5235602094240838,-0.07453608247422683,0.039
98cdd8a4-52d2-461a-b8f1-cce569943ab6,2026-08-23 15:00:00+00:00,BTTS,Super League,1.5,LOST,-1.0,0.086,0.7240000000000001,0.6825396825396826,0.6666666666666666,0.023809523809523725,0.086
54fd34a6-7c97-41cc-91ef-73d6dbdf06f1,2026-08-23 15:00:00+00:00,Team Over 1.5,Super League,2.1,LOST,-1.0,0.17,0.557142857142857,0.48828125,0.47619047619047616,0.025390625,0.17
e40d0258-f087-48ec-8b3e-75c6c22a5948,2026-08-23 15:00:00+00:00,Over 1.5,Super League,1.17,LOST,-1.0,0.040999999999999995,0.8897435897435897,0.8888888888888888,0.8547008547008548,0.039999999999999813,0.040999999999999995
e5c55e25-b78e-44ca-980f-c0c024f1f816,2026-08-23 15:00:00+00:00,Over 2.5,Super League,1.57,LOST,-1.0,0.135,0.7229299363057324,0.671875,0.6369426751592356,0.05484375000000008,0.135
81dab290-a48f-469d-82d7-88d99567b6d7,2026-08-23 15:00:00+00:00,Over 3.5,Super League,2.38,LOST,-1.0,0.209,0.507983193277311,0.34328358208955223,0.42016806722689076,-0.18298507462686575,0.209
60ce39bf-0b8d-47cc-ac5d-1a24538c7429,2026-08-23 15:00:00+00:00,Team Over 1.5,Super League,1.91,LOST,-1.0,0.073,0.5617801047120419,0.48484848484848486,0.5235602094240838,-0.07393939393939397,0.073
5b0410b6-95ba-40b8-a4cf-4b2c6fb2d56e,2026-08-23 15:15:00+00:00,Double Chance 1X,Ligue 1,1.83,LOST,-1.0,0.1,0.6010928961748634,0.4864864864864865,0.5464480874316939,-0.10972972972972961,0.1
7e048637-f199-494a-a4ed-e1d31ee48698,2026-08-23 15:15:00+00:00,Draw,Ligue 1,4.0,LOST,-1.0,0.11199999999999999,0.278,0.23076923076923078,0.25,-0.07692307692307687,0.11199999999999999
baff438e-9199-4c90-978c-ebc6d7f3dd14,2026-08-23 15:30:00+00:00,Over 2.5,Premier League,1.5,WON,0.5,0.057,0.7046666666666667,0.5777777777777777,0.6666666666666666,-0.13333333333333341,0.057
a2417e36-7892-421a-b8c0-0e7954b430db,2026-08-23 15:30:00+00:00,Over 3.5,Premier League,2.2,LOST,-1.0,0.085,0.4931818181818181,0.3382352941176471,0.45454545454545453,-0.25588235294117634,0.085
a0c11ffc-9c46-4980-87d0-16ee8d5ef245,2026-08-23 16:00:00+00:00,Double Chance 1X,Süper Lig,1.53,LOST,-1.0,0.05,0.6862745098039216,0.5263157894736842,0.6535947712418301,-0.1947368421052632,0.05
d8379941-b127-4cbd-9f21-068927245000,2026-08-23 16:00:00+00:00,Moneyline,Süper Lig,2.8,LOST,-1.0,0.204,0.43,0.2727272727272727,0.35714285714285715,-0.23636363636363644,0.204
91774024-966c-4536-a8c4-4c8cc93bf47f,2026-08-23 16:00:00+00:00,BTTS,Superliga,1.5,LOST,-1.0,0.21600000000000003,0.8106666666666666,0.7441860465116279,0.6666666666666666,0.11627906976744184,0.21600000000000003
d48be0ae-f552-4d66-932f-a7a8da5c2f8e,2026-08-23 16:00:00+00:00,Team Over 1.5,Superliga,1.83,LOST,-1.0,0.28600000000000003,0.7027322404371584,0.5869565217391305,0.5464480874316939,0.07413043478260883,0.28600000000000003
64dff072-c062-4342-a983-2b7243c501fe,2026-08-23 16:00:00+00:00,Over 1.5,Superliga,1.17,WON,0.16999999999999993,0.106,0.9452991452991454,0.999999,0.8547008547008548,0.16999882999999993,0.106
0b8704e3-0fc1-4ac4-b8a4-467d802af94c,2026-08-23 16:00:00+00:00,Over 2.5,Superliga,1.57,WON,0.5700000000000001,0.314,0.8369426751592357,0.735632183908046,0.6369426751592356,0.1549425287356323,0.314
9c27a730-5ca6-490c-8821-dce56eddbfd3,2026-08-23 16:00:00+00:00,Over 3.5,Superliga,2.38,WON,1.38,0.614,0.6781512605042017,0.5208333333333334,0.42016806722689076,0.23958333333333326,0.614
1a12a141-2aa6-4b0f-9da8-b70cfd833a54,2026-08-23 16:00:00+00:00,Team Over 1.5,Superliga,2.2,WON,1.2000000000000002,0.38799999999999996,0.6309090909090909,0.4880952380952381,0.45454545454545453,0.07380952380952377,0.38799999999999996
c7cbdd0c-6341-40c3-9b18-0dd85d001a29,2026-08-23 16:30:00+00:00,Under 2.5,Serie A,1.62,WON,0.6200000000000001,0.034,0.6382716049382716,0.49411764705882355,0.6172839506172839,-0.19952941176470584,0.034
5be254aa-eefd-4190-8fac-d0fc1a9f6972,2026-08-23 17:30:00+00:00,Moneyline,La Liga,2.2,WON,1.2000000000000002,0.078,0.49,0.3333333333333333,0.45454545454545453,-0.2666666666666666,0.078
69cc87aa-599d-44b2-a231-f458eaa669f7,2026-08-23 18:30:00+00:00,Double Chance 1X,Süper Lig,1.83,WON,0.8300000000000001,0.127,0.615846994535519,0.4827586206896552,0.5464480874316939,-0.11655172413793091,0.127
5462414c-50c2-42af-b297-08e5b5a844fb,2026-08-23 18:30:00+00:00,Under 2.5,Süper Lig,1.9,WON,0.8999999999999999,0.153,0.606842105263158,0.49999999999999994,0.5263157894736842,-0.050000000000000155,0.153
2dd028ba-e322-462d-b46b-5f6465d887fd,2026-08-23 18:45:00+00:00,Over 2.5,Serie A,1.91,WON,0.9099999999999999,0.040999999999999995,0.5450261780104712,0.4794520547945205,0.5235602094240838,-0.08424657534246582,0.040999999999999995
a5f73d18-4685-4ea8-94c0-8689fd29d81d,2026-08-23 19:00:00+00:00,Draw,Serie A,3.7,LOST,-1.0,0.121,0.30297297297297293,0.21428571428571427,0.27027027027027023,-0.20714285714285718,0.121
b5fd4bfc-8226-4014-a4e2-b4d2b9442ec0,2026-08-23 19:00:00+00:00,Under 2.5,Serie A,1.9,WON,0.8999999999999999,0.161,0.6110526315789474,0.504,0.5263157894736842,-0.04239999999999999,0.161
4db6add7-130e-4466-8f14-a740bcb5437f,2026-08-23 19:00:00+00:00,BTTS,Serie A,1.91,WON,0.9099999999999999,0.055999999999999994,0.5528795811518326,0.48299319727891155,0.5235602094240838,-0.07748299319727903,0.055999999999999994
7f3689ea-1c5a-4bd6-b2d7-afa54a369da9,2026-08-23 19:00:00+00:00,Double Chance 1X,Serie A,1.4,LOST,-1.0,0.085,0.775,0.7272727272727273,0.7142857142857143,0.018181818181818077,0.085
d4b33c94-2b5a-473a-8a77-1a33b07fd8fa,2026-08-23 19:00:00+00:00,Moneyline,Serie A,2.7,LOST,-1.0,0.45799999999999996,0.5399999999999999,0.4864864864864865,0.37037037037037035,0.31351351351351364,0.45799999999999996
977fe022-9391-4ee1-8e28-9924d0057491,2026-08-23 19:30:00+00:00,BTTS,La Liga,1.75,LOST,-1.0,0.12,0.64,0.5079365079365079,0.5714285714285714,-0.11111111111111116,0.12
e66fb38b-dae4-4077-832a-de30123a1fbf,2026-08-23 20:30:00+00:00,Double Chance 1X,Major League Soccer,1.36,WON,0.3600000000000001,0.053,0.7742647058823529,0.6666666666666666,0.7352941176470588,-0.09333333333333327,0.053
ea99e053-bdc2-4ad4-b924-496494bd9752,2026-08-23 20:30:00+00:00,Moneyline,Major League Soccer,2.3,LOST,-1.0,0.217,0.5291304347826088,0.34285714285714286,0.4347826086956522,-0.21142857142857152,0.217
dd41a7a3-bad2-4fc1-829d-742c117f866f,2026-08-23 21:30:00+00:00,BTTS,Serie A,1.91,LOST,-1.0,0.152,0.6031413612565445,0.5039370078740157,0.5235602094240838,-0.03748031496062998,0.152
0b1980ae-c8f7-49ac-9e1d-d8c1cab36cb7,2026-08-23 21:30:00+00:00,Over 1.5,Serie A,1.36,LOST,-1.0,0.084,0.7970588235294117,0.7386363636363636,0.7352941176470588,0.00454545454545463,0.084
b33d2553-f9e5-4c7e-b249-e3284c91fc6a,2026-08-23 21:30:00+00:00,Over 2.5,Serie A,2.1,LOST,-1.0,0.195,0.569047619047619,0.48322147651006714,0.47619047619047616,0.014765100671141118,0.195
4280b5c1-1588-43ab-9ee6-91390ca73f41,2026-08-23 21:30:00+00:00,Under 2.5,Serie A,1.95,WON,0.95,0.166,0.597948717948718,0.48,0.5128205128205129,-0.06400000000000006,0.166
a331c010-8867-4706-ac72-ca5eb9c421d9,2026-08-23 22:30:00+00:00,Moneyline,Serie A,3.1,WON,2.1,0.345,0.43387096774193545,0.25,0.3225806451612903,-0.22499999999999998,0.345
d8af6da3-2193-4300-8f24-5c96b6f29694,2026-08-23 22:30:00+00:00,Double Chance 1X,Serie A,1.5,WON,0.5,0.124,0.7493333333333334,0.6607142857142857,0.6666666666666666,-0.008928571428571397,0.124
24f2adc1-591f-4a2a-a9bf-214ddaa5d304,2026-08-23 23:00:00+00:00,Moneyline,Major League Soccer,1.7,WON,0.7,0.045,0.6147058823529411,0.5,0.5882352941176471,-0.15000000000000002,0.045
d1ccf9c2-6990-4ef5-ac59-f209a22becbe,2026-08-23 23:00:00+00:00,Double Chance 1X,Liga MX,1.67,WON,0.6699999999999999,0.069,0.640119760479042,0.5040650406504065,0.5988023952095809,-0.15821138211382124,0.069
21f9c2ef-67c9-4d50-aad4-7c2a933b3551,2026-08-23 23:00:00+00:00,Draw,Liga MX,3.4,WON,2.4,0.078,0.3170588235294118,0.2,0.29411764705882354,-0.31999999999999995,0.078
6dc9c1bb-d4cd-45a2-8767-29024d372919,2026-08-23 23:00:00+00:00,Under 2.5,Liga MX,1.95,WON,0.95,0.24,0.6358974358974359,0.5080645161290323,0.5128205128205129,-0.0092741935483871,0.24
c2d62b7c-ea0b-472b-a539-d0363075e314,2026-08-24 16:30:00+00:00,Under 2.5,Serie A,1.67,WON,0.6699999999999999,0.084,0.6491017964071857,0.5119999999999999,0.5988023952095809,-0.1449600000000002,0.084
d2cca0ba-3ccc-4012-a7fb-59ed7a6f865e,2026-08-24 16:40:00+00:00,BTTS,Pro League,1.62,LOST,-1.0,0.035,0.6388888888888888,0.5158730158730159,0.6172839506172839,-0.16428571428571415,0.035
940c6a45-a58a-4963-a36f-c7bcffdbe09e,2026-08-24 16:40:00+00:00,Over 2.5,Pro League,1.57,LOST,-1.0,0.038,0.6611464968152866,0.5257731958762887,0.6369426751592356,-0.1745360824742267,0.038
fb689427-273c-40b5-af7e-cfe001a0ce10,2026-08-24 17:00:00+00:00,BTTS,Superliga,1.67,WON,0.6699999999999999,0.174,0.7029940119760479,0.574468085106383,0.5988023952095809,-0.04063829787234041,0.174
565ab2b6-abe9-439d-a0f1-8abf621ed5f9,2026-08-24 17:00:00+00:00,Over 2.5,Superliga,1.5,WON,0.5,0.05,0.7000000000000001,0.5833333333333334,0.6666666666666666,-0.125,0.05
1d260ada-6ae3-4dc9-bd30-f2cb26564b7c,2026-08-24 17:00:00+00:00,BTTS,Allsvenskan,1.5,LOST,-1.0,0.07400000000000001,0.7160000000000001,0.5993197278911774,0.6666666666666666,-0.10102040816323399,0.07400000000000001
6e9b4c42-e775-44a8-8605-51a038d67b5d,2026-08-24 17:00:00+00:00,Team Over 1.5,Allsvenskan,2.0,LOST,-1.0,0.19399999999999998,0.597,0.48936170212765956,0.5,-0.021276595744680882,0.19399999999999998
1b31bf9a-c512-4cd4-89f7-f0900a70ce5f,2026-08-24 17:00:00+00:00,Moneyline,Allsvenskan,2.6,LOST,-1.0,0.16,0.4461538461538461,0.3380281690140845,0.3846153846153846,-0.12112676056338023,0.16
b59ddbe0-16a7-4dc8-aa8b-55c14dad3b39,2026-08-24 17:00:00+00:00,Over 1.5,Allsvenskan,1.17,WON,0.16999999999999993,0.035,0.8846153846153846,0.7777777777777778,0.8547008547008548,-0.09000000000000008,0.035
275fa419-7e2a-4745-b688-9d2e3d8d80bb,2026-08-24 17:00:00+00:00,Over 2.5,Allsvenskan,1.57,WON,0.5700000000000001,0.127,0.7178343949044586,0.6666666666666666,0.6369426751592356,0.046666666666666634,0.127
e72b2e79-5a5a-47aa-a644-3c0185cd1e0e,2026-08-24 17:00:00+00:00,Over 3.5,Allsvenskan,2.38,LOST,-1.0,0.19699999999999998,0.5029411764705883,0.3333333333333333,0.42016806722689076,-0.20666666666666678,0.19699999999999998
b2d836a9-5d13-41ae-ad09-0bb850cabe5c,2026-08-24 17:30:00+00:00,BTTS,La Liga,1.91,LOST,-1.0,0.039,0.543979057591623,0.48026315789473684,0.5235602094240838,-0.08269736842105269,0.039
ac5d39ab-ee46-4abc-8f80-fdb30f9cc946,2026-08-24 18:00:00+00:00,BTTS,Eerste Divisie,1.5,WON,0.5,0.149,0.766,0.6716417910447762,0.6666666666666666,0.007462686567164312,0.149
64cf60a2-4092-4b2c-9fb3-f39d6ef6714b,2026-08-24 18:00:00+00:00,Team Over 1.5,Eerste Divisie,1.44,WON,0.43999999999999995,0.027999999999999997,0.7138888888888889,0.58,0.6944444444444444,-0.16480000000000006,0.027999999999999997
4d000738-c41a-4c88-933f-9a4df02b0d14,2026-08-24 18:00:00+00:00,Over 1.5,Eerste Divisie,1.12,WON,0.1200000000000001,0.038,0.9267857142857142,0.999999,0.8928571428571428,0.11999888000000003,0.038
8b00c22f-0824-40d6-a5c0-cd9a56588f2f,2026-08-24 18:00:00+00:00,Over 2.5,Eerste Divisie,1.44,WON,0.43999999999999995,0.151,0.7993055555555556,0.7303370786516854,0.6944444444444444,0.051685393258426915,0.151
ec7990b1-d6d6-4792-90e8-67faf0a0d8a4,2026-08-24 18:00:00+00:00,Over 3.5,Eerste Divisie,2.1,WON,1.1,0.29600000000000004,0.6171428571428571,0.5118110236220472,0.47619047619047616,0.0748031496062993,0.29600000000000004
463adf68-56bd-49df-a005-3b5342f37099,2026-08-24 18:30:00+00:00,Double Chance 1X,Süper Lig,1.36,WON,0.3600000000000001,0.032,0.7588235294117647,0.6956521739130435,0.7352941176470588,-0.05391304347826087,0.032
3973da27-584b-46b7-b221-d68bd6b7fbcb,2026-08-24 18:30:00+00:00,Under 2.5,Süper Lig,1.73,WON,0.73,0.071,0.6190751445086705,0.515625,0.5780346820809249,-0.10796875000000006,0.071
c87f8d7c-bc45-47cb-a9b7-d8568864a94b,2026-08-24 19:00:00+00:00,Double Chance 1X,Premier League,1.91,LOST,-1.0,0.14,0.5968586387434556,0.4791666666666667,0.5235602094240838,-0.08479166666666671,0.14
ffcebe80-5b13-4ea6-9fc6-44fb6a2d3f5f,2026-08-24 19:30:00+00:00,Over 1.5,La Liga,1.5,WON,0.5,0.035,0.69,0.5384615384615384,0.6666666666666666,-0.1923076923076923,0.035
693c828b-af97-41ac-aaec-3fa999e8b578,2026-08-24 23:00:00+00:00,BTTS,Serie A,1.8,WON,0.8,0.165,0.6472222222222223,0.5193798449612403,0.5555555555555556,-0.06511627906976736,0.165
f4a78b47-7e8e-412f-b350-9597d6fe0df9,2026-08-24 23:00:00+00:00,Team Over 1.5,Serie A,2.2,WON,1.2000000000000002,0.261,0.5731818181818182,0.474025974025974,0.45454545454545453,0.04285714285714293,0.261
cf65eed9-f6e9-416e-a8c7-429074ca8a9d,2026-08-24 23:00:00+00:00,Moneyline,Serie A,2.25,LOST,-1.0,0.111,0.49377777777777776,0.3287671232876712,0.4444444444444444,-0.26027397260273977,0.111
7b498712-7d9b-4b96-a695-d44ff2b7d8ae,2026-08-24 23:00:00+00:00,Over 1.5,Serie A,1.33,WON,0.33000000000000007,0.12300000000000001,0.8443609022556391,0.7333333333333333,0.7518796992481203,-0.024666666666666726,0.12300000000000001
445a45f7-88c0-45d0-abe3-6a819c2631e0,2026-08-24 23:00:00+00:00,Over 2.5,Serie A,2.05,WON,1.0499999999999998,0.314,0.6409756097560977,0.5219298245614035,0.48780487804878053,0.06995614035087705,0.314
fae0b9d2-5a18-4b66-abad-7b7228b8e9c1,2026-08-25 18:00:00+00:00,BTTS,Pro League,1.62,WON,0.6200000000000001,0.10300000000000001,0.6808641975308641,0.5240174672489084,0.6172839506172839,-0.15109170305676833,0.10300000000000001
2ce0f057-63fb-439d-a0c3-9e3239d8a26b,2026-08-25 18:00:00+00:00,Team Over 1.5,Pro League,1.67,WON,0.6699999999999999,0.04,0.6227544910179641,0.5248618784530388,0.5988023952095809,-0.1234806629834253,0.04
dcb26716-5603-4806-9580-e3cc3634fdc7,2026-08-25 18:00:00+00:00,BTTS,Pro League,1.62,WON,0.6200000000000001,0.10800000000000001,0.6839506172839507,0.5306122448979592,0.6172839506172839,-0.14040816326530603,0.10800000000000001
ec1055db-000d-4c8e-81bb-34c3838d7a4b,2026-08-25 18:00:00+00:00,Over 1.5,Pro League,1.18,WON,0.17999999999999994,0.028999999999999998,0.8720338983050847,0.7362637362637363,0.8474576271186441,-0.13120879120879114,0.028999999999999998
74c0d000-8e3f-48d1-bd69-39a0a25029f9,2026-08-25 18:00:00+00:00,Over 2.5,Pro League,1.62,WON,0.6200000000000001,0.124,0.6938271604938272,0.5714285714285714,0.6172839506172839,-0.07428571428571429,0.124
9e140af2-a48f-43ef-9263-4ff4815621b3,2026-08-25 18:45:00+00:00,Under 2.5,League Cup,1.9,LOST,-1.0,0.1,0.5789473684210527,0.4774193548387097,0.5263157894736842,-0.0929032258064516,0.1
f4989c79-8a26-4b99-b472-9a52783a6859,2026-08-25 18:45:00+00:00,Moneyline,League Cup,2.55,LOST,-1.0,0.107,0.43411764705882355,0.3076923076923077,0.3921568627450981,-0.2153846153846154,0.107
13e0abe0-63a5-4275-a5ae-da5f0acea985,2026-08-25 19:00:00+00:00,BTTS,UEFA Champions League,1.44,LOST,-1.0,0.132,0.7861111111111112,0.7391304347826086,0.6944444444444444,0.06434782608695633,0.132
396bd24c-eeb3-4f26-a3af-71d97dbdcb67,2026-08-25 19:00:00+00:00,Team Over 1.5,UEFA Champions League,2.62,LOST,-1.0,0.446,0.5519083969465648,0.47435897435897434,0.38167938931297707,0.24282051282051276,0.446
ac47b332-1727-4837-a624-ff293f70eedb,2026-08-25 19:00:00+00:00,Over 2.5,UEFA Champions League,1.33,WON,0.33000000000000007,0.095,0.8233082706766917,0.7311827956989247,0.7518796992481203,-0.027526881720430052,0.095
0821c39f-f9e3-471d-97ed-e54bbe49cc1a,2026-08-25 19:00:00+00:00,Over 3.5,UEFA Champions League,1.8,LOST,-1.0,0.18100000000000002,0.6561111111111111,0.5274725274725274,0.5555555555555556,-0.0505494505494507,0.18100000000000002
e45e38a2-798e-4e07-bb47-7af2cb57160a,2026-08-25 19:00:00+00:00,BTTS,UEFA Champions League,1.57,WON,0.5700000000000001,0.068,0.6802547770700637,0.54,0.6369426751592356,-0.1521999999999999,0.068
c2d2951c-079d-41f0-a2e9-44f813d33d8b,2026-08-25 19:00:00+00:00,Team Over 1.5,UEFA Champions League,1.73,WON,0.73,0.17300000000000001,0.6780346820809249,0.5490196078431372,0.5780346820809249,-0.05019607843137264,0.17300000000000001
fc2b833c-db69-4e02-b8e2-7a70870ec389,2026-08-25 19:00:00+00:00,Moneyline,UEFA Champions League,1.85,LOST,-1.0,0.08,0.5837837837837838,0.4713375796178344,0.5405405405405405,-0.12802547770700634,0.08
457791e4-a36d-4b1e-86fb-cd87a16abaea,2026-08-25 19:00:00+00:00,Over 1.5,UEFA Champions League,1.17,WON,0.16999999999999993,0.03,0.8803418803418804,0.7744127291297115,0.8547008547008548,-0.09393710691823765,0.03
0c08d2af-e544-4b32-9599-894246528719,2026-08-25 19:00:00+00:00,Over 2.5,UEFA Champions League,1.57,WON,0.5700000000000001,0.124,0.715923566878981,0.5925925925925926,0.6369426751592356,-0.0696296296296296,0.124
8aa3d39a-4da2-4b01-b7a7-a82e273e8956,2026-08-25 19:00:00+00:00,Over 3.5,UEFA Champions League,2.38,WON,1.38,0.19699999999999998,0.5029411764705883,0.32432432432432434,0.42016806722689076,-0.2281081081081081,0.19699999999999998
cd321802-9c16-4f84-887a-5ac8e7819180,2026-08-26 00:30:00+00:00,BTTS,Leagues Cup,1.53,WON,0.53,0.08,0.7058823529411765,0.6,0.6535947712418301,-0.08200000000000007,0.08
763c4ef7-0b54-49b1-8708-cb74fc0d0528,2026-08-26 00:30:00+00:00,Over 1.5,Leagues Cup,1.2,WON,0.19999999999999996,0.055,0.8791666666666667,0.7548714363522548,0.8333333333333334,-0.09415427637729423,0.055
8f0bb544-9a5e-447d-9017-0cd445b34486,2026-08-26 00:30:00+00:00,Over 2.5,Leagues Cup,1.65,WON,0.6499999999999999,0.158,0.7018181818181818,0.6071428571428571,0.6060606060606061,0.0017857142857140573,0.158
5d2f922e-5ced-452d-9e57-7c7ed2987ef3,2026-08-26 19:00:00+00:00,BTTS,UEFA Champions League,1.73,WON,0.73,0.059000000000000004,0.6121387283236994,0.5245901639344263,0.5780346820809249,-0.09245901639344256,0.059000000000000004
ca3f757f-5442-48bf-b44c-30674e4aafa4,2026-08-26 19:00:00+00:00,Over 2.5,UEFA Champions League,1.8,WON,0.8,0.069,0.5938888888888888,0.46938775510204084,0.5555555555555556,-0.1551020408163265,0.069
4a04e731-2770-42bd-bde8-3913e0b6d8ee,2026-08-26 19:00:00+00:00,BTTS,La Liga,1.75,WON,0.75,0.034,0.5908571428571429,0.48,0.5714285714285714,-0.16000000000000003,0.034
a305960a-efe5-41df-a3a0-1f36c44022b5,2026-08-27 00:30:00+00:00,BTTS,Leagues Cup,1.73,LOST,-1.0,0.11900000000000001,0.6468208092485549,0.5271739130434783,0.5780346820809249,-0.08798913043478263,0.11900000000000001
b7e91bbb-2986-45c4-8625-5abe9fafbc42,2026-08-27 00:30:00+00:00,Over 1.5,Leagues Cup,1.2,WON,0.19999999999999996,0.044000000000000004,0.8700000000000001,0.7358490566037735,0.8333333333333334,-0.11698113207547178,0.044000000000000004
98f91dbe-9728-453a-8533-63c6fbe30fc2,2026-08-27 00:30:00+00:00,Over 2.5,Leagues Cup,1.7,LOST,-1.0,0.151,0.6770588235294118,0.5576923076923077,0.5882352941176471,-0.05192307692307696,0.151
d3fb8dd8-38c3-4361-a557-1b0e5570407c,2026-08-27 00:30:00+00:00,BTTS,Copa Do Brasil,2.0,LOST,-1.0,0.16,0.58,0.46788990825688076,0.5,-0.06422018348623848,0.16
068f140e-9c97-4f08-bd87-7df96a7bde23,2026-08-27 00:30:00+00:00,Over 1.5,Copa Do Brasil,1.33,LOST,-1.0,0.064,0.8,0.7317073170731707,0.7518796992481203,-0.02682926829268295,0.064
d7cf0805-1296-407d-8a6a-7d2b14a5b194,2026-08-27 00:30:00+00:00,Over 2.5,Copa Do Brasil,2.1,LOST,-1.0,0.212,0.5771428571428571,0.4636363636363636,0.47619047619047616,-0.026363636363636367,0.212
1da41c77-01ff-4441-8cee-4722bf041131,2026-08-27 02:45:00+00:00,BTTS,Leagues Cup,1.73,LOST,-1.0,0.192,0.6890173410404624,0.5647124047568649,0.5780346820809249,-0.023047539770623682,0.192
36dfa1d4-6eaa-4eb8-9cf5-d71d56ab4513,2026-08-27 02:45:00+00:00,Over 1.5,Leagues Cup,1.22,WON,0.21999999999999997,0.063,0.871311475409836,0.7407407407407407,0.819672131147541,-0.09629629629629632,0.063
b1ff5ee3-0262-44ee-a11b-0723265c18b1,2026-08-27 02:45:00+00:00,Over 2.5,Leagues Cup,1.75,LOST,-1.0,0.195,0.6828571428571429,0.5370370370370371,0.5714285714285714,-0.06018518518518512,0.195
f6cebbf8-4086-4b11-b823-c4260fe88076,2026-08-27 16:45:00+00:00,BTTS,UEFA Europa Conference League,2.0,WON,1.0,0.14400000000000002,0.5720000000000001,0.4594594594594595,0.5,-0.08108108108108103,0.14400000000000002
8f41ea66-5c79-4a97-b4d1-37539d993306,2026-08-27 17:00:00+00:00,BTTS,UEFA Europa League,1.91,LOST,-1.0,0.165,0.6099476439790577,0.5243243243243241,0.5235602094240838,0.0014594594594590227,0.165
faebd970-b01e-46bf-92b9-86cbb4d8de60,2026-08-27 18:00:00+00:00,BTTS,UEFA Europa League,1.67,WON,0.6699999999999999,0.11199999999999999,0.665868263473054,0.521505376344086,0.5988023952095809,-0.1290860215053764,0.11199999999999999
75b23964-078b-41e9-b2e3-83cb65ec99a5,2026-08-27 18:00:00+00:00,BTTS,UEFA Europa Conference League,1.62,WON,0.6200000000000001,0.064,0.6567901234567901,0.5240641711229946,0.6172839506172839,-0.15101604278074865,0.064
860ee75a-342b-49cc-839d-6266e191fd1d,2026-08-27 18:00:00+00:00,BTTS,UEFA Europa Conference League,1.5,WON,0.5,0.128,0.7520000000000001,0.6724137931034483,0.6666666666666666,0.008620689655172376,0.128
6403757a-8f01-494f-92b7-be532a84fb1c,2026-08-27 18:00:00+00:00,Team Over 1.5,UEFA Europa Conference League,2.2,WON,1.2000000000000002,0.223,0.5559090909090909,0.4642857142857143,0.45454545454545453,0.021428571428571574,0.223
d8c1fe3e-ea4c-405d-b3ec-71563aa82dcc,2026-08-27 18:00:00+00:00,Over 1.5,UEFA Europa Conference League,1.17,WON,0.16999999999999993,0.065,0.9102564102564102,0.875,0.8547008547008548,0.023749999999999938,0.065
8615ccc6-9226-45a0-aa15-6eb649244a06,2026-08-27 18:00:00+00:00,Over 2.5,UEFA Europa Conference League,1.57,WON,0.5700000000000001,0.19899999999999998,0.7636942675159236,0.7083333333333334,0.6369426751592356,0.11208333333333353,0.19899999999999998
1253856d-b6f6-470e-9a10-59485770d51a,2026-08-27 18:00:00+00:00,Over 3.5,UEFA Europa Conference League,2.38,WON,1.38,0.361,0.5718487394957983,0.4690265486725664,0.42016806722689076,0.11628318584070785,0.361
d5ccfe38-4980-4502-a368-da41e8e2f228,2026-08-27 18:00:00+00:00,Team Over 1.5,UEFA Europa Conference League,1.83,WON,0.8300000000000001,0.157,0.6322404371584699,0.5259259259259259,0.5464480874316939,-0.037555555555555564,0.157
ecb19378-eec0-489a-8824-14c24c786d61,2026-08-27 19:00:00+00:00,Moneyline,La Liga,1.3,WON,0.30000000000000004,0.054000000000000006,0.8107692307692308,0.7164179104477612,0.7692307692307692,-0.06865671641791049,0.054000000000000006
a488cf78-f043-4f61-a1a4-86f52af2cf6e,2026-08-27 19:00:00+00:00,BTTS,UEFA Europa Conference League,1.91,WON,0.9099999999999999,0.054000000000000006,0.5518324607329843,0.47368421052631576,0.5235602094240838,-0.09526315789473694,0.054000000000000006
b2e43823-ffae-4efd-b01c-41a362d8d3de,2026-08-27 23:00:00+00:00,Under 2.5,Copa Do Brasil,1.65,WON,0.6499999999999999,0.036000000000000004,0.6278787878787879,0.5286885245901639,0.6060606060606061,-0.12766393442622959,0.036000000000000004
48d9ac72-7b1c-415a-a957-8416e4f231df,2026-08-28 16:00:00+00:00,Team Over 1.5,Pro League,2.38,WON,1.38,0.359,0.5710084033613445,0.4782608695652174,0.42016806722689076,0.13826086956521744,0.359
b6f2c578-56fd-4af5-b6f2-1e8bf5bab278,2026-08-28 16:00:00+00:00,Moneyline,Pro League,2.15,WON,1.15,0.271,0.5911627906976744,0.4901960784313725,0.46511627906976744,0.05392156862745079,0.271
3978e737-298e-43e1-9642-732fc5f84c54,2026-08-28 16:00:00+00:00,Double Chance 1X,Pro League,1.36,WON,0.3600000000000001,0.102,0.8102941176470588,0.7209302325581395,0.7352941176470588,-0.019534883720930263,0.102
6152d7e9-94bc-4755-916e-3a504160eb28,2026-08-28 16:00:00+00:00,Over 1.5,Pro League,1.33,WON,0.33000000000000007,0.051,0.7902255639097744,0.7272727272727273,0.7518796992481203,-0.032727272727272605,0.051
83743d06-82e6-427c-b3aa-51e623207ff4,2026-08-28 16:00:00+00:00,Over 2.5,Pro League,2.08,WON,1.08,0.136,0.5461538461538462,0.4827586206896552,0.4807692307692307,0.0041379310344829,0.136
38afab40-3414-40f2-b3c8-d1fed0eb5ce0,2026-08-28 16:30:00+00:00,BTTS,2. Bundesliga,1.67,LOST,-1.0,0.131,0.677245508982036,0.5306122448979592,0.5988023952095809,-0.1138775510204082,0.131
4b3127e9-a7d6-4d2a-94f7-5d9cf86c8abb,2026-08-28 16:30:00+00:00,Team Over 1.5,2. Bundesliga,1.67,LOST,-1.0,0.07200000000000001,0.6419161676646707,0.5284552845528455,0.5988023952095809,-0.11747967479674803,0.07200000000000001
19edca97-c9bb-478e-9398-ca90b5d08a1f,2026-08-28 16:30:00+00:00,Over 1.5,2. Bundesliga,1.2,LOST,-1.0,0.043,0.8691666666666666,0.7454545454545455,0.8333333333333334,-0.10545454545454547,0.043
70457877-4006-4575-9254-91fc9fc5baf2,2026-08-28 16:30:00+00:00,Over 2.5,2. Bundesliga,1.7,LOST,-1.0,0.183,0.6958823529411765,0.6140350877192983,0.5882352941176471,0.04385964912280693,0.183
9df44899-5c36-4a91-8301-66736de1133d,2026-08-28 16:30:00+00:00,Double Chance X2,2. Bundesliga,1.5,WON,0.5,0.08,0.7200000000000001,0.6779661016949152,0.6666666666666666,0.016949152542372836,0.08
3f56dbd4-cd8a-41d9-847b-5beab696ef63,2026-08-28 16:30:00+00:00,Moneyline,2. Bundesliga,2.62,WON,1.62,0.252,0.4778625954198473,0.3333333333333333,0.38167938931297707,-0.1266666666666667,0.252
0005cc29-eff5-410d-b9ea-f891f59c080e,2026-08-28 17:00:00+00:00,BTTS,Superliga,1.62,WON,0.6200000000000001,0.08199999999999999,0.6679012345679012,0.5263157894736842,0.6172839506172839,-0.1473684210526316,0.08199999999999999
c75babf3-ba58-4f21-9ddb-5c0b8b5001fd,2026-08-28 17:00:00+00:00,Over 2.5,Superliga,1.65,WON,0.6499999999999999,0.076,0.6521212121212122,0.5282258064516129,0.6060606060606061,-0.1284274193548388,0.076
bb7d75a1-bfbd-4b90-a377-36bfd44a5ca4,2026-08-28 17:30:00+00:00,Over 2.5,Bundesliga,1.73,WON,0.73,0.081,0.6248554913294797,0.5301204819277109,0.5780346820809249,-0.08289156626506022,0.081
613e316c-cdc8-40ca-b32d-09b8a50520de,2026-08-28 18:00:00+00:00,BTTS,Pro League,1.91,WON,0.9099999999999999,0.142,0.5979057591623036,0.5,0.5235602094240838,-0.04500000000000004,0.142
b1e1acf4-b22f-45cb-93a2-74b8f565a2ca,2026-08-28 18:00:00+00:00,BTTS,Pro League,1.8,WON,0.8,0.094,0.6077777777777779,0.53125,0.5555555555555556,-0.043749999999999956,0.094
814970b7-5a2b-48d1-96e1-7e5c7e4e4aad,2026-08-28 18:00:00+00:00,Team Over 1.5,Eerste Divisie,1.83,LOST,-1.0,0.06,0.5792349726775956,0.48717948717948717,0.5464480874316939,-0.1084615384615385,0.06
9f34fe13-69d5-42d7-a7ed-c70dfd129bef,2026-08-28 18:00:00+00:00,Over 2.5,Eerste Divisie,1.44,WON,0.43999999999999995,0.027999999999999997,0.7138888888888889,0.6086956521739131,0.6944444444444444,-0.12347826086956515,0.027999999999999997
6ff0bfcd-ff1c-40fe-9ac4-b909e41da557,2026-08-28 18:00:00+00:00,Moneyline,Eerste Divisie,2.2,WON,1.2000000000000002,0.057999999999999996,0.4809090909090909,0.34210526315789475,0.45454545454545453,-0.24736842105263146,0.057999999999999996
971d7feb-7f57-4882-a29a-05d43338082c,2026-08-28 18:00:00+00:00,Moneyline,Eerste Divisie,2.3,LOST,-1.0,0.081,0.47000000000000003,0.35064935064935066,0.4347826086956522,-0.19350649350649352,0.081
bf482929-9417-4c12-948d-1c3ae7263f6c,2026-08-28 18:00:00+00:00,Team Over 1.5,Eerste Divisie,1.67,WON,0.6699999999999999,0.037000000000000005,0.6209580838323353,0.5338645418326693,0.5988023952095809,-0.1084462151394423,0.037000000000000005
a6600e4d-8b49-4db1-9ff6-124aad3ea477,2026-08-28 18:00:00+00:00,Moneyline,Eerste Divisie,1.85,WON,0.8500000000000001,0.145,0.6189189189189189,0.5357142857142857,0.5405405405405405,-0.008928571428571397,0.145
1e42dc46-254c-4a10-8121-43144dadd8f3,2026-08-28 18:00:00+00:00,Over 2.5,Eerste Divisie,1.44,WON,0.43999999999999995,0.044000000000000004,0.7250000000000001,0.6833333333333333,0.6944444444444444,-0.016000000000000014,0.044000000000000004
82a811df-ec71-4749-8131-7950eb1516a4,2026-08-28 18:00:00+00:00,Over 3.5,Eerste Divisie,2.0,WON,1.0,0.052000000000000005,0.526,0.34615384615384615,0.5,-0.3076923076923077,0.052000000000000005
4af70122-ec58-4cad-a516-41b0be311ee2,2026-08-28 18:30:00+00:00,BTTS,Bundesliga,1.5,WON,0.5,0.212,0.8079999999999999,0.7326732673267327,0.6666666666666666,0.0990099009900991,0.212
2e35fcd8-d61c-42b1-9caa-edb5c5532aca,2026-08-28 18:30:00+00:00,Team Over 1.5,Bundesliga,1.17,WON,0.16999999999999993,0.054000000000000006,0.900854700854701,0.8888888888888888,0.8547008547008548,0.039999999999999813,0.054000000000000006
9696a24d-f853-4f31-9f57-7e23dfab7bf0,2026-08-28 18:30:00+00:00,Over 1.5,Bundesliga,1.06,WON,0.06000000000000005,0.038,0.9792452830188679,0.999999,0.9433962264150942,0.059998940000000056,0.038
e39eb721-5b90-48f9-8e9a-1fc93cb4543d,2026-08-28 18:30:00+00:00,Over 2.5,Bundesliga,1.22,WON,0.21999999999999997,0.121,0.9188524590163935,0.9075869719550206,0.819672131147541,0.10725610578512512,0.121
4808afc0-4837-41e2-a3d7-043aa852bc0e,2026-08-28 18:30:00+00:00,Over 3.5,Bundesliga,1.57,WON,0.5700000000000001,0.29100000000000004,0.8222929936305732,0.7352941176470589,0.6369426751592356,0.15441176470588247,0.29100000000000004
e7acfbd9-42bc-4d29-b2ae-05927669d3f8,2026-08-28 18:30:00+00:00,Moneyline,Süper Lig,1.91,LOST,-1.0,0.102,0.5769633507853403,0.4830508474576271,0.5235602094240838,-0.07737288135593223,0.102
6aaf05eb-1992-40c9-ab6b-17b7029ca8c1,2026-08-28 18:45:00+00:00,BTTS,Ligue 1,1.7,WON,0.7,0.035,0.6088235294117647,0.5375494071146245,0.5882352941176471,-0.0861660079051384,0.035
9cb410c3-0b9b-4484-a752-a77f2140be20,2026-08-28 18:45:00+00:00,Over 2.5,Ligue 1,1.73,WON,0.73,0.062,0.6138728323699423,0.5393700787401574,0.5780346820809249,-0.06688976377952771,0.062
19a18618-aeb4-46d2-9df2-1f073bff9dc4,2026-08-28 19:30:00+00:00,Double Chance 1X,La Liga,1.62,WON,0.6200000000000001,0.057999999999999996,0.6530864197530865,0.5411764705882353,0.6172839506172839,-0.12329411764705878,0.057999999999999996
a8b25aae-fe28-42b5-9582-1fe4c42b66a6,2026-08-29 01:00:00+00:00,Moneyline,Liga MX,2.6,LOST,-1.0,0.136,0.43692307692307697,0.2857142857142857,0.3846153846153846,-0.2571428571428571,0.136
2b73bb22-0ae4-4d06-9d73-267794ca512b,2026-08-29 01:00:00+00:00,Double Chance 1X,Liga MX,1.5,WON,0.5,0.086,0.7240000000000001,0.6885245901639344,0.6666666666666666,0.032786885245901676,0.086
aa521b16-2e48-47a0-973a-e630dbc0dcbf,2026-08-29 01:00:00+00:00,Under 2.5,Liga MX,2.0,WON,1.0,0.2,0.6,0.5084745762711864,0.5,0.016949152542372836,0.2
bbcb66f9-9b0a-4387-91a0-7a4b8c001dff,2026-08-29 03:10:00+00:00,Double Chance X2,Liga MX,1.67,LOST,-1.0,0.037000000000000005,0.6209580838323353,0.5429687499999999,0.5988023952095809,-0.09324218750000024,0.037000000000000005
66a5e55a-b7ef-48f5-b1ae-8292b02ef3a8,2026-08-29 11:00:00+00:00,Team Over 1.5,2. Bundesliga,1.91,WON,0.9099999999999999,0.12300000000000001,0.5879581151832461,0.509368354671715,0.5235602094240838,-0.027106442577024326,0.12300000000000001
a9c9aef2-4e90-42e9-a421-605c9e092edc,2026-08-29 11:00:00+00:00,Moneyline,2. Bundesliga,2.5,LOST,-1.0,0.185,0.47400000000000003,0.35443037974683544,0.4,-0.11392405063291133,0.185
2c3f7905-3734-47b9-a899-782ba3e9a399,2026-08-29 11:00:00+00:00,Double Chance 1X,2. Bundesliga,1.5,LOST,-1.0,0.03,0.6866666666666666,0.5408560311284046,0.6666666666666666,-0.188715953307393,0.03
312e2dd1-2d3f-4e48-8006-ef11361f018b,2026-08-29 11:00:00+00:00,Over 2.5,2. Bundesliga,1.53,WON,0.53,0.042,0.681045751633987,0.5387596899224806,0.6535947712418301,-0.17569767441860473,0.042
c981dd7c-dcf0-43de-bb6a-328aa1a3712c,2026-08-29 11:00:00+00:00,BTTS,2. Bundesliga,1.44,WON,0.43999999999999995,0.038,0.7208333333333334,0.6935483870967742,0.6944444444444444,-0.001290322580645098,0.038
34fda90a-45c7-456f-b060-4b3f8343a2c0,2026-08-29 11:00:00+00:00,Double Chance 1X,2. Bundesliga,1.44,WON,0.43999999999999995,0.04,0.7222222222222223,0.6984126984126984,0.6944444444444444,0.005714285714285561,0.04
4259080c-7cdf-4052-8b8d-ff55f29246f7,2026-08-29 11:00:00+00:00,Team Over 1.5,2. Bundesliga,1.83,WON,0.8300000000000001,0.20800000000000002,0.6601092896174863,0.5405405405405406,0.5464480874316939,-0.0108108108108107,0.20800000000000002
8b0ae243-3f9d-42f4-a778-ca83f8b4a87b,2026-08-29 11:00:00+00:00,Moneyline,2. Bundesliga,2.5,WON,1.5,0.305,0.522,0.35,0.4,-0.125,0.305
4500f761-ebca-4c95-9706-e6bad27fab70,2026-08-29 11:00:00+00:00,Over 1.5,2. Bundesliga,1.17,WON,0.16999999999999993,0.049,0.8965811965811966,0.9,0.8547008547008548,0.052999999999999936,0.049
01574aa0-cb64-40e4-b63b-81a7b4542657,2026-08-29 11:00:00+00:00,Over 2.5,2. Bundesliga,1.53,WON,0.53,0.134,0.7411764705882352,0.703125,0.6535947712418301,0.07578124999999991,0.134
ed6c80c1-5e11-422f-a6c4-bb8a52d58b31,2026-08-29 11:00:00+00:00,Over 3.5,2. Bundesliga,2.25,WON,1.25,0.20600000000000002,0.536,0.35802469135802467,0.4444444444444444,-0.19444444444444453,0.20600000000000002
1e7b9e57-862e-4cfe-b32b-ba3b633f44f0,2026-08-29 13:00:00+00:00,BTTS,Allsvenskan,1.57,WON,0.5700000000000001,0.223,0.7789808917197453,0.7352941176470589,0.6369426751592356,0.15441176470588247,0.223
515a608d-0f58-47b3-a67c-a80b12c00682,2026-08-29 13:00:00+00:00,Over 1.5,Allsvenskan,1.12,WON,0.1200000000000001,0.046,0.9339285714285713,0.999999,0.8928571428571428,0.11999888000000003,0.046
8e41ae87-f764-47cf-95b3-a32859e4e97a,2026-08-29 13:00:00+00:00,Over 2.5,Allsvenskan,1.48,WON,0.48,0.20199999999999999,0.8121621621621622,0.7403846153846154,0.6756756756756757,0.09576923076923083,0.20199999999999999
3e4474e5-9f73-4dfc-968f-c2305b7a6f76,2026-08-29 13:00:00+00:00,Over 3.5,Allsvenskan,2.1,WON,1.1,0.348,0.6419047619047619,0.5423076923076922,0.47619047619047616,0.13884615384615362,0.348
04c852b9-8e12-44ba-adef-4a77ec774f60,2026-08-29 13:00:00+00:00,BTTS,Allsvenskan,1.91,LOST,-1.0,0.184,0.6198952879581152,0.5440613026819922,0.5235602094240838,0.03915708812260488,0.184
94f3e2ad-d5c7-4def-bc2f-c50c5d01747e,2026-08-29 13:00:00+00:00,Over 1.5,Allsvenskan,1.25,WON,0.25,0.031,0.8248,0.7428571428571429,0.8,-0.0714285714285714,0.031
b0b9f61a-3b35-4f67-a7df-a1e9cbc4acd5,2026-08-29 13:00:00+00:00,Over 2.5,Allsvenskan,1.85,LOST,-1.0,0.16,0.627027027027027,0.5419847328244275,0.5405405405405405,0.0026717557251909607,0.16
b336e26b-4b3e-4435-ac97-13f11839f04e,2026-08-29 13:30:00+00:00,BTTS,Bundesliga,1.53,WON,0.53,0.06,0.6928104575163399,0.5789473684210527,0.6535947712418301,-0.11421052631578943,0.06
c230e0a0-7151-450d-99af-6e948f5e6fb8,2026-08-29 13:30:00+00:00,Over 2.5,Bundesliga,1.5,WON,0.5,0.054000000000000006,0.7026666666666667,0.6170212765957447,0.6666666666666666,-0.07446808510638303,0.054000000000000006
c04c2e1d-9c95-44ca-8e77-3904dbd69d9e,2026-08-29 13:30:00+00:00,Over 3.5,Bundesliga,2.2,WON,1.2000000000000002,0.10400000000000001,0.5018181818181818,0.36065573770491804,0.45454545454545453,-0.2065573770491802,0.10400000000000001
ef1ab25f-e6ea-4c25-8e56-53c739b7ddc9,2026-08-29 13:30:00+00:00,BTTS,Bundesliga,1.44,WON,0.43999999999999995,0.027999999999999997,0.7138888888888889,0.625,0.6944444444444444,-0.10000000000000009,0.027999999999999997
7766b5d5-3386-423c-abaf-d5039bb53131,2026-08-29 13:30:00+00:00,Over 1.5,Bundesliga,1.17,WON,0.16999999999999993,0.034,0.8837606837606838,0.8333333333333334,0.8547008547008548,-0.025000000000000022,0.034
2bbb17e6-437a-412a-bef0-e2e6019813ed,2026-08-29 13:30:00+00:00,Over 2.5,Bundesliga,1.53,WON,0.53,0.08900000000000001,0.7117647058823529,0.6326530612244898,0.6535947712418301,-0.03204081632653055,0.08900000000000001
dbc93498-0169-41a4-95d2-8b33af203fa1,2026-08-29 13:30:00+00:00,Over 3.5,Bundesliga,2.3,WON,1.2999999999999998,0.168,0.5078260869565218,0.37037037037037035,0.4347826086956522,-0.14814814814814825,0.168
333e1857-1287-40e3-b10e-af59612f9ecc,2026-08-29 13:30:00+00:00,BTTS,Bundesliga,1.67,LOST,-1.0,0.039,0.6221556886227545,0.5399239543726235,0.5988023952095809,-0.09832699619771879,0.039
bc564b23-74cd-4bcf-ae1e-b2d5bb269ee0,2026-08-29 13:30:00+00:00,Over 2.5,Bundesliga,1.67,LOST,-1.0,0.044000000000000004,0.6251497005988025,0.5378787878787878,0.5988023952095809,-0.1017424242424243,0.044000000000000004
ed5f3aa4-1d3c-4231-835c-38a5cbe832d3,2026-08-29 13:30:00+00:00,Over 1.5,Bundesliga,1.2,WON,0.19999999999999996,0.031,0.8591666666666666,0.7464788732394366,0.8333333333333334,-0.10422535211267603,0.031
d37a9cf3-1460-4955-887b-d440dde8906f,2026-08-29 13:30:00+00:00,Over 2.5,Bundesliga,1.62,WON,0.6200000000000001,0.077,0.6648148148148147,0.5358490566037736,0.6172839506172839,-0.13192452830188672,0.077
c93fa09b-d693-4c05-924a-d76f241233e0,2026-08-29 14:00:00+00:00,Moneyline,Championship,2.5,LOST,-1.0,0.252,0.5008,0.3780487804878049,0.4,-0.054878048780487854,0.252
d4c4ab85-966c-424a-a436-3619722b4b93,2026-08-29 14:00:00+00:00,Double Chance 1X,Championship,1.4,LOST,-1.0,0.057999999999999996,0.7557142857142858,0.7076923076923077,0.7142857142857143,-0.009230769230769265,0.057999999999999996
f3774dcc-a1b3-483e-a11a-8ad68bdd7ee4,2026-08-29 14:00:00+00:00,Over 1.5,Championship,1.36,WON,0.3600000000000001,0.032,0.7588235294117647,0.72,0.7352941176470588,-0.02079999999999993,0.032
bb81c457-76e1-47c4-81d2-c034f6d96185,2026-08-29 14:00:00+00:00,Double Chance 1X,Premiership,1.18,WON,0.17999999999999994,0.043,0.8838983050847458,0.8461538461538461,0.8474576271186441,-0.0015384615384615996,0.043
e6c7cebe-73e5-4972-a4d4-7931fd51a638,2026-08-29 14:00:00+00:00,Moneyline,Premiership,1.73,WON,0.73,0.17600000000000002,0.6797687861271676,0.5375939849624061,0.5780346820809249,-0.06996240601503756,0.17600000000000002
8a333ac6-131b-4924-9c1f-1c420c340b5e,2026-08-29 14:00:00+00:00,BTTS,Premiership,1.62,LOST,-1.0,0.061,0.6549382716049382,0.5393258426966292,0.6172839506172839,-0.12629213483146062,0.061
696a362a-4f77-4e68-96da-30dac09e23e4,2026-08-29 14:00:00+00:00,Moneyline,Premiership,2.4,LOST,-1.0,0.061,0.44208333333333333,0.26666666666666666,0.4166666666666667,-0.36,0.061
62024c83-da4b-4437-a4f7-f8d235cfd075,2026-08-29 14:00:00+00:00,Over 1.5,Premiership,1.25,WON,0.25,0.057,0.8455999999999999,0.75,0.8,-0.0625,0.057
e4ab0e8b-8045-4b9c-8256-028f91d9d266,2026-08-29 14:00:00+00:00,Over 2.5,Premiership,1.8,WON,0.8,0.15,0.6388888888888888,0.5359477124183006,0.5555555555555556,-0.03529411764705881,0.15
16d9e3bf-be2d-4adc-8c25-d1b4516e861a,2026-08-29 14:30:00+00:00,BTTS,Primeira Liga,1.91,WON,0.9099999999999999,0.15,0.6020942408376964,0.5245901639344263,0.5235602094240838,0.0019672131147541183,0.15
51a13b7c-9214-4e5b-914e-998edf897f99,2026-08-29 14:30:00+00:00,Over 1.5,Primeira Liga,1.33,WON,0.33000000000000007,0.059000000000000004,0.7962406015037593,0.7428571428571429,0.7518796992481203,-0.0119999999999999,0.059000000000000004
687a73cb-e6e8-4bfb-9528-a1a22cf9ac63,2026-08-29 14:30:00+00:00,Over 2.5,Primeira Liga,2.08,WON,1.08,0.175,0.5649038461538461,0.4793388429752066,0.4807692307692307,-0.002975206611570136,0.175
db65e371-f702-44cd-829d-abdb871ca268,2026-08-29 14:30:00+00:00,Team Over 1.5,Eerste Divisie,1.8,WON,0.8,0.087,0.6038888888888888,0.532258064516129,0.5555555555555556,-0.041935483870967794,0.087
e8522641-3b2b-4c85-bca1-f837b91af62e,2026-08-29 14:30:00+00:00,BTTS,Eerste Divisie,1.33,WON,0.33000000000000007,0.027000000000000003,0.7721804511278194,0.7307692307692307,0.7518796992481203,-0.02807692307692311,0.027000000000000003
10cc2d79-f75b-4966-a34f-16830c227ce1,2026-08-29 14:30:00+00:00,Over 2.5,Eerste Divisie,1.33,WON,0.33000000000000007,0.045,0.7857142857142856,0.75,0.7518796992481203,-0.0024999999999999467,0.045
62549036-5267-4eb2-8f09-b2d1195cd8ac,2026-08-29 14:30:00+00:00,Over 3.5,Eerste Divisie,1.83,WON,0.8300000000000001,0.08900000000000001,0.5950819672131147,0.5344827586206897,0.5464480874316939,-0.021896551724137736,0.08900000000000001
b923f4d5-1b9b-4ae8-9f34-6fec38d51b05,2026-08-29 15:00:00+00:00,Double Chance 1X,Bundesliga,1.57,WON,0.5700000000000001,0.162,0.7401273885350318,0.696969696969697,0.6369426751592356,0.09424242424242446,0.162
ad9c072d-1e43-4534-bd67-40f2a419a156,2026-08-29 15:00:00+00:00,Moneyline,Bundesliga,2.9,LOST,-1.0,0.41200000000000003,0.4868965517241379,0.37349397590361444,0.3448275862068966,0.08313253012048194,0.41200000000000003
9a69e5e7-4b80-4d91-8851-bc0ff165311f,2026-08-29 15:00:00+00:00,BTTS,La Liga,1.75,WON,0.75,0.053,0.6017142857142856,0.5405405405405405,0.5714285714285714,-0.05405405405405417,0.053
0dfb9e6d-b534-4524-a32b-0da4180e9c1c,2026-08-29 15:00:00+00:00,Over 2.5,La Liga,1.91,WON,0.9099999999999999,0.077,0.5638743455497383,0.48360655737704916,0.5235602094240838,-0.07631147540983618,0.077
d35b4287-a310-4b1f-80bf-faa7339bfb8c,2026-08-29 16:00:00+00:00,Under 2.5,Süper Lig,1.73,LOST,-1.0,0.035,0.5982658959537572,0.5419161676646707,0.5780346820809249,-0.06248502994011973,0.035
d8814b96-f6c5-4ddc-a079-f9c3a0abb43d,2026-08-29 16:00:00+00:00,Double Chance X2,Super League,1.95,WON,0.95,0.17800000000000002,0.6041025641025641,0.5402985074626865,0.5128205128205129,0.05358208955223853,0.17800000000000002
29eb1208-3ea1-43cd-8f5d-28bda753b554,2026-08-29 16:00:00+00:00,BTTS,Super League,1.44,WON,0.43999999999999995,0.115,0.7743055555555556,0.7407407407407407,0.6944444444444444,0.06666666666666665,0.115
8769f939-8dea-432e-84a8-1f014b88d3fa,2026-08-29 16:00:00+00:00,Double Chance X2,Super League,1.91,WON,0.9099999999999999,0.138,0.5958115183246073,0.5409836065573771,0.5235602094240838,0.03327868852459015,0.138
28308283-05cb-4537-b51d-ca89533b0c4a,2026-08-29 16:00:00+00:00,Team Over 1.5,Super League,2.25,LOST,-1.0,0.38799999999999996,0.6168888888888888,0.543026706231454,0.4444444444444444,0.22181008902077148,0.38799999999999996
1b3a50a0-f40e-45bb-bd33-1a4caebf9afb,2026-08-29 16:00:00+00:00,Over 1.5,Super League,1.12,WON,0.1200000000000001,0.027000000000000003,0.9169642857142856,0.9090909090909091,0.8928571428571428,0.0181818181818183,0.027000000000000003
2c370822-0e9a-49f1-b4e8-7a49fc9c7479,2026-08-29 16:00:00+00:00,Over 2.5,Super League,1.44,LOST,-1.0,0.133,0.7868055555555555,0.7545454545454545,0.6944444444444444,0.08654545454545448,0.133
acd35c36-210a-4759-b2f0-0d837eb59714,2026-08-29 16:00:00+00:00,Over 3.5,Super League,2.1,LOST,-1.0,0.256,0.5980952380952381,0.5414201183431951,0.47619047619047616,0.13698224852070995,0.256
b4ecbd62-febc-407a-b9c1-4ae2142b9257,2026-08-29 16:15:00+00:00,Moneyline,Jupiler Pro League,1.91,WON,0.9099999999999999,0.079,0.5649214659685864,0.4878048780487805,0.5235602094240838,-0.06829268292682933,0.079
c4f1855d-5c97-4115-a3f0-76ebf74ada25,2026-08-29 16:15:00+00:00,Double Chance X2,Jupiler Pro League,1.28,WON,0.28,0.042,0.8140625,0.7536231884057971,0.78125,-0.03536231884057972,0.042
40d042bf-eadf-445a-a71d-ce315dab9c0d,2026-08-29 16:45:00+00:00,BTTS,Eredivisie,1.57,WON,0.5700000000000001,0.036000000000000004,0.6598726114649681,0.5398550724637681,0.6369426751592356,-0.1524275362318841,0.036000000000000004
39be1502-1ed4-42ab-aafc-c945c5dd7ed7,2026-08-29 17:00:00+00:00,BTTS,La Liga,1.75,WON,0.75,0.039,0.5937142857142856,0.5396825396825397,0.5714285714285714,-0.05555555555555558,0.039
b8a47593-82e1-4fb0-94d0-680e450c037a,2026-08-29 17:00:00+00:00,Over 2.5,La Liga,1.91,WON,0.9099999999999999,0.085,0.5680628272251309,0.49193548387096775,0.5235602094240838,-0.06040322580645163,0.085
0a1fb73f-ba5f-49fc-94cb-803d2f966f1d,2026-08-29 18:00:00+00:00,Team Over 1.5,Pro League,1.67,LOST,-1.0,0.052000000000000005,0.6299401197604791,0.5422222222222223,0.5988023952095809,-0.09448888888888884,0.052000000000000005
a2174c43-f146-4c84-bf61-157cd13df8fe,2026-08-29 18:00:00+00:00,Over 2.5,Pro League,1.5,LOST,-1.0,0.039,0.6926666666666667,0.6076374831309046,0.6666666666666666,-0.0885437753036431,0.039
bd8d3181-6898-4c3b-8af3-71eabde0ac16,2026-08-29 18:30:00+00:00,BTTS,Süper Lig,1.83,WON,0.8300000000000001,0.069,0.5841530054644808,0.4960000000000001,0.5464480874316939,-0.09231999999999974,0.069
b22189ce-6b34-47f4-8098-a87678ea6471,2026-08-29 18:30:00+00:00,Double Chance 1X,2. Bundesliga,1.36,WON,0.3600000000000001,0.057,0.7772058823529411,0.7424242424242424,0.7352941176470588,0.00969696969696976,0.057
0a7cba41-28ac-40d1-a3bf-e8b28cb94346,2026-08-29 18:30:00+00:00,Team Over 1.5,2. Bundesliga,1.91,WON,0.9099999999999999,0.066,0.5581151832460733,0.5000000000000001,0.5235602094240838,-0.04499999999999982,0.066
2480251c-7835-4016-a735-1a932b9128b1,2026-08-29 18:30:00+00:00,Moneyline,2. Bundesliga,2.15,WON,1.15,0.172,0.5451162790697675,0.504,0.46511627906976744,0.0835999999999999,0.172
4ddb16e9-4ebf-4240-82dd-e0ea446c0dbe,2026-08-29 18:45:00+00:00,Under 2.5,Ligue 1,1.8,LOST,-1.0,0.048,0.5822222222222222,0.5079365079365079,0.5555555555555556,-0.08571428571428574,0.048
5c54703b-29df-46a3-aa8e-d7ee5ceee5c8,2026-08-29 18:45:00+00:00,Team Over 1.5,Ligue 1,1.91,LOST,-1.0,0.081,0.5659685863874345,0.5039370078740157,0.5235602094240838,-0.03748031496062998,0.081
f73d6299-e98e-4aa3-af10-4f955dbd2973,2026-08-29 18:45:00+00:00,Moneyline,Ligue 1,1.8,LOST,-1.0,0.039,0.5772222222222222,0.5000000000000001,0.5555555555555556,-0.09999999999999976,0.039
d3edd326-0dad-4417-b90b-40798b05092a,2026-08-29 18:45:00+00:00,Over 1.5,Ligue 1,1.33,WON,0.33000000000000007,0.044000000000000004,0.7849624060150375,0.746268656716418,0.7518796992481203,-0.00746268656716409,0.044000000000000004
5a1efd8b-df63-464f-a76d-6bc4ceee5c96,2026-08-29 18:45:00+00:00,Over 2.5,Ligue 1,2.0,WON,1.0,0.102,0.551,0.4961832061068702,0.5,-0.007633587786259555,0.102
42f5c857-00bb-437a-a50e-a3294ade1d19,2026-08-29 19:30:00+00:00,Double Chance 1X,La Liga,1.7,LOST,-1.0,0.069,0.6288235294117647,0.5398230088495575,0.5882352941176471,-0.08230088495575227,0.069
9d1b4780-9371-4940-b9bc-da9317c37216,2026-08-29 20:30:00+00:00,Double Chance 1X,Major League Soccer,1.62,WON,0.6200000000000001,0.071,0.661111111111111,0.5426356589147286,0.6172839506172839,-0.1209302325581395,0.071
b419326f-62d6-4a92-85d7-87d50917289f,2026-08-29 21:30:00+00:00,BTTS,Serie A,1.95,LOST,-1.0,0.223,0.6271794871794872,0.5374449339207049,0.5128205128205129,0.04801762114537467,0.223
1899d52c-050f-4acd-a73e-d3da0d38476c,2026-08-29 21:30:00+00:00,Over 1.5,Serie A,1.33,WON,0.33000000000000007,0.08900000000000001,0.818796992481203,0.7571428571428571,0.7518796992481203,0.007000000000000117,0.08900000000000001
0d9a4117-2861-4fc7-a017-d960b73ad7cb,2026-08-29 21:30:00+00:00,Over 2.5,Serie A,2.05,LOST,-1.0,0.23600000000000002,0.6029268292682928,0.5350877192982456,0.48780487804878053,0.09692982456140342,0.23600000000000002
6885ee37-3133-4f21-a0bc-73b3e19f38f6,2026-08-29 23:00:00+00:00,Over 2.5,Liga MX,1.9,WON,0.8999999999999999,0.047,0.5510526315789473,0.4999999999999999,0.5263157894736842,-0.050000000000000266,0.047
3c9a90b7-cec4-463e-9fef-8a25de1915bb,2026-08-29 23:00:00+00:00,Moneyline,Liga MX,2.15,LOST,-1.0,0.133,0.5269767441860466,0.37037037037037035,0.46511627906976744,-0.20370370370370383,0.133
fdde77e1-afbd-48cc-aeba-9061e5d62105,2026-08-29 23:00:00+00:00,Moneyline,Serie A,2.25,WON,1.25,0.139,0.5062222222222222,0.36470588235294116,0.4444444444444444,-0.17941176470588238,0.139
a28efbfb-c76d-4a34-ae8f-9cfa0ca78bf1,2026-08-29 23:30:00+00:00,Team Over 1.5,Major League Soccer,1.91,LOST,-1.0,0.083,0.5670157068062828,0.5038167938931297,0.5235602094240838,-0.03770992366412229,0.083
e08175e7-be9e-443e-9bf1-f0ec2b0099f4,2026-08-29 23:30:00+00:00,BTTS,Major League Soccer,1.5,LOST,-1.0,0.034,0.6893333333333334,0.5461538461538461,0.6666666666666666,-0.1807692307692308,0.034
1af722a0-2993-4873-a130-e06d85d80e0d,2026-08-29 23:30:00+00:00,Over 2.5,Major League Soccer,1.57,LOST,-1.0,0.071,0.6821656050955414,0.5419847328244275,0.6369426751592356,-0.14908396946564884,0.071
cb4c2a53-83cf-4458-ac41-077872bede5f,2026-08-29 23:30:00+00:00,BTTS,Major League Soccer,1.57,LOST,-1.0,0.033,0.6579617834394904,0.5378151260504201,0.6369426751592356,-0.15563025210084036,0.033
34835213-e7a3-43c0-afcf-42b8246730d9,2026-08-29 23:30:00+00:00,Over 2.5,Major League Soccer,1.62,LOST,-1.0,0.035,0.6388888888888888,0.5327510917030569,0.6172839506172839,-0.1369432314410478,0.035
3b0cc77e-c11a-4f6a-a4b6-57994f033ce7,2026-08-29 23:30:00+00:00,BTTS,Major League Soccer,1.4,WON,0.3999999999999999,0.16899999999999998,0.8350000000000001,0.7605633802816901,0.7142857142857143,0.06478873239436611,0.16899999999999998
746a5b64-3baa-4dd2-92de-be8157fffafd,2026-08-29 23:30:00+00:00,Team Over 1.5,Major League Soccer,2.5,LOST,-1.0,0.562,0.6248,0.5304347826086958,0.4,0.32608695652173947,0.562
3647651a-1cd9-41fa-8974-099ae5ad94c2,2026-08-29 23:30:00+00:00,Over 1.5,Major League Soccer,1.07,WON,0.07000000000000006,0.03,0.9626168224299065,0.999999,0.9345794392523364,0.06999893000000013,0.03
6159accf-3b4d-46bd-b208-038496bbbaab,2026-08-29 23:30:00+00:00,Over 2.5,Major League Soccer,1.25,WON,0.25,0.09699999999999999,0.8775999999999999,0.7638888888888888,0.8,-0.04513888888888895,0.09699999999999999
9039a90d-9e98-4d58-aa44-9bac95820e1c,2026-08-29 23:30:00+00:00,Over 3.5,Major League Soccer,1.67,WON,0.6699999999999999,0.24600000000000002,0.7461077844311378,0.7014925373134329,0.5988023952095809,0.17149253731343284,0.24600000000000002
d8d0dab7-fd72-48cc-ac9a-62f2378de6a1,2026-08-29 23:30:00+00:00,BTTS,Major League Soccer,1.4,WON,0.3999999999999999,0.039,0.7421428571428571,0.7058823529411765,0.7142857142857143,-0.0117647058823529,0.039
44c32958-98af-4c91-8b29-f14f0f54e9a0,2026-08-29 23:30:00+00:00,Double Chance 1X,Major League Soccer,1.67,LOST,-1.0,0.11699999999999999,0.6688622754491018,0.5333333333333333,0.5988023952095809,-0.1093333333333334,0.11699999999999999
d740a762-7cf0-4b0a-8110-ac0ebe725a7c,2026-08-29 23:30:00+00:00,Team Over 1.5,Major League Soccer,1.91,LOST,-1.0,0.188,0.6219895287958115,0.5281385281385281,0.5235602094240838,0.008744588744588722,0.188
fec840fb-9853-4d5c-b88e-8b01fa3b7807,2026-08-29 23:30:00+00:00,Moneyline,Major League Soccer,2.9,LOST,-1.0,0.29600000000000004,0.44689655172413795,0.36666666666666664,0.3448275862068966,0.06333333333333324,0.29600000000000004
037be5dd-1be5-49ee-9109-175c14175d55,2026-08-29 23:30:00+00:00,Over 2.5,Major League Soccer,1.4,WON,0.3999999999999999,0.05,0.7500000000000001,0.7101449275362319,0.7142857142857143,-0.005797101449275366,0.05
526b6618-493d-4ff4-b790-859dc6f907ed,2026-08-29 23:30:00+00:00,Over 3.5,Major League Soccer,2.0,WON,1.0,0.08800000000000001,0.544,0.5,0.5,0.0,0.08800000000000001
c5232249-4b82-4e1a-b6b5-16fc2294c246,2026-08-29 23:30:00+00:00,BTTS,Major League Soccer,1.57,WON,0.5700000000000001,0.047,0.6668789808917197,0.5289256198347108,0.6369426751592356,-0.16958677685950407,0.047
a207aacd-a6d0-41e1-b926-72ff036af0e7,2026-08-29 23:30:00+00:00,Over 2.5,Major League Soccer,1.67,LOST,-1.0,0.08199999999999999,0.6479041916167665,0.5258620689655173,0.5988023952095809,-0.12181034482758601,0.08199999999999999
7e5651f8-5c1a-4780-8a13-afc161698c02,2026-08-30 00:20:00+00:00,Moneyline,Serie A,2.35,WON,1.35,0.182,0.5029787234042553,0.375,0.425531914893617,-0.11874999999999991,0.182
acdccb88-bcca-40dc-84ec-1ba88f5381f0,2026-08-30 00:30:00+00:00,Double Chance X2,Major League Soccer,2.1,WON,1.1,0.525,0.7261904761904762,0.7142857142857143,0.47619047619047616,0.5,0.525
277641ff-bacc-4524-9b2e-5050a9529e8f,2026-08-30 00:30:00+00:00,Team Over 1.5,Major League Soccer,2.62,LOST,-1.0,0.556,0.5938931297709924,0.5236051502145924,0.38167938931297707,0.3718454935622322,0.556
d6ed49dd-0d16-481a-a33f-2c8f0fc2d868,2026-08-30 00:30:00+00:00,Moneyline,Major League Soccer,4.1,LOST,-1.0,1.054,0.5009756097560977,0.38596491228070173,0.24390243902439027,0.582456140350877,1.054
74589800-3136-4bdc-bdbf-9fc34b71aeb7,2026-08-30 00:30:00+00:00,Team Over 1.5,Major League Soccer,1.53,WON,0.53,0.047,0.684313725490196,0.5327868852459017,0.6535947712418301,-0.18483606557377041,0.047
794721ce-30e8-41b6-94c7-42a638ec08c2,2026-08-30 00:30:00+00:00,Moneyline,Major League Soccer,1.73,LOST,-1.0,0.047,0.6052023121387283,0.5213675213675213,0.5780346820809249,-0.09803418803418817,0.047
e23c19a6-032b-44ab-9334-1290180ec5f4,2026-08-30 00:30:00+00:00,Over 3.5,Major League Soccer,2.1,WON,1.1,0.048,0.4990476190476191,0.3793103448275862,0.47619047619047616,-0.20344827586206893,0.048
3881c49f-989a-4d25-a804-6733bdbf9cbf,2026-08-30 00:30:00+00:00,Team Over 1.5,Major League Soccer,1.57,WON,0.5700000000000001,0.18100000000000002,0.7522292993630574,0.7183098591549296,0.6369426751592356,0.12774647887323964,0.18100000000000002
cef0e14c-9542-45bd-af93-d94c34e78177,2026-08-30 00:30:00+00:00,Moneyline,Major League Soccer,1.8,WON,0.8,0.17,0.6499999999999999,0.5191489361702127,0.5555555555555556,-0.0655319148936171,0.17
dbb6065c-4faf-4194-beb3-7daaebadb9c9,2026-08-30 00:30:00+00:00,Over 1.5,Major League Soccer,1.12,WON,0.1200000000000001,0.026000000000000002,0.9160714285714285,0.9166666666666666,0.8928571428571428,0.026666666666666616,0.026000000000000002
c9a7bb3d-fe81-4123-9575-de19ac71cc61,2026-08-30 00:30:00+00:00,Over 2.5,Major League Soccer,1.44,WON,0.43999999999999995,0.113,0.7729166666666667,0.75,0.6944444444444444,0.08000000000000007,0.113
59fd0af9-58aa-40cd-ba99-e3d975b04444,2026-08-30 00:30:00+00:00,Over 3.5,Major League Soccer,2.1,WON,1.1,0.226,0.5838095238095238,0.5037593984962406,0.47619047619047616,0.05789473684210544,0.226
2d81bec4-28e6-44cc-b6f9-ad994c0b0f43,2026-08-30 01:05:00+00:00,BTTS,Liga MX,1.8,LOST,-1.0,0.17,0.6499999999999999,0.5211864406779662,0.5555555555555556,-0.061864406779660874,0.17
3458c448-23eb-4a8f-a259-535ad6b3ad7c,2026-08-30 01:05:00+00:00,Over 1.5,Liga MX,1.18,WON,0.17999999999999994,0.038,0.8796610169491527,0.8571428571428571,0.8474576271186441,0.011428571428571344,0.038
d3fd3964-bc75-4c9e-9f9d-d472307c8332,2026-08-30 01:05:00+00:00,Over 2.5,Liga MX,1.62,LOST,-1.0,0.142,0.7049382716049382,0.6363636363636364,0.6172839506172839,0.030909090909090997,0.142
f8da34c4-17d1-4cf8-afd4-fbe6fd13f117,2026-08-30 01:30:00+00:00,Team Over 1.5,Major League Soccer,1.73,LOST,-1.0,0.035,0.5982658959537572,0.518987341772152,0.5780346820809249,-0.10215189873417707,0.035
1083e11f-2f7c-4242-9f5b-963e91f3b9aa,2026-08-30 01:30:00+00:00,Over 2.5,Major League Soccer,1.57,LOST,-1.0,0.044000000000000004,0.664968152866242,0.5365853658536586,0.6369426751592356,-0.15756097560975602,0.044000000000000004
818b3ebc-184b-4f3e-bfb8-d3dd71e80da1,2026-08-30 02:30:00+00:00,Over 2.5,Major League Soccer,1.48,WON,0.48,0.06,0.7162162162162162,0.7120650061826685,0.6756756756756757,0.05385620915034939,0.06
b1b59222-885f-44eb-9b9e-f0b412a5995c,2026-08-30 02:30:00+00:00,Over 3.5,Major League Soccer,2.1,LOST,-1.0,0.077,0.5128571428571428,0.3898305084745763,0.47619047619047616,-0.18135593220338975,0.077
25a67940-e083-4348-b38b-be021b09faf9,2026-08-30 02:30:00+00:00,Team Over 1.5,Major League Soccer,1.5,LOST,-1.0,0.092,0.7280000000000001,0.726027397260274,0.6666666666666666,0.08904109589041109,0.092
cc7673b5-f9fe-459f-a0e0-12bfd647efd9,2026-08-30 02:30:00+00:00,Moneyline,Major League Soccer,1.6,LOST,-1.0,0.086,0.67875,0.532258064516129,0.625,-0.1483870967741936,0.086
8cd5b5ff-b69a-4291-aed6-538edfb87174,2026-08-30 02:30:00+00:00,BTTS,Major League Soccer,1.44,WON,0.43999999999999995,0.079,0.7493055555555556,0.7162162162162162,0.6944444444444444,0.03135135135135125,0.079
a3be4c4e-e6dd-4391-b148-c67b3fd05a7c,2026-08-30 02:30:00+00:00,Over 1.5,Major League Soccer,1.12,WON,0.1200000000000001,0.04,0.9285714285714285,0.999999,0.8928571428571428,0.11999888000000003,0.04
301f8e3f-1b31-49df-948e-1610fd24bdcd,2026-08-30 02:30:00+00:00,Over 2.5,Major League Soccer,1.44,WON,0.43999999999999995,0.155,0.8020833333333334,0.7534246575342466,0.6944444444444444,0.08493150684931505,0.155
c09e461f-d11e-4dc9-bef0-c9f45438be85,2026-08-30 02:30:00+00:00,Over 3.5,Major League Soccer,2.1,WON,1.1,0.317,0.6271428571428571,0.5168067226890758,0.47619047619047616,0.08529411764705919,0.317
2683d8a8-09d4-4bd2-a7c8-2a979d5a24d9,2026-08-30 02:30:00+00:00,Team Over 1.5,Major League Soccer,1.57,WON,0.5700000000000001,0.179,0.7509554140127389,0.72,0.6369426751592356,0.13040000000000007,0.179
3066224c-71cf-46a6-8dcc-7c42208421ae,2026-08-30 02:30:00+00:00,Moneyline,Major League Soccer,1.85,WON,0.8500000000000001,0.11699999999999999,0.6037837837837837,0.5188284518828452,0.5405405405405405,-0.04016736401673626,0.11699999999999999
4122851f-b275-41cf-a0c8-8cb301df3943,2026-08-30 03:10:00+00:00,Draw,Liga MX,3.8,WON,2.8,0.22399999999999998,0.32210526315789473,0.25,0.2631578947368421,-0.050000000000000044,0.22399999999999998
4aa08db7-6e4b-42cd-8229-98adf631a5cd,2026-08-30 03:10:00+00:00,Under 2.5,Liga MX,2.3,WON,1.2999999999999998,0.516,0.6591304347826088,0.528,0.4347826086956522,0.21439999999999992,0.516
13aafd2a-aaa5-4426-afc3-2b5f2cb76ca1,2026-08-30 10:15:00+00:00,BTTS,Eerste Divisie,1.5,WON,0.5,0.155,0.77,0.7536231884057971,0.6666666666666666,0.1304347826086958,0.155
972f9e41-bf97-40a3-b219-ab96966faf17,2026-08-30 10:15:00+00:00,Team Over 1.5,Eerste Divisie,1.5,WON,0.5,0.133,0.7553333333333333,0.7236842105263158,0.6666666666666666,0.08552631578947367,0.133
24209952-4c5d-461e-bd19-42340906b17e,2026-08-30 10:15:00+00:00,Over 1.5,Eerste Divisie,1.12,WON,0.1200000000000001,0.054000000000000006,0.9410714285714286,0.999999,0.8928571428571428,0.11999888000000003,0.054000000000000006
a10de78d-a59b-40a7-af97-6fa4091ee64a,2026-08-30 10:15:00+00:00,Over 2.5,Eerste Divisie,1.48,WON,0.48,0.21100000000000002,0.8182432432432433,0.7692307692307693,0.6756756756756757,0.1384615384615384,0.21100000000000002
f1bc74cb-eb4a-4bf8-92c0-a77eb935a223,2026-08-30 10:15:00+00:00,Over 3.5,Eerste Divisie,2.1,WON,1.1,0.359,0.6471428571428571,0.5208333333333334,0.47619047619047616,0.09375000000000022,0.359
830ab459-382e-450e-b709-6d7d47df90bd,2026-08-30 10:15:00+00:00,Over 2.5,Eredivisie,1.4,WON,0.3999999999999999,0.046,0.7471428571428572,0.7272727272727273,0.7142857142857143,0.018181818181818077,0.046
de425d3c-d6d0-4b58-8aac-25b0a68241e7,2026-08-30 10:15:00+00:00,Over 3.5,Eredivisie,1.91,WON,0.9099999999999999,0.040999999999999995,0.5450261780104712,0.5074626865671642,0.5235602094240838,-0.03074626865671637,0.040999999999999995
a5ac5f93-7ee4-4a27-a7d0-ce94f4e5498a,2026-08-30 11:30:00+00:00,Double Chance 1X,2. Bundesliga,1.73,LOST,-1.0,0.09,0.6300578034682082,0.5229885057471264,0.5780346820809249,-0.09522988505747132,0.09
ace8d7bf-ba32-4f35-8331-121383c93d3c,2026-08-30 11:30:00+00:00,Double Chance X2,2. Bundesliga,1.67,LOST,-1.0,0.047,0.6269461077844312,0.5206611570247934,0.5988023952095809,-0.130495867768595,0.047
c4ab4717-36b9-4397-aa03-8738934de41f,2026-08-30 11:30:00+00:00,Over 2.5,2. Bundesliga,1.57,LOST,-1.0,0.052000000000000005,0.6700636942675159,0.5317460317460317,0.6369426751592356,-0.16515873015873017,0.052000000000000005
027c7e33-e24c-4b94-bb35-734ff0cf1960,2026-08-30 12:00:00+00:00,BTTS,Allsvenskan,1.57,WON,0.5700000000000001,0.035,0.6592356687898089,0.5275590551181101,0.6369426751592356,-0.17173228346456715,0.035
9e553205-706f-4fe2-af95-9e8824123d2b,2026-08-30 12:00:00+00:00,Double Chance 1X,Superliga,1.36,WON,0.3600000000000001,0.03,0.7573529411764706,0.7571428571428571,0.7352941176470588,0.029714285714285804,0.03
f71fdfd5-3983-4d28-868e-4cf162302af3,2026-08-30 12:00:00+00:00,Team Over 1.5,Superliga,1.83,LOST,-1.0,0.06,0.5792349726775956,0.5111111111111111,0.5464480874316939,-0.06466666666666665,0.06
2789aaeb-3c56-4142-9533-8e5e679e355d,2026-08-30 12:00:00+00:00,Moneyline,Superliga,2.1,LOST,-1.0,0.11900000000000001,0.5328571428571428,0.38333333333333336,0.47619047619047616,-0.19499999999999995,0.11900000000000001
8631ad3b-f45e-489c-83fd-691e951883c4,2026-08-30 12:30:00+00:00,Team Over 1.5,Eliteserien,1.3,WON,0.30000000000000004,0.076,0.8276923076923077,0.7721518987341772,0.7692307692307692,0.0037974683544304,0.076
fe6ca547-f908-48c1-8ce2-3159d2e78e6a,2026-08-30 12:30:00+00:00,Moneyline,Eliteserien,1.36,WON,0.3600000000000001,0.051,0.7727941176470587,0.7605633802816901,0.7352941176470588,0.034366197183098635,0.051
9a88a453-2528-4c30-8806-33661049ec1c,2026-08-30 12:30:00+00:00,Over 2.5,Eliteserien,1.33,WON,0.33000000000000007,0.068,0.8030075187969925,0.775,0.7518796992481203,0.030750000000000055,0.068
b858d711-f60a-4dc9-9962-c53f0a46a619,2026-08-30 12:30:00+00:00,Over 3.5,Eliteserien,1.83,WON,0.8300000000000001,0.16,0.633879781420765,0.5185185185185183,0.5464480874316939,-0.05111111111111155,0.16
797cee88-c707-44cd-bcab-8feb203c5b6e,2026-08-30 12:30:00+00:00,BTTS,Eredivisie,1.8,WON,0.8,0.08,0.6,0.5204918032786885,0.5555555555555556,-0.06311475409836065,0.08
6bc665aa-d7f4-4c7f-a7e5-2a2cd7b4ae99,2026-08-30 13:00:00+00:00,BTTS,Ligue 1,1.8,LOST,-1.0,0.039,0.5772222222222222,0.5073529411764706,0.5555555555555556,-0.08676470588235297,0.039
8eee11d9-5f2d-482c-9fb0-bf011dd5e56c,2026-08-30 13:00:00+00:00,Over 1.5,Ligue 1,1.33,WON,0.33000000000000007,0.055,0.7932330827067668,0.7638888888888888,0.7518796992481203,0.015972222222222276,0.055
3b57cb01-fdbf-482c-9c1c-939f3a4d4576,2026-08-30 13:00:00+00:00,Over 2.5,Ligue 1,2.1,WON,1.1,0.17800000000000002,0.5609523809523809,0.5036496350364964,0.47619047619047616,0.05766423357664241,0.17800000000000002
e9e3a873-b6e6-4414-9e47-64d0df9e7a4e,2026-08-30 13:00:00+00:00,Moneyline,Ligue 1,2.05,WON,1.0499999999999998,0.05,0.5121951219512195,0.3770491803278688,0.48780487804878053,-0.22704918032786903,0.05
b162a008-d422-4d51-b527-393675d689c8,2026-08-30 13:30:00+00:00,Moneyline,Bundesliga,1.91,WON,0.9099999999999999,0.047,0.5481675392670157,0.5072463768115942,0.5235602094240838,-0.031159420289855078,0.047
c3e8b4d9-fe2b-4c50-9fbe-60052063912f,2026-08-30 14:00:00+00:00,Moneyline,Jupiler Pro League,2.45,LOST,-1.0,0.08800000000000001,0.4440816326530612,0.273304473304474,0.4081632653061224,-0.3304040404040387,0.08800000000000001
042b898b-3e91-4af3-9ef8-78ccc1491035,2026-08-30 14:00:00+00:00,Over 2.5,Jupiler Pro League,1.8,WON,0.8,0.044000000000000004,0.58,0.5107913669064749,0.5555555555555556,-0.08057553956834518,0.044000000000000004
bff570a1-a4a6-4ff5-937b-1ecd491c1c4e,2026-08-30 14:00:00+00:00,BTTS,Premiership,1.67,WON,0.6699999999999999,0.06,0.6347305389221557,0.5224489795918368,0.5988023952095809,-0.1275102040816326,0.06
64db66e2-f017-41e6-8824-305ace721baf,2026-08-30 14:00:00+00:00,Over 1.5,Premiership,1.25,WON,0.25,0.026000000000000002,0.8208,0.7777777777777778,0.8,-0.02777777777777779,0.026000000000000002
ba078b1a-3598-467d-ba75-9c2bac15de8b,2026-08-30 14:00:00+00:00,Over 2.5,Premiership,1.8,WON,0.8,0.09300000000000001,0.6072222222222222,0.524390243902439,0.5555555555555556,-0.056097560975609695,0.09300000000000001
dbd8ad8d-b5ca-43b9-8d2a-711917cfc966,2026-08-30 14:00:00+00:00,BTTS,Serie A,1.95,WON,0.95,0.16,0.5948717948717949,0.5263157894736842,0.5128205128205129,0.02631578947368407,0.16
8b6b8e03-46d7-4f7a-a0cd-d5140491cea5,2026-08-30 14:00:00+00:00,Over 1.5,Serie A,1.4,WON,0.3999999999999999,0.10300000000000001,0.7878571428571429,0.7671232876712328,0.7142857142857143,0.07397260273972583,0.10300000000000001
3387453a-6d05-45c6-83cf-ed5e54ce9b61,2026-08-30 14:00:00+00:00,Over 2.5,Serie A,2.25,WON,1.25,0.249,0.5551111111111111,0.5142857142857142,0.4444444444444444,0.15714285714285703,0.249
7919b6d3-6a4a-4c07-b1f9-6f2043e67c5f,2026-08-30 14:00:00+00:00,Team Over 1.5,Superliga,1.83,LOST,-1.0,0.215,0.6639344262295083,0.53125,0.5464480874316939,-0.027812500000000018,0.215
3d8ea7d7-4978-4ad2-ba53-5de1bccb7f17,2026-08-30 14:00:00+00:00,Moneyline,Superliga,2.05,LOST,-1.0,0.201,0.5858536585365854,0.5177304964539007,0.48780487804878053,0.06134751773049629,0.201
2a8f8414-20ca-439f-b449-3fa26fb7d920,2026-08-30 14:00:00+00:00,BTTS,Superliga,1.57,WON,0.5700000000000001,0.038,0.6611464968152866,0.5278514588859416,0.6369426751592356,-0.17127320954907155,0.038
0b7bd628-ff01-413f-9e6b-4714dbf74b0e,2026-08-30 14:00:00+00:00,Over 1.5,Superliga,1.2,WON,0.19999999999999996,0.052000000000000005,0.8766666666666667,0.7804878048780488,0.8333333333333334,-0.06341463414634152,0.052000000000000005
04f02535-b7ee-421a-929b-76146384d124,2026-08-30 14:00:00+00:00,Over 2.5,Superliga,1.67,WON,0.6699999999999999,0.159,0.6940119760479042,0.6153846153846154,0.5988023952095809,0.027692307692307683,0.159
6f1ffb14-6fad-43e4-b123-8adc536a2559,2026-08-30 14:00:00+00:00,Double Chance X2,Premiership,1.5,WON,0.5,0.057,0.7046666666666667,0.625,0.6666666666666666,-0.0625,0.057
9344f9ad-0854-4d7a-b84d-9cd2930986ae,2026-08-30 14:00:00+00:00,Under 2.5,Premiership,1.8,LOST,-1.0,0.125,0.625,0.5282258064516129,0.5555555555555556,-0.049193548387096775,0.125
a56f6f51-9dfe-4e5f-860a-719dd2241152,2026-08-30 14:30:00+00:00,BTTS,Super League,1.44,WON,0.43999999999999995,0.05,0.7291666666666667,0.7307692307692307,0.6944444444444444,0.052307692307692166,0.05
d57d28b5-87fc-4906-aa09-961c2aee9b56,2026-08-30 14:30:00+00:00,Team Over 1.5,Super League,1.73,WON,0.73,0.121,0.6479768786127168,0.5261044176706826,0.5780346820809249,-0.08983935742971905,0.121
e64f046f-99f9-4945-aaa1-b82a60bafb01,2026-08-30 14:30:00+00:00,Over 1.5,Super League,1.14,WON,0.1399999999999999,0.031,0.9043859649122807,0.9230769230769231,0.8771929824561404,0.052307692307692166,0.031
989dcc98-0d5d-45de-9f85-8f4face4cd91,2026-08-30 14:30:00+00:00,Over 2.5,Super League,1.5,WON,0.5,0.115,0.7433333333333333,0.7341772151898734,0.6666666666666666,0.10126582278481022,0.115
59cd98f8-bd24-4fb1-abbb-5fe6950e9a71,2026-08-30 14:30:00+00:00,Over 3.5,Super League,2.2,WON,1.2000000000000002,0.19,0.5409090909090909,0.5140845070422535,0.45454545454545453,0.1309859154929578,0.19
5470197d-ceff-4753-b912-5935e07f49e6,2026-08-30 14:30:00+00:00,Moneyline,Allsvenskan,1.57,WON,0.5700000000000001,0.057999999999999996,0.6738853503184713,0.5307692307692308,0.6369426751592356,-0.1666923076923077,0.057999999999999996
17eea403-f727-4f76-85b7-303c10c56c43,2026-08-30 14:30:00+00:00,Moneyline,Primeira Liga,2.35,LOST,-1.0,0.069,0.45489361702127656,0.35714285714285715,0.425531914893617,-0.1607142857142857,0.069
24f7cb0a-f21c-4da5-b1a7-93d4f8e05f14,2026-08-30 14:45:00+00:00,BTTS,Eredivisie,1.5,LOST,-1.0,0.038,0.6920000000000001,0.5384615384615384,0.6666666666666666,-0.1923076923076923,0.038
0c5cfa9a-24bd-4820-8b3d-82dab165b484,2026-08-30 14:45:00+00:00,Over 2.5,Eerste Divisie,1.44,WON,0.43999999999999995,0.057999999999999996,0.7347222222222223,0.7375,0.6944444444444444,0.062000000000000055,0.057999999999999996
cd4abb5f-7be7-4c32-93b7-d503c5da6811,2026-08-30 14:45:00+00:00,Over 3.5,Eerste Divisie,2.0,WON,1.0,0.06,0.53,0.3870967741935484,0.5,-0.22580645161290325,0.06
fd7dff2a-b660-4fcb-a606-1beb5df92265,2026-08-30 14:45:00+00:00,Team Over 1.5,Eerste Divisie,1.83,WON,0.8300000000000001,0.114,0.6087431693989072,0.528,0.5464480874316939,-0.0337599999999999,0.114
faa6da4e-38e9-425c-b875-3e20fd909407,2026-08-30 14:45:00+00:00,Moneyline,Eerste Divisie,2.62,WON,1.62,0.166,0.44503816793893125,0.2976964910058735,0.38167938931297707,-0.22003519356461143,0.166
27df9095-9274-44eb-afc2-e99270ed9175,2026-08-30 15:00:00+00:00,BTTS,Bundesliga,1.75,WON,0.75,0.057,0.604,0.5298804780876492,0.5714285714285714,-0.07270916334661393,0.057
20493ea1-6606-4bd2-8667-c8f6022c927b,2026-08-30 15:00:00+00:00,Over 2.5,Bundesliga,1.95,WON,0.95,0.111,0.5697435897435897,0.5174825174825175,0.5128205128205129,0.009090909090909038,0.111
1906170f-9b06-4b03-9c8e-1479b45ab561,2026-08-30 15:00:00+00:00,BTTS,Bundesliga,1.53,WON,0.53,0.036000000000000004,0.677124183006536,0.5314861460957179,0.6535947712418301,-0.1868261964735517,0.036000000000000004
51b85448-f24e-4793-93d1-3e6b2494ee02,2026-08-30 15:00:00+00:00,Over 2.5,Bundesliga,1.62,WON,0.6200000000000001,0.07400000000000001,0.662962962962963,0.5342465753424658,0.6172839506172839,-0.1345205479452054,0.07400000000000001
664f321f-7d04-468c-bb9d-a62fcd92a58e,2026-08-30 15:00:00+00:00,Team Over 1.5,Eliteserien,1.8,LOST,-1.0,0.057,0.5872222222222222,0.5231210933940159,0.5555555555555556,-0.05838203189077129,0.057
35deefbe-78dc-408e-b772-40e5f8348282,2026-08-30 15:00:00+00:00,BTTS,Eliteserien,1.57,LOST,-1.0,0.115,0.7101910828025477,0.6326530612244898,0.6369426751592356,-0.006734693877550879,0.115
bd398cc1-bab8-4e49-841b-8b84aea94475,2026-08-30 15:00:00+00:00,Over 1.5,Eliteserien,1.17,LOST,-1.0,0.044000000000000004,0.8923076923076924,0.9285714285714286,0.8547008547008548,0.0864285714285713,0.044000000000000004
2c581658-6714-4e5a-86e1-28fb68c740b9,2026-08-30 15:00:00+00:00,Over 2.5,Eliteserien,1.57,LOST,-1.0,0.141,0.7267515923566878,0.7407407407407407,0.6369426751592356,0.16296296296296298,0.141
ac68f4d6-5771-4dfd-8eb9-8d1de907da81,2026-08-30 15:00:00+00:00,Over 3.5,Eliteserien,2.38,LOST,-1.0,0.23800000000000002,0.5201680672268908,0.3968253968253968,0.42016806722689076,-0.05555555555555569,0.23800000000000002
0f8967a7-56a3-4e82-a594-556b7e59dd77,2026-08-30 15:30:00+00:00,BTTS,Premier League,1.8,WON,0.8,0.06,0.5888888888888889,0.5317460317460317,0.5555555555555556,-0.042857142857142816,0.06
c3d2709d-42ed-4b07-a9e7-f84e4da58ddb,2026-08-30 16:00:00+00:00,Double Chance 1X,Süper Lig,1.62,WON,0.6200000000000001,0.069,0.6598765432098764,0.5374149659863946,0.6172839506172839,-0.1293877551020407,0.069
69b08a1c-b766-4424-b7fe-dac233bb7114,2026-08-30 16:00:00+00:00,Moneyline,Superliga,2.05,WON,1.0499999999999998,0.07,0.5219512195121953,0.390625,0.48780487804878053,-0.1992187500000001,0.07
87f08703-15ef-4b65-a21a-5abc65e2ed7d,2026-08-30 16:30:00+00:00,Moneyline,Jupiler Pro League,1.67,WON,0.6699999999999999,0.094,0.6550898203592815,0.5335968379446641,0.5988023952095809,-0.1088932806324111,0.094
38c72f29-d600-4a94-beaa-bd06fbeaf6e1,2026-08-30 17:00:00+00:00,BTTS,Primeira Liga,2.05,LOST,-1.0,0.091,0.5321951219512195,0.4,0.48780487804878053,-0.18000000000000005,0.091
3ed0e98b-31a7-4d75-8ab0-1d5e1c429ebe,2026-08-30 17:00:00+00:00,Over 1.5,Primeira Liga,1.44,LOST,-1.0,0.040999999999999995,0.7229166666666667,0.7317073170731707,0.6944444444444444,0.0536585365853659,0.040999999999999995
8b1065dd-422a-463c-a416-034f7fb440ee,2026-08-30 17:00:00+00:00,BTTS,Bundesliga,1.7,WON,0.7,0.045,0.6147058823529411,0.5354330708661418,0.5882352941176471,-0.08976377952755898,0.045
8878d45d-3581-45dd-b8ad-c6a889ffc8af,2026-08-30 17:15:00+00:00,BTTS,Eliteserien,1.67,WON,0.6699999999999999,0.054000000000000006,0.6311377245508982,0.5372549019607843,0.5988023952095809,-0.10278431372549024,0.054000000000000006
7e4a7f69-cc5c-4336-9ea9-e065ad8a14f4,2026-08-30 17:15:00+00:00,Over 2.5,Eliteserien,1.67,WON,0.6699999999999999,0.065,0.6377245508982036,0.5390625,0.5988023952095809,-0.09976562500000008,0.065
08701e09-4c8d-43ef-9d80-d87163471eeb,2026-08-30 18:00:00+00:00,BTTS,Pro League,1.8,LOST,-1.0,0.152,0.6399999999999999,0.5407407407407407,0.5555555555555556,-0.026666666666666616,0.152
3d7a1cb7-4cfc-4dc7-974d-861a5f30807e,2026-08-30 18:00:00+00:00,Over 2.5,Pro League,1.33,LOST,-1.0,0.043,0.7842105263157894,0.7702702702702703,0.7518796992481203,0.024459459459459598,0.043
f7994a61-3dbf-4a19-8074-59cf427e8110,2026-08-30 18:00:00+00:00,Over 3.5,Pro League,1.83,LOST,-1.0,0.098,0.6,0.5387596899224806,0.5464480874316939,-0.014069767441860503,0.098
4948ab7e-a4f1-46f0-aae0-5adabdbcd407,2026-08-30 18:00:00+00:00,BTTS,Eredivisie,1.67,WON,0.6699999999999999,0.077,0.6449101796407186,0.5372340425531913,0.5988023952095809,-0.10281914893617061,0.077
712cebd0-5da0-4c2c-bc7d-22e18ee5030c,2026-08-30 18:00:00+00:00,Over 2.5,Eredivisie,1.44,WON,0.43999999999999995,0.044000000000000004,0.7250000000000001,0.7142857142857143,0.6944444444444444,0.02857142857142847,0.044000000000000004
d73f190d-4ab4-489f-bffb-713ac92258f2,2026-08-30 18:00:00+00:00,Over 3.5,Eredivisie,2.0,WON,1.0,0.042,0.521,0.3939393939393939,0.5,-0.21212121212121215,0.042
10025930-7bd7-41b2-ae71-ec161a8b012e,2026-08-30 18:30:00+00:00,Team Over 1.5,Süper Lig,1.67,LOST,-1.0,0.042,0.6239520958083833,0.5396825396825397,0.5988023952095809,-0.09873015873015878,0.042
d83e914a-38d3-41fe-85f8-084fbd4b51d1,2026-08-30 18:30:00+00:00,Over 2.5,Süper Lig,1.75,LOST,-1.0,0.046,0.5977142857142858,0.5352112676056338,0.5714285714285714,-0.06338028169014098,0.046
7683d17b-a788-402d-884b-232fc81d3108,2026-08-30 18:45:00+00:00,Moneyline,Ligue 1,2.45,WON,1.4500000000000002,0.071,0.4371428571428571,0.2647058823529412,0.4081632653061224,-0.3514705882352941,0.071
2d4a7be2-cc14-438a-bb53-cbe4fb63b115,2026-08-30 19:00:00+00:00,BTTS,Serie A,1.8,LOST,-1.0,0.14300000000000002,0.635,0.5368421052631579,0.5555555555555556,-0.03368421052631576,0.14300000000000002
e38b181f-eba2-4338-a6ff-73d2859e41b9,2026-08-30 19:00:00+00:00,Over 2.5,Serie A,1.62,WON,0.6200000000000001,0.032,0.637037037037037,0.5340314136125655,0.6172839506172839,-0.1348691099476439,0.032
f5edbf7f-ccfa-4dc6-b6ef-d086d124051d,2026-08-30 19:30:00+00:00,Moneyline,La Liga,2.38,LOST,-1.0,0.064,0.4470588235294118,0.36363636363636365,0.42016806722689076,-0.13454545454545452,0.064
034ed3b4-b2c6-4b1e-aa9f-aa94437b3227,2026-08-31 00:00:00+00:00,BTTS,Liga MX,1.75,LOST,-1.0,0.099,0.628,0.5364583333333334,0.5714285714285714,-0.06119791666666663,0.099
48605049-ba25-4ba0-ac90-9afa0364c6a8,2026-08-31 16:30:00+00:00,Under 2.5,Serie A,1.8,LOST,-1.0,0.11199999999999999,0.6177777777777779,0.5336787564766841,0.5555555555555556,-0.03937823834196863,0.11199999999999999
b0ad1c5f-fcab-4b5e-9959-e6f3cb977197,2026-08-31 17:00:00+00:00,Draw,Superliga,4.75,LOST,-1.0,0.273,0.268,0.2857142857142857,0.21052631578947367,0.357142857142857,0.273
1df41939-5767-4f75-9178-e314fa3a275d,2026-08-31 17:00:00+00:00,BTTS,Allsvenskan,1.62,LOST,-1.0,0.145,0.70679012345679,0.62,0.6172839506172839,0.0043999999999999595,0.145
8f71910d-df62-4770-b9c2-2a8a0ba83b0d,2026-08-31 17:00:00+00:00,Over 2.5,Allsvenskan,1.57,WON,0.5700000000000001,0.105,0.7038216560509554,0.6078431372549019,0.6369426751592356,-0.045686274509804004,0.105
6b5d668b-e8c2-4348-a5a1-3af67b93244d,2026-08-31 17:00:00+00:00,BTTS,Allsvenskan,1.5,LOST,-1.0,0.111,0.7406666666666667,0.7317073170731707,0.6666666666666666,0.09756097560975618,0.111
d4b9c309-cd80-44af-9cd7-e9d2d9671c78,2026-08-31 17:00:00+00:00,Over 1.5,Allsvenskan,1.14,LOST,-1.0,0.036000000000000004,0.9087719298245616,0.9230769230769231,0.8771929824561404,0.052307692307692166,0.036000000000000004
a831ac3f-1c93-4e66-8161-6d389cab824c,2026-08-31 17:00:00+00:00,Over 2.5,Allsvenskan,1.53,LOST,-1.0,0.147,0.7496732026143791,0.7176470588235294,0.6535947712418301,0.09800000000000009,0.147
f881f940-e99c-4933-891f-496145154f79,2026-08-31 17:00:00+00:00,Over 3.5,Allsvenskan,2.2,LOST,-1.0,0.23,0.5590909090909091,0.5172413793103448,0.45454545454545453,0.13793103448275845,0.23
a7d6063d-5d63-43c9-a20c-3ca6e0ffca6b,2026-08-31 18:00:00+00:00,Draw,Eerste Divisie,4.33,LOST,-1.0,0.243,0.2870669745958429,0.26776738008673834,0.23094688221709006,0.15943275577557703,0.243
4cbaf09d-0767-43e2-a7db-26e1e7839182,2026-08-31 18:30:00+00:00,Double Chance 1X,Süper Lig,1.8,WON,0.8,0.139,0.6327777777777778,0.5309278350515464,0.5555555555555556,-0.04432989690721645,0.139
d35da25e-a487-4e17-ac0a-ccee9f86f781,2026-08-31 18:30:00+00:00,BTTS,Süper Lig,2.0,WON,1.0,0.08800000000000001,0.544,0.5136986301369864,0.5,0.027397260273972712,0.08800000000000001
ae08197d-a563-44f6-b63e-7dddb161c816,2026-08-31 19:00:00+00:00,BTTS,Premier League,1.95,LOST,-1.0,0.076,0.5517948717948719,0.5170068027210885,0.5128205128205129,0.008163265306122547,0.076
a44d0695-8eee-455d-9419-87acbb874856,2026-08-31 19:15:00+00:00,Over 2.5,Primeira Liga,1.95,LOST,-1.0,0.113,0.5707692307692308,0.5135135135135134,0.5128205128205129,0.0013513513513510045,0.113
85257e51-b3b7-4692-b36e-d752bb73e9b0,2026-08-31 19:15:00+00:00,Team Over 1.5,Primeira Liga,1.83,LOST,-1.0,0.094,0.5978142076502733,0.5277777777777778,0.5464480874316939,-0.03416666666666657,0.094
1f61cdc0-df67-4cb2-a484-1eb245079170,2026-08-31 19:15:00+00:00,Moneyline,Primeira Liga,1.7,WON,0.7,0.037000000000000005,0.61,0.5319148936170214,0.5882352941176471,-0.09574468085106369,0.037000000000000005
9e156c49-edbc-4c25-80c4-da57e2dbef4a,2026-08-31 23:00:00+00:00,Double Chance X2,Serie A,1.7,WON,0.7,0.13699999999999998,0.6688235294117647,0.5405405405405406,0.5882352941176471,-0.08108108108108103,0.13699999999999998
4735e875-f15f-4fff-9dae-7bd44ba974e4,2026-09-01 18:45:00+00:00,Moneyline,Championship,3.1,LOST,-1.0,0.38,0.4451612903225806,0.35294117647058826,0.3225806451612903,0.09411764705882364,0.38
0914b3a3-ee7b-470c-ba87-5ff9e884d533,2026-09-01 18:45:00+00:00,Double Chance X2,Championship,1.67,WON,0.6699999999999999,0.16899999999999998,0.7000000000000001,0.6153846153846154,0.5988023952095809,0.027692307692307683,0.16899999999999998
4090e97e-8bc2-4355-b98c-7b6ff3de8255,2026-09-01 18:45:00+00:00,Draw,Championship,3.75,LOST,-1.0,0.17800000000000002,0.3141333333333333,0.28125,0.26666666666666666,0.0546875,0.17800000000000002
e089e78d-c1a9-4314-83a3-23aae2a284d3,2026-09-01 18:45:00+00:00,Under 2.5,Championship,2.0,LOST,-1.0,0.332,0.666,0.5436241610738255,0.5,0.08724832214765099,0.332
806d5b9c-ccc1-470d-822b-f398a79f3167,2026-09-01 18:45:00+00:00,BTTS,Championship,1.67,WON,0.6699999999999999,0.049,0.6281437125748502,0.5357142857142857,0.5988023952095809,-0.10535714285714293,0.049
43bbe32c-309e-42ed-b50d-08cb28258c32,2026-09-01 18:45:00+00:00,Double Chance X2,Championship,1.8,LOST,-1.0,0.242,0.69,0.54,0.5555555555555556,-0.027999999999999914,0.242
18923cbc-5725-4500-a051-2b102ec8de95,2026-09-01 18:45:00+00:00,Over 1.5,Championship,1.25,WON,0.25,0.027999999999999997,0.8224,0.7831325301204819,0.8,-0.02108433734939763,0.027999999999999997
7e1c1ab2-aa2d-40dc-809f-85d39ce8ee68,2026-09-01 18:45:00+00:00,Over 2.5,Championship,1.8,WON,0.8,0.087,0.6038888888888888,0.5373563218390804,0.5555555555555556,-0.03275862068965518,0.087
d52481fb-573e-448b-ab78-6905dffa3850,2026-09-01 18:45:00+00:00,Moneyline,Championship,3.7,LOST,-1.0,0.632,0.4410810810810811,0.2777777777777778,0.27027027027027023,0.0277777777777779,0.632
b378292e-adf6-4fb0-aac7-7558a2168d81,2026-09-01 19:00:00+00:00,BTTS,Championship,1.67,WON,0.6699999999999999,0.064,0.6371257485029941,0.5386819484240688,0.5988023952095809,-0.10040114613180517,0.064
c17da183-b0c6-4d0c-a648-367cf42e91a2,2026-09-01 19:00:00+00:00,Over 1.5,Championship,1.25,WON,0.25,0.036000000000000004,0.8288,0.7857142857142857,0.8,-0.017857142857142905,0.036000000000000004
4a7cd675-3394-40d5-b371-5cf4558e67c7,2026-09-01 19:00:00+00:00,Over 2.5,Championship,1.8,LOST,-1.0,0.1,0.6111111111111112,0.54,0.5555555555555556,-0.027999999999999914,0.1
6b269be9-181a-4505-8257-41d9802536e8,2026-09-01 19:00:00+00:00,BTTS,Coppa Italia,1.95,LOST,-1.0,0.071,0.5492307692307692,0.5100671140939598,0.5128205128205129,-0.005369127516778427,0.071
aa4c515b-5663-4bc1-8ed7-b9d4f6ef06ae,2026-09-01 19:00:00+00:00,Over 1.5,Coppa Italia,1.36,LOST,-1.0,0.057,0.7772058823529411,0.76,0.7352941176470588,0.033600000000000074,0.057
76ad8151-7031-48bc-bf14-f1541c6078f6,2026-09-02 00:00:00+00:00,Moneyline,Copa Do Brasil,2.45,WON,1.4500000000000002,0.107,0.45183673469387753,0.3333333333333333,0.4081632653061224,-0.18333333333333335,0.107
a4891a61-e066-4c2f-80c5-203c47210e33,2026-09-02 00:00:00+00:00,BTTS,Copa Do Brasil,1.95,WON,0.95,0.14300000000000002,0.5861538461538461,0.5066666666666667,0.5128205128205129,-0.0119999999999999,0.14300000000000002
2d49eebd-786b-4993-b78f-b85201f07455,2026-09-02 00:00:00+00:00,Over 1.5,Copa Do Brasil,1.36,WON,0.3600000000000001,0.066,0.7838235294117647,0.75,0.7352941176470588,0.020000000000000018,0.066
0ca5532a-0394-4420-8528-fcd706a25ac6,2026-09-02 00:00:00+00:00,Over 2.5,Copa Do Brasil,2.2,WON,1.2000000000000002,0.214,0.5518181818181818,0.5099337748344371,0.45454545454545453,0.12185430463576186,0.214
e76fc0f6-079d-4353-aa3e-294914ab633c,2026-09-02 13:00:00+00:00,Double Chance X2,Coppa Italia,1.91,LOST,-1.0,0.152,0.6031413612565445,0.5205479452054794,0.5235602094240838,-0.005753424657534367,0.152
de81046f-a4f5-46ec-9717-9982333de79f,2026-09-02 18:30:00+00:00,BTTS,Super League,1.5,LOST,-1.0,0.053,0.702,0.6226415094339622,0.6666666666666666,-0.0660377358490567,0.053
207def4b-9334-4d8e-a60e-e5273338286f,2026-09-02 18:30:00+00:00,Over 1.5,Super League,1.14,WON,0.1399999999999999,0.027000000000000003,0.9008771929824562,0.8571428571428571,0.8771929824561404,-0.02285714285714302,0.027000000000000003
afa444e7-9e66-45e0-88bd-0eca9cebbe5a,2026-09-02 18:30:00+00:00,Over 2.5,Super League,1.48,LOST,-1.0,0.094,0.7391891891891893,0.7093023255813954,0.6756756756756757,0.04976744186046522,0.094
e4f7e90f-8ee1-4037-8628-a8225b4473d9,2026-09-02 18:30:00+00:00,Over 3.5,Super League,2.1,LOST,-1.0,0.138,0.5419047619047619,0.5131578947368421,0.47619047619047616,0.0776315789473685,0.138
3d353998-171e-4554-997a-9fa1186f0446,2026-09-02 18:30:00+00:00,Team Over 1.5,Super League,1.57,LOST,-1.0,0.086,0.69171974522293,0.5384615384615384,0.6369426751592356,-0.1546153846153846,0.086
d6567f50-e5e9-4a08-bae2-d11b422009c1,2026-09-02 18:30:00+00:00,BTTS,Super League,1.4,WON,0.3999999999999999,0.106,0.7900000000000001,0.7532467532467533,0.7142857142857143,0.05454545454545445,0.106
bbdcc4a7-feb6-4fb9-ad3a-aa52da785be9,2026-09-02 18:30:00+00:00,Team Over 1.5,Super League,2.5,LOST,-1.0,0.38,0.5519999999999999,0.5098039215686274,0.4,0.27450980392156854,0.38
cfc3f0da-8797-4fb8-a507-8a6a846aacc1,2026-09-02 18:30:00+00:00,Team Over 1.5,Super League,1.4,WON,0.3999999999999999,0.049,0.7492857142857143,0.7011494252873564,0.7142857142857143,-0.01839080459770115,0.049
88055f5e-73ac-446c-a77f-2e424743c457,2026-09-02 18:30:00+00:00,Over 1.5,Super League,1.1,WON,0.10000000000000009,0.036000000000000004,0.9418181818181818,0.999999,0.9090909090909091,0.09999890000000011,0.036000000000000004
5d4c0338-5c72-49d0-9085-96ba21ba556a,2026-09-02 18:30:00+00:00,Over 2.5,Super League,1.33,WON,0.33000000000000007,0.10400000000000001,0.8300751879699249,0.788235294117647,0.7518796992481203,0.04835294117647071,0.10400000000000001
70d66b7b-782a-413c-a134-edf0c85419bc,2026-09-02 18:30:00+00:00,Over 3.5,Super League,1.83,LOST,-1.0,0.20800000000000002,0.6601092896174863,0.5369318181818182,0.5464480874316939,-0.017414772727272543,0.20800000000000002
67c79e03-34ff-420a-a7fe-8251877b4de4,2026-09-02 18:45:00+00:00,Double Chance 1X,Premiership,1.53,WON,0.53,0.07400000000000001,0.7019607843137255,0.6111111111111112,0.6535947712418301,-0.06499999999999995,0.07400000000000001
e1359715-2547-4eaa-823a-bab1dfc4eaad,2026-09-02 18:45:00+00:00,Moneyline,Premiership,2.6,LOST,-1.0,0.131,0.435,0.2647058823529412,0.3846153846153846,-0.31176470588235294,0.131
e9eb812d-f30b-4fa5-b4a9-3159ecf30923,2026-09-02 18:45:00+00:00,Over 2.5,Premiership,1.8,LOST,-1.0,0.046,0.5811111111111111,0.5064935064935064,0.5555555555555556,-0.08831168831168834,0.046
51577721-b08d-4e68-8c4f-a6a62bd52825,2026-09-02 18:45:00+00:00,Moneyline,Premiership,1.95,WON,0.95,0.043,0.5348717948717948,0.40298507462686567,0.5128205128205129,-0.21417910447761201,0.043
e24aefb7-2544-442e-8761-0068a71ead36,2026-09-02 18:45:00+00:00,Over 3.5,DFB Pokal,1.33,WON,0.33000000000000007,0.063,0.7992481203007518,0.7564102564102564,0.7518796992481203,0.00602564102564096,0.063
a602e142-7adc-4d0b-8049-4d8e76081cff,2026-09-02 18:45:00+00:00,Over 2.5,Championship,1.73,WON,0.73,0.035,0.5982658959537572,0.5135135135135135,0.5780346820809249,-0.1116216216216217,0.035
51e82852-f9b7-4c50-8a5d-82243cb43c55,2026-09-02 19:00:00+00:00,Over 2.5,Championship,1.73,LOST,-1.0,0.052000000000000005,0.608092485549133,0.5354107648725213,0.5780346820809249,-0.07373937677053821,0.052000000000000005
ce985817-466a-4b3a-9a42-6ff43cf21092,2026-09-02 19:00:00+00:00,BTTS,Premiership,1.67,WON,0.6699999999999999,0.052000000000000005,0.6299401197604791,0.5338983050847458,0.5988023952095809,-0.10838983050847462,0.052000000000000005
a82aace5-ba1c-4bf4-b96f-81a5cc724a9c,2026-09-02 19:00:00+00:00,Over 2.5,Premiership,1.62,WON,0.6200000000000001,0.063,0.6561728395061728,0.5352112676056338,0.6172839506172839,-0.13295774647887326,0.063
de5bc4f2-1f92-45aa-9c87-953d3d64d849,2026-09-03 00:30:00+00:00,Double Chance 1X,Copa Do Brasil,1.33,LOST,-1.0,0.08800000000000001,0.8180451127819549,0.7906976744186046,0.7518796992481203,0.05162790697674424,0.08800000000000001
3a64a21a-2a2d-4b29-8169-de374ea7353c,2026-09-03 00:30:00+00:00,Moneyline,Copa Do Brasil,2.25,LOST,-1.0,0.262,0.5608888888888889,0.5032258064516129,0.4444444444444444,0.13225806451612887,0.262
9be5c462-0e94-4cc9-b8da-4d5f2e1bd2be,2026-09-03 01:00:00+00:00,Team Over 1.5,Leagues Cup,1.67,WON,0.6699999999999999,0.052000000000000005,0.6299401197604791,0.5365168539325843,0.5988023952095809,-0.1040168539325842,0.052000000000000005
f2c272fa-8d24-415d-a8aa-2c91101d6367,2026-09-03 01:00:00+00:00,Moneyline,Leagues Cup,1.8,WON,0.8,0.10300000000000001,0.6127777777777778,0.5378151260504201,0.5555555555555556,-0.031932773109243695,0.10300000000000001
1015f006-1f45-4851-b999-4ef9fca70fae,2026-09-03 03:30:00+00:00,Team Over 1.5,Leagues Cup,2.0,LOST,-1.0,0.10800000000000001,0.554,0.49999999999999983,0.5,-3.3306690738754696e-16,0.10800000000000001
28d69edc-e32e-4caf-91b9-81a0e0d72f4e,2026-09-03 03:30:00+00:00,Moneyline,Leagues Cup,2.25,LOST,-1.0,0.19,0.5288888888888889,0.4166666666666667,0.4444444444444444,-0.0625,0.19
e4f71006-35a1-4a69-9e95-f3bed12cb633,2026-09-03 03:30:00+00:00,Double Chance 1X,Leagues Cup,1.33,WON,0.33000000000000007,0.027999999999999997,0.7729323308270677,0.759493670886076,0.7518796992481203,0.010126582278481067,0.027999999999999997
d3f96e31-2f35-42bc-8691-68495bb999e7,2026-09-03 15:55:00+00:00,BTTS,Pro League,1.83,LOST,-1.0,0.038,0.5672131147540983,0.4968944099378882,0.5464480874316939,-0.09068322981366461,0.038
6cff6792-064a-47cb-8dbc-530285b32b6a,2026-09-03 15:55:00+00:00,Over 1.5,Pro League,1.36,WON,0.3600000000000001,0.032,0.7588235294117647,0.7625,0.7352941176470588,0.03699999999999992,0.032
0d3a466d-d871-4edc-bb14-788483e3311a,2026-09-03 17:00:00+00:00,BTTS,Allsvenskan,1.62,LOST,-1.0,0.068,0.6592592592592592,0.5391061452513967,0.6172839506172839,-0.12664804469273738,0.068
a8e0006e-87c1-43d3-9a05-227965bced54,2026-09-03 17:00:00+00:00,Double Chance 1X,Allsvenskan,2.05,LOST,-1.0,0.386,0.6760975609756099,0.5376044568245125,0.48780487804878053,0.10208913649025053,0.386
79cb97af-10cc-40a8-bf32-e618eab06317,2026-09-03 17:00:00+00:00,Moneyline,Allsvenskan,4.0,LOST,-1.0,0.764,0.441,0.2571428571428571,0.25,0.02857142857142847,0.764
abc582e9-758a-46a1-ad09-7dec43c599ff,2026-09-03 18:00:00+00:00,BTTS,Superliga,1.44,LOST,-1.0,0.032,0.7166666666666667,0.7045454545454546,0.6944444444444444,0.014545454545454639,0.032
191ceee4-6b8e-49e9-8bc6-83acff437b55,2026-09-03 18:00:00+00:00,Team Over 1.5,Superliga,1.67,WON,0.6699999999999999,0.05,0.62874251497006,0.5361111111111111,0.5988023952095809,-0.10469444444444453,0.05
6c3142a3-fb07-4222-94b9-47172dcaf47f,2026-09-03 18:00:00+00:00,Over 2.5,Superliga,1.5,LOST,-1.0,0.08900000000000001,0.726,0.6981132075471698,0.6666666666666666,0.047169811320754595,0.08900000000000001
d065ac79-2b80-408d-8efa-afca8362df3c,2026-09-03 18:00:00+00:00,Over 3.5,Superliga,2.2,LOST,-1.0,0.142,0.519090909090909,0.40298507462686567,0.45454545454545453,-0.11343283582089547,0.142
0101e01f-6868-41ac-a5bd-49ab51956e86,2026-09-03 18:30:00+00:00,Team Over 1.5,Jupiler Pro League,1.5,LOST,-1.0,0.03,0.6866666666666666,0.5373961218836566,0.6666666666666666,-0.19390581717451516,0.03
8e443ccd-04f5-4fea-a7c0-d0d205ad3ea5,2026-09-03 18:30:00+00:00,Moneyline,Jupiler Pro League,1.48,WON,0.48,0.06,0.7162162162162162,0.6875,0.6756756756756757,0.01750000000000007,0.06
53dd6b92-2f43-429a-9bf0-50ecfab3ff3b,2026-09-03 18:30:00+00:00,Double Chance 1X,Super League,1.5,LOST,-1.0,0.03,0.6866666666666666,0.5359116022099447,0.6666666666666666,-0.19613259668508287,0.03
c642087b-c71f-4a4f-8c02-71e6646c2539,2026-09-03 18:30:00+00:00,Moneyline,Super League,2.5,LOST,-1.0,0.125,0.45,0.35385259631490795,0.4,-0.11536850921273012,0.125
f1bcb323-a4b5-4a79-97ee-59956b32f56b,2026-09-03 18:30:00+00:00,Team Over 1.5,Super League,1.83,LOST,-1.0,0.043,0.5699453551912568,0.49382716049382713,0.5464480874316939,-0.09629629629629632,0.043
c232f8fb-01da-4c28-bf96-43d45ddf8e16,2026-09-03 18:30:00+00:00,Over 2.5,Super League,1.7,LOST,-1.0,0.061,0.6241176470588236,0.5344352617079889,0.5882352941176471,-0.09146005509641886,0.061
9d1d7add-abe5-4c16-aa43-1a235f757c73,2026-09-04 16:30:00+00:00,Team Over 1.5,2. Bundesliga,1.83,WON,0.8300000000000001,0.055999999999999994,0.5770491803278689,0.49079754601226994,0.5464480874316939,-0.10184049079754598,0.055999999999999994
cca06b21-4699-4e5e-8323-8405cb9bc784,2026-09-04 16:30:00+00:00,Moneyline,2. Bundesliga,2.2,LOST,-1.0,0.065,0.484090909090909,0.36666666666666664,0.45454545454545453,-0.19333333333333336,0.065
9566c13b-3b6b-4ed6-b402-4f13c6108c17,2026-09-04 16:30:00+00:00,Over 2.5,2. Bundesliga,1.62,WON,0.6200000000000001,0.064,0.6567901234567901,0.532967032967033,0.6172839506172839,-0.13659340659340657,0.064
529b3d62-46ac-4c21-ae7a-c3aac10e3240,2026-09-04 17:00:00+00:00,Team Over 1.5,Eliteserien,1.73,WON,0.73,0.125,0.6502890173410405,0.5342465753424658,0.5780346820809249,-0.07575342465753421,0.125
1628fb47-a425-4a03-80d5-50c6c11c3115,2026-09-04 17:00:00+00:00,Moneyline,Eliteserien,2.15,WON,1.15,0.17800000000000002,0.5479069767441861,0.49390243902439024,0.46511627906976744,0.06189024390243891,0.17800000000000002
3a4a8ec8-f0c7-4927-aab2-bba9a6f99c04,2026-09-04 17:00:00+00:00,Double Chance 1X,Eliteserien,1.4,WON,0.3999999999999999,0.055999999999999994,0.7542857142857143,0.7,0.7142857142857143,-0.02000000000000013,0.055999999999999994
56676257-5d18-45af-b3db-b28b232c409c,2026-09-04 17:00:00+00:00,Over 2.5,Eliteserien,1.48,LOST,-1.0,0.045,0.706081081081081,0.6181818181818182,0.6756756756756757,-0.0850909090909091,0.045
1ea98cfd-1502-4d1f-83b9-24861f521acb,2026-09-04 17:00:00+00:00,BTTS,Eliteserien,1.7,WON,0.7,0.154,0.6788235294117647,0.5355191256830601,0.5882352941176471,-0.08961748633879774,0.154
6769935a-fbfb-4634-9090-8461e62eec2d,2026-09-04 17:00:00+00:00,BTTS,Superliga,1.53,LOST,-1.0,0.051,0.6869281045751633,0.5367847411444142,0.6535947712418301,-0.17871934604904627,0.051
133cc275-1d26-4383-9b36-0f2b319f599e,2026-09-04 17:00:00+00:00,Over 2.5,Superliga,1.53,LOST,-1.0,0.059000000000000004,0.692156862745098,0.5353260869565217,0.6535947712418301,-0.18095108695652173,0.059000000000000004
039c0873-4549-44f9-bf19-fa0fb047852b,2026-09-04 18:00:00+00:00,Team Over 1.5,Pro League,1.33,LOST,-1.0,0.084,0.8150375939849624,0.7816091954022989,0.7518796992481203,0.039540229885057565,0.084
97ff0f99-369c-49e9-84fe-2121d7135059,2026-09-04 18:00:00+00:00,Moneyline,Pro League,1.3,LOST,-1.0,0.059000000000000004,0.8146153846153845,0.7623762376237624,0.7692307692307692,-0.008910891089108808,0.059000000000000004
513e8b9e-063a-46af-aeba-766ac47581c3,2026-09-04 18:00:00+00:00,Over 2.5,Pro League,1.44,WON,0.43999999999999995,0.081,0.7506944444444444,0.7262750966454691,0.6944444444444444,0.04583613916947549,0.081
c49e9342-cf10-44eb-9d22-d02aee5f4efa,2026-09-04 18:00:00+00:00,Over 3.5,Pro League,2.1,WON,1.1,0.159,0.5519047619047619,0.49696969696969706,0.47619047619047616,0.04363636363636392,0.159
2689fac7-685b-403e-9e4d-c55f95e0b8fc,2026-09-04 18:00:00+00:00,Team Over 1.5,Pro League,1.3,WON,0.30000000000000004,0.053,0.8099999999999999,0.7549019607843137,0.7692307692307692,-0.01862745098039209,0.053
c958ffff-6d97-4a00-a842-82567013d1d6,2026-09-04 18:00:00+00:00,BTTS,Pro League,1.62,WON,0.6200000000000001,0.21,0.7469135802469135,0.691358024691358,0.6172839506172839,0.1200000000000001,0.21
6142f383-23bb-4506-9beb-c86418320c72,2026-09-04 18:00:00+00:00,Over 1.5,Pro League,1.11,WON,0.1100000000000001,0.049,0.9450450450450449,0.999999,0.9009009009009008,0.10999888999999996,0.049
fbce651e-f93a-4ccf-a62a-da011d38eba4,2026-09-04 18:00:00+00:00,Over 2.5,Pro League,1.4,WON,0.3999999999999999,0.168,0.8342857142857143,0.7794117647058824,0.7142857142857143,0.09117647058823519,0.168
1afc9401-fa78-4e16-9534-58f70608c333,2026-09-04 18:00:00+00:00,Over 3.5,Pro League,1.91,WON,0.9099999999999999,0.284,0.6722513089005236,0.5338753387533876,0.5235602094240838,0.019701897018970183,0.284
e794763c-a0a2-44ff-ac77-1a8010cd1813,2026-09-04 18:00:00+00:00,Double Chance 1X,Eerste Divisie,1.5,WON,0.5,0.071,0.714,0.6470588235294118,0.6666666666666666,-0.02941176470588225,0.071
7d52e6b9-fc38-4299-851d-79267da15465,2026-09-04 18:00:00+00:00,Moneyline,Eerste Divisie,2.4,WON,1.4,0.16399999999999998,0.485,0.3548387096774194,0.4166666666666667,-0.14838709677419348,0.16399999999999998
a49e9cae-c220-4f97-8f23-d6803b02749f,2026-09-04 18:00:00+00:00,BTTS,Eerste Divisie,1.4,LOST,-1.0,0.135,0.8107142857142857,0.7572815533980582,0.7142857142857143,0.06019417475728139,0.135
85963fff-296d-429b-94d3-2df0c52dfe35,2026-09-04 18:00:00+00:00,Team Over 1.5,Eerste Divisie,2.62,LOST,-1.0,0.522,0.5809160305343511,0.49999999999999983,0.38167938931297707,0.3099999999999996,0.522
4d55254a-a9b8-4285-bd67-3c2bb7833bfc,2026-09-04 18:00:00+00:00,Over 2.5,Eerste Divisie,1.3,WON,0.30000000000000004,0.11,0.8538461538461539,0.782608695652174,0.7692307692307692,0.01739130434782621,0.11
bb367d99-b1d2-4b9a-8130-b68da69901ad,2026-09-04 18:00:00+00:00,Over 3.5,Eerste Divisie,1.73,WON,0.73,0.209,0.6988439306358382,0.6071428571428571,0.5780346820809249,0.05035714285714277,0.209
b1e6988e-3429-4697-9329-e360cdb118fb,2026-09-04 18:00:00+00:00,Double Chance 1X,Eerste Divisie,1.62,WON,0.6200000000000001,0.043,0.643827160493827,0.5351351351351351,0.6172839506172839,-0.13308108108108108,0.043
01025c76-46d2-4c2f-8be5-d5b3253cd699,2026-09-04 18:00:00+00:00,Over 2.5,Eerste Divisie,1.5,WON,0.5,0.065,0.71,0.6140350877192983,0.6666666666666666,-0.07894736842105265,0.065
ceebc4b0-271a-4516-bd3e-2870816cb9f0,2026-09-04 18:00:00+00:00,Over 3.5,Eerste Divisie,2.2,WON,1.2000000000000002,0.113,0.5059090909090909,0.3953488372093023,0.45454545454545453,-0.13023255813953483,0.113
eae9e5b9-06c1-4dfb-97a3-73d3e34c5298,2026-09-04 18:00:00+00:00,Team Over 1.5,Eerste Divisie,1.91,WON,0.9099999999999999,0.09300000000000001,0.5722513089005236,0.497005988023952,0.5235602094240838,-0.050718562874251694,0.09300000000000001
dc22d8d9-a36c-4c24-bf10-e0b1ae6b288d,2026-09-04 18:45:00+00:00,Double Chance 1X,Jupiler Pro League,3.75,LOST,-1.0,1.314,0.6170666666666667,0.5363881401617251,0.26666666666666666,1.0114555256064692,1.314
8e79ec5d-71f0-444e-ab4d-5aa07cd0197c,2026-09-04 18:45:00+00:00,Draw,Jupiler Pro League,5.5,LOST,-1.0,0.435,0.2609090909090909,0.2,0.18181818181818182,0.10000000000000009,0.435
a684007d-caf3-4a16-8726-2257abf18c98,2026-09-04 19:00:00+00:00,BTTS,Premier League,1.57,LOST,-1.0,0.040999999999999995,0.6630573248407643,0.5349462365591398,0.6369426751592356,-0.16013440860215056,0.040999999999999995
72613976-f765-408d-b9b8-ba5030a2643c,2026-09-04 19:00:00+00:00,BTTS,Eliteserien,1.5,WON,0.5,0.044000000000000004,0.6960000000000001,0.6206896551724138,0.6666666666666666,-0.06896551724137923,0.044000000000000004
b2924ec6-f201-445c-867b-8731f6bbd7ad,2026-09-04 19:00:00+00:00,Over 2.5,Eliteserien,1.48,LOST,-1.0,0.03,0.6959459459459459,0.6271186440677966,0.6756756756756757,-0.071864406779661,0.03
c5b0d2c5-62a6-4157-8079-93fc41a60099,2026-09-04 19:05:00+00:00,Over 2.5,Ligue 1,1.44,WON,0.43999999999999995,0.032,0.7166666666666667,0.6951219512195121,0.6944444444444444,0.0009756097560975618,0.032
88143f4f-29cc-401f-a599-22d631d1c4cd,2026-09-04 23:30:00+00:00,Double Chance 1X,Major League Soccer,1.5,WON,0.5,0.064,0.7093333333333334,0.62,0.6666666666666666,-0.07000000000000006,0.064
cc49b208-07de-435a-a222-9da0820a759c,2026-09-04 23:30:00+00:00,Moneyline,Major League Soccer,2.5,LOST,-1.0,0.11699999999999999,0.4468,0.2857142857142857,0.4,-0.2857142857142858,0.11699999999999999
ab15dc0c-17b6-4455-85a1-5dbfeea82f2f,2026-09-05 03:00:00+00:00,Double Chance 1X,Liga MX,1.8,LOST,-1.0,0.152,0.6399999999999999,0.5335120643431636,0.5555555555555556,-0.03967828418230557,0.152
59284a79-ee09-41aa-a360-49e002b0f404,2026-09-05 11:00:00+00:00,Moneyline,2. Bundesliga,2.2,WON,1.2000000000000002,0.054000000000000006,0.47909090909090907,0.375,0.45454545454545453,-0.17499999999999993,0.054000000000000006
76905634-3a50-4e11-8627-0b2918d7780a,2026-09-05 11:30:00+00:00,Over 2.5,Premier League,1.57,WON,0.5700000000000001,0.036000000000000004,0.6598726114649681,0.5320855614973262,0.6369426751592356,-0.1646256684491978,0.036000000000000004
d1ff5591-2eff-4d7d-99e2-4eef8af7ef05,2026-09-05 13:00:00+00:00,BTTS,Allsvenskan,1.8,LOST,-1.0,0.204,0.6688888888888889,0.5333333333333333,0.5555555555555556,-0.040000000000000036,0.204
370de1f2-889d-4ebd-a1b3-8937fd533016,2026-09-05 13:00:00+00:00,Team Over 1.5,Allsvenskan,2.0,WON,1.0,0.196,0.598,0.52,0.5,0.040000000000000036,0.196
0bb89e65-5e56-4e3c-b867-5dd64db35ef3,2026-09-05 13:00:00+00:00,Over 1.5,Allsvenskan,1.28,WON,0.28,0.094,0.8546875,0.7857142857142857,0.78125,0.005714285714285783,0.094
df7ad939-a726-4c17-adfb-93b5b5d571de,2026-09-05 13:00:00+00:00,Over 2.5,Allsvenskan,1.95,LOST,-1.0,0.308,0.6707692307692308,0.5319148936170213,0.5128205128205129,0.037234042553191404,0.308
0320e412-e46b-417b-8d35-ea6eb4559c3b,2026-09-05 13:00:00+00:00,BTTS,Allsvenskan,1.5,LOST,-1.0,0.044000000000000004,0.6960000000000001,0.6274509803921569,0.6666666666666666,-0.05882352941176472,0.044000000000000004
e8e95de0-d4e5-4e34-9ba1-745154720e67,2026-09-05 13:00:00+00:00,Double Chance 1X,Allsvenskan,1.4,WON,0.3999999999999999,0.033,0.7378571428571429,0.6987951807228916,0.7142857142857143,-0.02168674698795181,0.033
da9b803d-762d-418c-ac46-ee8d5127c966,2026-09-05 13:00:00+00:00,Team Over 1.5,Allsvenskan,1.83,LOST,-1.0,0.155,0.6311475409836066,0.5305039787798409,0.5464480874316939,-0.02917771883289111,0.155
7f86f8d4-a7b3-4d94-bf82-bd4047728155,2026-09-05 13:00:00+00:00,Moneyline,Allsvenskan,2.3,LOST,-1.0,0.18,0.5130434782608696,0.4057971014492754,0.4347826086956522,-0.06666666666666665,0.18
efed66b4-a507-4dbc-b894-dcad828cf557,2026-09-05 13:00:00+00:00,Over 1.5,Allsvenskan,1.17,LOST,-1.0,0.027000000000000003,0.8777777777777778,0.7887323943661971,0.8547008547008548,-0.07718309859154937,0.027000000000000003
5a578402-2b15-4679-9307-530229c29e64,2026-09-05 13:00:00+00:00,Over 2.5,Allsvenskan,1.6,LOST,-1.0,0.133,0.708125,0.6222222222222222,0.625,-0.004444444444444362,0.133
4c5d7de6-8d79-4bd4-b4c0-00df172e7859,2026-09-05 13:00:00+00:00,Over 3.5,Allsvenskan,2.38,LOST,-1.0,0.171,0.4920168067226891,0.4,0.42016806722689076,-0.04800000000000004,0.171
08bfe78e-589b-4d7a-be41-68f97fb2d7cf,2026-09-05 13:30:00+00:00,BTTS,Bundesliga,1.57,LOST,-1.0,0.036000000000000004,0.6598726114649681,0.5291005291005291,0.6369426751592356,-0.1693121693121693,0.036000000000000004
55600b38-9b57-4047-bce6-00053cbb79b7,2026-09-05 13:30:00+00:00,Double Chance 1X,Bundesliga,1.8,LOST,-1.0,0.055,0.586111111111111,0.5,0.5555555555555556,-0.09999999999999998,0.055
244f428b-52f8-4e35-97eb-672a63fb9897,2026-09-05 13:30:00+00:00,Over 2.5,Bundesliga,1.67,LOST,-1.0,0.07,0.6407185628742516,0.5277044854881267,0.5988023952095809,-0.1187335092348285,0.07
8ee0fc78-af5c-4819-b6f7-b4c037ea2ce2,2026-09-05 14:00:00+00:00,Moneyline,Premier League,1.95,LOST,-1.0,0.067,0.5471794871794872,0.4970414201183432,0.5128205128205129,-0.03076923076923077,0.067
4e92531f-3512-406f-bcde-66f560794e6a,2026-09-05 14:00:00+00:00,Double Chance X2,Championship,1.91,WON,0.9099999999999999,0.14400000000000002,0.598952879581152,0.5263157894736842,0.5235602094240838,0.005263157894736636,0.14400000000000002
6e3bba06-ca44-4507-b9b6-6dcb76994139,2026-09-05 14:00:00+00:00,Double Chance X2,Premiership,1.83,WON,0.8300000000000001,0.12,0.6120218579234973,0.5273522975929978,0.5464480874316939,-0.03494529540481395,0.12
c99c0c15-3eef-40a4-9613-3c3ace25c07e,2026-09-05 14:00:00+00:00,BTTS,Süper Lig,1.8,LOST,-1.0,0.127,0.6261111111111111,0.5283842794759825,0.5555555555555556,-0.0489082969432314,0.127
a6d430f5-266d-4f9f-b8c2-5eba9b9c035b,2026-09-05 14:00:00+00:00,Double Chance X2,Süper Lig,1.62,LOST,-1.0,0.19699999999999998,0.7388888888888889,0.7027027027027027,0.6172839506172839,0.13837837837837852,0.19699999999999998
164c1a3e-b1b2-4ea8-90d5-8b41fff7b0fd,2026-09-05 14:00:00+00:00,Team Over 1.5,Süper Lig,2.75,LOST,-1.0,0.54,0.56,0.49411764705882355,0.36363636363636365,0.35882352941176476,0.54
edf94808-afe0-4923-98ab-7f548efd24a7,2026-09-05 14:00:00+00:00,Moneyline,Süper Lig,2.9,LOST,-1.0,0.45,0.5,0.4,0.3448275862068966,0.15999999999999992,0.45
acf0cd70-6ac1-4108-b230-0863a3d3c4e9,2026-09-05 14:00:00+00:00,Over 1.5,Süper Lig,1.33,LOST,-1.0,0.099,0.8263157894736841,0.7777777777777778,0.7518796992481203,0.0344444444444445,0.099
49e914a0-802c-4ce6-a05d-62561d3686d3,2026-09-05 14:00:00+00:00,Over 2.5,Süper Lig,2.08,LOST,-1.0,0.28300000000000003,0.616826923076923,0.5272331154684096,0.4807692307692307,0.09664488017429185,0.28300000000000003
6a397aa5-58b2-46ca-8ef7-ab1206fcda22,2026-09-05 14:00:00+00:00,BTTS,Premiership,1.75,LOST,-1.0,0.11800000000000001,0.6388571428571429,0.5260869565217391,0.5714285714285714,-0.07934782608695656,0.11800000000000001
7280ade2-c5f8-4046-9062-b60e729f4ecc,2026-09-05 14:00:00+00:00,BTTS,Eliteserien,1.8,LOST,-1.0,0.174,0.6522222222222221,0.524945770065076,0.5555555555555556,-0.05509761388286316,0.174
3e97dcd6-f09a-43cf-be13-37db26d627b2,2026-09-05 14:00:00+00:00,Moneyline,Championship,2.6,LOST,-1.0,0.092,0.42000000000000004,0.25,0.3846153846153846,-0.35,0.092
21495947-4bd7-4c28-9125-3bfe36ad2f33,2026-09-05 14:00:00+00:00,BTTS,Championship,2.0,LOST,-1.0,0.38,0.69,0.5238095238095237,0.5,0.04761904761904745,0.38
38a46ca1-0cf7-42a8-a13f-6cc7a630332b,2026-09-05 14:00:00+00:00,Over 1.5,Championship,1.22,WON,0.21999999999999997,0.065,0.8729508196721312,0.7671232876712328,0.819672131147541,-0.06410958904109598,0.065
79879cde-9d15-463b-83bc-ca5abc1eefb4,2026-09-05 14:00:00+00:00,Over 2.5,Championship,1.73,WON,0.73,0.20199999999999999,0.6947976878612716,0.5833333333333334,0.5780346820809249,0.009166666666666767,0.20199999999999999
391174ea-1a5d-4192-bac9-d0f2cbea6648,2026-09-05 14:30:00+00:00,Over 2.5,Eredivisie,1.36,WON,0.3600000000000001,0.027999999999999997,0.7558823529411764,0.75,0.7352941176470588,0.020000000000000018,0.027999999999999997
14344bf0-f982-481c-a124-56f0cb4617e9,2026-09-05 15:30:00+00:00,BTTS,Allsvenskan,1.53,LOST,-1.0,0.076,0.7032679738562092,0.609375,0.6535947712418301,-0.06765624999999997,0.076
2da91539-9f9d-431f-bcd8-f7eac99f69c5,2026-09-05 15:30:00+00:00,Over 1.5,Allsvenskan,1.17,LOST,-1.0,0.027000000000000003,0.8777777777777778,0.7702702702702703,0.8547008547008548,-0.09878378378378383,0.027000000000000003
de86afa8-9d8b-4413-9a4d-6ace6f927f4b,2026-09-05 15:30:00+00:00,Over 2.5,Allsvenskan,1.6,LOST,-1.0,0.12300000000000001,0.7018749999999999,0.6,0.625,-0.040000000000000036,0.12300000000000001
4d7578ee-61cc-4c65-b8f6-dec7dcf2f6a6,2026-09-05 16:00:00+00:00,Double Chance X2,Eliteserien,1.95,WON,0.95,0.166,0.597948717948718,0.5226781857451404,0.5128205128205129,0.019222462203023705,0.166
e67ff6c3-d6f4-4041-9869-c3d4a9cf058f,2026-09-05 16:00:00+00:00,Double Chance 1X,Super League,1.5,WON,0.5,0.179,0.786,0.7521367521367521,0.6666666666666666,0.1282051282051282,0.179
6e4b7f44-bb2d-4e60-83b4-a18eb2f69e44,2026-09-05 16:00:00+00:00,Team Over 1.5,Super League,1.83,WON,0.8300000000000001,0.20800000000000002,0.6601092896174863,0.5237068965517241,0.5464480874316939,-0.0416163793103449,0.20800000000000002
f3cd65a2-d5d3-455b-9df3-8b42de7078fe,2026-09-05 16:00:00+00:00,Moneyline,Super League,2.4,WON,1.4,0.38,0.575,0.49122807017543857,0.4166666666666667,0.17894736842105252,0.38
9499ddb2-fd61-486a-a726-a7b108ff77fd,2026-09-05 16:00:00+00:00,Over 2.5,Super League,1.48,WON,0.48,0.03,0.6959459459459459,0.5909090909090909,0.6756756756756757,-0.12545454545454537,0.03
4e078832-429b-44fb-a943-8ae3cbe01421,2026-09-05 16:00:00+00:00,BTTS,Serie A,2.0,WON,1.0,0.11599999999999999,0.558,0.49418604651162784,0.5,-0.011627906976744318,0.11599999999999999
0dabd882-5f98-45a1-8c47-f15897e95d38,2026-09-05 16:00:00+00:00,Over 1.5,Serie A,1.33,WON,0.33000000000000007,0.040999999999999995,0.7827067669172931,0.7542372881355932,0.7518796992481203,0.0031355932203389614,0.040999999999999995
92c8a4bb-e73e-4c00-ae23-f8ac01dc5b1e,2026-09-05 16:00:00+00:00,Over 2.5,Serie A,2.0,WON,1.0,0.106,0.553,0.49710982658959535,0.5,-0.005780346820809301,0.106
93758cc4-7456-4b03-9f3d-8b6372f03f7b,2026-09-05 16:00:00+00:00,BTTS,Super League,1.33,WON,0.33000000000000007,0.069,0.8037593984962406,0.7563025210084033,0.7518796992481203,0.00588235294117645,0.069
92ded6eb-ae3c-4449-8fbb-e889c648ddf6,2026-09-05 16:00:00+00:00,Team Over 1.5,Super League,2.2,WON,1.2000000000000002,0.26899999999999996,0.5768181818181817,0.5000000000000002,0.45454545454545453,0.10000000000000053,0.26899999999999996
ab33a000-f724-41ea-a154-e9fb131626c6,2026-09-05 16:00:00+00:00,Over 2.5,Super League,1.25,WON,0.25,0.055,0.844,0.76,0.8,-0.050000000000000044,0.055
c43b579f-394a-42e0-830a-03221fbac1cb,2026-09-05 16:00:00+00:00,Over 3.5,Super League,1.62,WON,0.6200000000000001,0.113,0.687037037037037,0.524731182795699,0.6172839506172839,-0.14993548387096767,0.113
631e56fd-bc37-4060-b01e-eb553ba4ccca,2026-09-05 16:15:00+00:00,Over 2.5,Jupiler Pro League,1.6,WON,0.6000000000000001,0.04,0.65,0.5257510729613734,0.625,-0.15879828326180256,0.04
cbc2cccb-8bd2-4cf5-a1df-adc346fb085d,2026-09-05 16:30:00+00:00,Double Chance 1X,Premier League,1.91,WON,0.9099999999999999,0.312,0.686910994764398,0.5267665952890792,0.5235602094240838,0.006124197002141285,0.312
dc0af705-c6e4-4439-8ede-69329bec08eb,2026-09-05 16:30:00+00:00,Moneyline,Premier League,4.2,LOST,-1.0,0.747,0.4159523809523809,0.24324324324324326,0.23809523809523808,0.021621621621621623,0.747
48cbef68-be9c-41d9-b90a-9eaf8010e01a,2026-09-05 16:30:00+00:00,BTTS,Bundesliga,1.67,LOST,-1.0,0.064,0.6371257485029941,0.5277777777777778,0.5988023952095809,-0.11861111111111111,0.064
f03371f3-6129-4d19-a5c1-b83f3038cb10,2026-09-05 16:30:00+00:00,Double Chance 1X,La Liga,1.33,WON,0.33000000000000007,0.052000000000000005,0.7909774436090226,0.7583333333333333,0.7518796992481203,0.008583333333333387,0.052000000000000005
4bdecc27-716c-4ebd-8fcd-9ee4d4d04360,2026-09-05 16:30:00+00:00,Under 2.5,La Liga,2.0,LOST,-1.0,0.24600000000000002,0.623,0.5266524520255863,0.5,0.05330490405117261,0.24600000000000002
68d02dd9-550a-4f27-a41c-2f325bf8477a,2026-09-05 16:30:00+00:00,Moneyline,La Liga,2.25,WON,1.25,0.11599999999999999,0.49600000000000005,0.391304347826087,0.4444444444444444,-0.11956521739130432,0.11599999999999999
d6274d13-6730-4870-b942-9839086335d6,2026-09-05 16:45:00+00:00,BTTS,Eredivisie,1.5,WON,0.5,0.036000000000000004,0.6906666666666667,0.5255319148936171,0.6666666666666666,-0.2117021276595744,0.036000000000000004
2e686ecb-28ae-43d1-ab63-bca84bf59890,2026-09-05 16:45:00+00:00,Over 2.5,Eredivisie,1.5,WON,0.5,0.039,0.6926666666666667,0.5265392781316348,0.6666666666666666,-0.21019108280254772,0.039
a69698b7-9aaa-4b6c-b71a-75177c4fc172,2026-09-05 16:45:00+00:00,Team Over 1.5,Eredivisie,1.73,WON,0.73,0.038,0.6,0.527542372881356,0.5780346820809249,-0.08735169491525419,0.038
0fe5556a-e598-4705-b6be-60ba06390f1e,2026-09-05 17:00:00+00:00,BTTS,Süper Lig,1.67,WON,0.6699999999999999,0.062,0.6359281437125749,0.5285412262156448,0.5988023952095809,-0.11733615221987326,0.062
4f823317-650f-4034-8854-1c95edadc261,2026-09-05 17:00:00+00:00,Over 1.5,Süper Lig,1.22,WON,0.21999999999999997,0.025,0.8401639344262295,0.7631578947368421,0.819672131147541,-0.06894736842105265,0.025
f0494f3f-8034-46c9-84cc-dc0569dca928,2026-09-05 17:00:00+00:00,Over 2.5,Süper Lig,1.7,WON,0.7,0.073,0.6311764705882353,0.529535864978903,0.5882352941176471,-0.09978902953586488,0.073
84332b3b-91c4-4b3c-9a88-92cbf96b9948,2026-09-05 18:30:00+00:00,BTTS,Super League,1.57,WON,0.5700000000000001,0.044000000000000004,0.664968152866242,0.5305263157894737,0.6369426751592356,-0.16707368421052615,0.044000000000000004
ff084c14-b709-4ba3-b69c-44e3a216eae5,2026-09-05 18:30:00+00:00,Over 2.5,Super League,1.67,WON,0.6699999999999999,0.085,0.6497005988023952,0.5315126050420167,0.5988023952095809,-0.11237394957983216,0.085
bf861d3f-3b02-4c56-8f80-e33c86afcb06,2026-09-05 18:45:00+00:00,BTTS,Ligue 1,1.75,WON,0.75,0.053,0.6017142857142856,0.5324947589098533,0.5714285714285714,-0.06813417190775672,0.053
51cf125b-221f-4d7f-b542-2381df1510e4,2026-09-05 18:45:00+00:00,Over 1.5,Ligue 1,1.28,WON,0.28,0.025,0.8007812499999999,0.7603305785123967,0.78125,-0.026776859504132222,0.025
4b6d30ce-12b9-4c53-9aa1-8b0c6aadf5d6,2026-09-05 18:45:00+00:00,Over 2.5,Ligue 1,1.91,LOST,-1.0,0.11,0.5811518324607331,0.5029239766081872,0.5235602094240838,-0.03941520467836246,0.11
767f6dd2-b44f-41b3-9b0a-a45393b6769b,2026-09-05 18:45:00+00:00,Double Chance X2,Jupiler Pro League,1.67,LOST,-1.0,0.059000000000000004,0.6341317365269461,0.5334728033472803,0.5988023952095809,-0.10910041841004192,0.059000000000000004
12ae4b97-236d-4e00-b2fb-5bd4997c9680,2026-09-05 18:45:00+00:00,Under 2.5,Jupiler Pro League,2.0,WON,1.0,0.166,0.583,0.5000000000000001,0.5,2.220446049250313e-16,0.166
18da724d-6ad5-4151-ba3b-835857b1cc0b,2026-09-05 19:00:00+00:00,BTTS,Serie A,1.7,WON,0.7,0.081,0.6358823529411765,0.5323590814196242,0.5882352941176471,-0.09498956158663896,0.081
fe88aaaa-6312-40cd-91e5-1767cd048a83,2026-09-05 19:00:00+00:00,Over 1.5,Serie A,1.28,WON,0.28,0.057,0.8257812499999999,0.7662337662337663,0.78125,-0.01922077922077914,0.057
82b6ce01-ba42-4396-b5a6-e9ad6a8c5dc7,2026-09-05 19:00:00+00:00,Over 2.5,Serie A,1.85,WON,0.8500000000000001,0.141,0.6167567567567568,0.5333333333333333,0.5405405405405405,-0.013333333333333308,0.141
f84b1a2b-3a38-4e6f-a3cd-d3ae11c9c14e,2026-09-05 19:00:00+00:00,BTTS,Eredivisie,1.53,LOST,-1.0,0.094,0.7150326797385621,0.6666666666666666,0.6535947712418301,0.020000000000000018,0.094
2d39eab0-3bce-4670-b982-bd8ce6dffbc8,2026-09-05 19:00:00+00:00,Team Over 1.5,Eredivisie,1.91,WON,0.9099999999999999,0.209,0.6329842931937173,0.5343035343035343,0.5235602094240838,0.020519750519750524,0.209
65ded832-a73b-4690-8cc3-e59870ebe457,2026-09-05 19:00:00+00:00,Moneyline,Eredivisie,2.3,WON,1.2999999999999998,0.138,0.49478260869565216,0.4027777777777778,0.4347826086956522,-0.07361111111111118,0.138
d4d410c0-b57e-453b-be76-23292357bf5c,2026-09-05 19:00:00+00:00,Over 1.5,Eredivisie,1.18,WON,0.17999999999999994,0.044000000000000004,0.8847457627118644,0.8235294117647058,0.8474576271186441,-0.028235294117647136,0.044000000000000004
d985826a-3c41-4564-b8d0-86f0553df734,2026-09-05 19:00:00+00:00,Over 2.5,Eredivisie,1.62,WON,0.6200000000000001,0.17600000000000002,0.7259259259259259,0.6941176470588235,0.6172839506172839,0.12447058823529411,0.17600000000000002
34ad8149-70dc-45d7-a8a2-696ff2a29287,2026-09-05 19:00:00+00:00,Over 3.5,Eredivisie,2.5,LOST,-1.0,0.298,0.5192,0.4109589041095891,0.4,0.027397260273972712,0.298
2e237c14-6e8c-4720-b32f-f5f07c0a9841,2026-09-05 21:30:00+00:00,Moneyline,Serie A,2.15,WON,1.15,0.066,0.49581395348837215,0.40540540540540543,0.46511627906976744,-0.1283783783783784,0.066
018f0765-bb0c-4d92-822d-43eca3c32eef,2026-09-05 23:30:00+00:00,BTTS,Major League Soccer,1.57,LOST,-1.0,0.10400000000000001,0.7031847133757962,0.5970149253731343,0.6369426751592356,-0.0626865671641792,0.10400000000000001
c967d5b9-a6f4-4f4a-9488-e7680ae94e7f,2026-09-05 23:30:00+00:00,Team Over 1.5,Major League Soccer,1.91,LOST,-1.0,0.19899999999999998,0.6277486910994765,0.5352697095435685,0.5235602094240838,0.022365145228215644,0.19899999999999998
dd96b162-43dc-41ce-b08a-730d332da0d2,2026-09-05 23:30:00+00:00,Moneyline,Major League Soccer,2.25,LOST,-1.0,0.129,0.5017777777777778,0.41333333333333333,0.4444444444444444,-0.07000000000000006,0.129
00b937da-9e18-4a80-b276-b9595351ad62,2026-09-05 23:30:00+00:00,Over 1.5,Major League Soccer,1.2,LOST,-1.0,0.061,0.8841666666666667,0.8333333333333334,0.8333333333333334,0.0,0.061
2b1fbef9-cf1f-4bc0-aea4-1b88a59c12ca,2026-09-05 23:30:00+00:00,Over 2.5,Major League Soccer,1.7,LOST,-1.0,0.212,0.7129411764705882,0.631578947368421,0.5882352941176471,0.0736842105263158,0.212
90a976e8-ef7a-4cf0-8293-c23ad869e889,2026-09-05 23:30:00+00:00,Over 3.5,Major League Soccer,2.62,LOST,-1.0,0.331,0.5080152671755724,0.40789473684210525,0.38167938931297707,0.0686842105263159,0.331
21d03524-4734-4fe0-9aad-696999c7281c,2026-09-05 23:30:00+00:00,Over 2.5,Major League Soccer,1.36,LOST,-1.0,0.038,0.763235294117647,0.7622950819672131,0.7352941176470588,0.03672131147540991,0.038
95a9106d-d850-49c7-9e95-b2773dfd6c9a,2026-09-05 23:30:00+00:00,Over 3.5,Major League Soccer,1.83,LOST,-1.0,0.039,0.56775956284153,0.5028901734104048,0.5464480874316939,-0.07971098265895926,0.039
c5ef23a6-5075-43db-8688-51075b0cd1a7,2026-09-05 23:30:00+00:00,BTTS,Major League Soccer,1.62,LOST,-1.0,0.113,0.687037037037037,0.5341614906832298,0.6172839506172839,-0.13465838509316763,0.113
cfa9033f-73f9-49c9-9233-537f3d39e51f,2026-09-05 23:30:00+00:00,Over 2.5,Major League Soccer,1.44,LOST,-1.0,0.057999999999999996,0.7347222222222223,0.6976744186046512,0.6944444444444444,0.0046511627906977715,0.057999999999999996
e1804d5d-74f2-4d1b-b5f4-e7b6b9e10292,2026-09-05 23:30:00+00:00,Over 3.5,Major League Soccer,2.1,LOST,-1.0,0.11900000000000001,0.5328571428571428,0.4025974025974026,0.47619047619047616,-0.15454545454545443,0.11900000000000001
a4a02a30-84dc-4b0a-8add-c8fce103af1a,2026-09-05 23:30:00+00:00,Over 2.5,Major League Soccer,1.57,WON,0.5700000000000001,0.036000000000000004,0.6598726114649681,0.5330578512396694,0.6369426751592356,-0.16309917355371895,0.036000000000000004
fc26587a-06a4-4b73-b197-c9351a67ca2d,2026-09-06 00:00:00+00:00,BTTS,Serie A,1.95,LOST,-1.0,0.217,0.6241025641025642,0.534020618556701,0.5128205128205129,0.041340206185567,0.217
cda2a9d1-31a0-4eac-9104-27dfae022761,2026-09-06 00:00:00+00:00,Team Over 1.5,Serie A,1.91,LOST,-1.0,0.106,0.5790575916230367,0.5,0.5235602094240838,-0.04500000000000004,0.106
b6b3db8a-166a-421c-a7c0-861bf4395716,2026-09-06 00:00:00+00:00,Over 1.5,Serie A,1.33,LOST,-1.0,0.10400000000000001,0.8300751879699249,0.7692307692307693,0.7518796992481203,0.023076923076923217,0.10400000000000001
dcd151eb-0986-4346-9b9b-eaef5ebab872,2026-09-06 00:00:00+00:00,Over 2.5,Serie A,2.05,LOST,-1.0,0.27699999999999997,0.6229268292682927,0.5329218106995884,0.48780487804878053,0.09248971193415612,0.27699999999999997
0ab81750-b9df-45c6-85fa-81f25a846769,2026-09-06 00:30:00+00:00,BTTS,Major League Soccer,1.5,WON,0.5,0.091,0.7273333333333333,0.6885245901639344,0.6666666666666666,0.032786885245901676,0.091
ac403277-d861-4857-ac32-ab804ee368f8,2026-09-06 00:30:00+00:00,Double Chance X2,Major League Soccer,1.67,WON,0.6699999999999999,0.184,0.7089820359281437,0.5882352941176471,0.5988023952095809,-0.01764705882352946,0.184
e17e7134-ae87-485d-b4ea-4fcc35bb0055,2026-09-06 00:30:00+00:00,Over 1.5,Major League Soccer,1.17,WON,0.16999999999999993,0.049,0.8965811965811966,0.8666666666666667,0.8547008547008548,0.014000000000000012,0.049
dd3ebdc7-89dd-4ec4-a05e-f7863840b9e8,2026-09-06 00:30:00+00:00,Over 2.5,Major League Soccer,1.53,LOST,-1.0,0.132,0.7398692810457517,0.6931818181818182,0.6535947712418301,0.06056818181818202,0.132
259327fa-4ab5-49aa-abfa-2c819fb8151f,2026-09-06 00:30:00+00:00,Over 3.5,Major League Soccer,2.25,LOST,-1.0,0.22,0.5422222222222222,0.4972067039106145,0.4444444444444444,0.11871508379888263,0.22
246d36ac-e456-4464-bf0c-d4e48d8ccd70,2026-09-06 00:30:00+00:00,Team Over 1.5,Major League Soccer,2.1,LOST,-1.0,0.34600000000000003,0.6409523809523809,0.5328947368421052,0.47619047619047616,0.11907894736842106,0.34600000000000003
c7fe5d0d-ae76-4d61-ba84-0049283a49f4,2026-09-06 00:30:00+00:00,Moneyline,Major League Soccer,3.0,LOST,-1.0,0.47,0.49,0.38235294117647056,0.3333333333333333,0.1470588235294117,0.47
4342ec48-f8e1-4bf8-9126-8ef7abefb4bc,2026-09-06 00:30:00+00:00,BTTS,Major League Soccer,1.62,WON,0.6200000000000001,0.17,0.7222222222222221,0.6825396825396826,0.6172839506172839,0.10571428571428587,0.17
bddd5c57-c738-4db2-9219-de25a5259ed0,2026-09-06 00:30:00+00:00,Over 2.5,Major League Soccer,1.44,WON,0.43999999999999995,0.096,0.7611111111111112,0.7560975609756098,0.6944444444444444,0.0887804878048779,0.096
869d945d-bbc3-40f9-9fc4-f45d7d2b3d49,2026-09-06 00:30:00+00:00,Over 3.5,Major League Soccer,2.1,WON,1.1,0.18,0.5619047619047619,0.4944444444444446,0.47619047619047616,0.03833333333333355,0.18
d19cd0fa-4758-4366-be84-43d45873906b,2026-09-06 00:30:00+00:00,BTTS,Major League Soccer,1.4,LOST,-1.0,0.07400000000000001,0.7671428571428572,0.7580645161290323,0.7142857142857143,0.06129032258064515,0.07400000000000001
deb0eb04-c26f-4776-8897-d3392d13eae3,2026-09-06 00:30:00+00:00,Team Over 1.5,Major League Soccer,2.2,LOST,-1.0,0.28,0.5818181818181818,0.4972375690607735,0.45454545454545453,0.09392265193370175,0.28
cc510527-3876-4511-86e1-03634472c350,2026-09-06 00:30:00+00:00,Over 2.5,Major League Soccer,1.4,LOST,-1.0,0.09300000000000001,0.7807142857142857,0.7526881720430108,0.7142857142857143,0.053763440860215006,0.09300000000000001
17f7511b-dc46-4e60-a00a-a6ca34a4eb1f,2026-09-06 00:30:00+00:00,Over 3.5,Major League Soccer,1.91,LOST,-1.0,0.142,0.5979057591623036,0.5300546448087432,0.5235602094240838,0.012404371584699536,0.142
1cb9ce8b-dc83-4b71-9ba5-094aa9fd1b29,2026-09-06 01:00:00+00:00,Double Chance 1X,Liga MX,1.17,WON,0.16999999999999993,0.039,0.888034188034188,0.7894736842105263,0.8547008547008548,-0.07631578947368423,0.039
aec20f43-f276-483f-854d-c3103f51025d,2026-09-06 01:00:00+00:00,Moneyline,Liga MX,1.6,LOST,-1.0,0.115,0.6968749999999999,0.5942028985507246,0.625,-0.049275362318840554,0.115
397bf992-3a72-4e93-90b3-2c0658b14f7c,2026-09-06 01:30:00+00:00,Double Chance X2,Major League Soccer,1.53,LOST,-1.0,0.071,0.7,0.5857142857142857,0.6535947712418301,-0.10385714285714276,0.071
b3707e3a-e4c7-41d8-86fb-ebd0690b23db,2026-09-06 01:30:00+00:00,Team Over 1.5,Major League Soccer,2.0,LOST,-1.0,0.158,0.579,0.4945054945054945,0.5,-0.01098901098901095,0.158
cb4ddb9a-30c1-4c39-b16c-c98216b078c0,2026-09-06 01:30:00+00:00,Moneyline,Major League Soccer,2.7,LOST,-1.0,0.29600000000000004,0.48,0.37142857142857144,0.37037037037037035,0.0028571428571428914,0.29600000000000004
87651703-5325-4402-a5e6-a3db1ba9105e,2026-09-06 01:30:00+00:00,Moneyline,Major League Soccer,2.6,LOST,-1.0,0.152,0.44307692307692303,0.23809523809523808,0.3846153846153846,-0.38095238095238093,0.152
a744c466-1d40-4955-88f0-ae2336f16d06,2026-09-06 02:30:00+00:00,BTTS,Major League Soccer,1.5,WON,0.5,0.105,0.7366666666666667,0.6875,0.6666666666666666,0.03125,0.105
0997e6cb-be41-4bf2-b5f2-702068c47c5f,2026-09-06 02:30:00+00:00,Over 1.5,Major League Soccer,1.17,WON,0.16999999999999993,0.057,0.9034188034188034,0.875,0.8547008547008548,0.023749999999999938,0.057
c2efbdf2-ce24-40c0-bf00-6a79cc051878,2026-09-06 02:30:00+00:00,Over 2.5,Major League Soccer,1.53,WON,0.53,0.14400000000000002,0.7477124183006537,0.6923076923076923,0.6535947712418301,0.0592307692307692,0.14400000000000002
87ca1849-398e-4814-b18c-a9db68e7b747,2026-09-06 02:30:00+00:00,Over 3.5,Major League Soccer,2.25,WON,1.25,0.23800000000000002,0.5502222222222222,0.4918032786885247,0.4444444444444444,0.10655737704918056,0.23800000000000002
74795a63-2a99-4a87-a4f4-9ae1014239db,2026-09-06 02:30:00+00:00,Team Over 1.5,Major League Soccer,1.73,WON,0.73,0.099,0.6352601156069364,0.5311475409836064,0.5780346820809249,-0.081114754098361,0.099
4ea5af63-d614-465e-8e98-7cbde1f5bec7,2026-09-06 03:00:00+00:00,BTTS,Liga MX,1.67,WON,0.6699999999999999,0.049,0.6281437125748502,0.5326797385620914,0.5988023952095809,-0.11042483660130742,0.049
5c396671-b5a0-49a9-b46c-0469f1b14532,2026-09-06 03:00:00+00:00,Over 2.5,Liga MX,1.85,LOST,-1.0,0.10800000000000001,0.5989189189189189,0.5271739130434784,0.5405405405405405,-0.024728260869564922,0.10800000000000001
f16b9d01-4dee-4e55-9e1c-687fb34cddbb,2026-09-06 11:00:00+00:00,BTTS,Championship,1.8,WON,0.8,0.136,0.6311111111111112,0.534201954397394,0.5555555555555556,-0.03843648208469075,0.136
c1174874-1860-4fb0-9173-a0d0cb673adc,2026-09-06 11:00:00+00:00,Over 1.5,Championship,1.36,WON,0.3600000000000001,0.107,0.813970588235294,0.746031746031746,0.7352941176470588,0.014603174603174729,0.107
3949709f-f003-4a81-a0bb-af8a36e08f75,2026-09-06 11:00:00+00:00,Over 2.5,Championship,2.1,WON,1.1,0.262,0.6009523809523809,0.5243243243243243,0.47619047619047616,0.10108108108108116,0.262
bc8e3d05-c324-404f-bd13-a97028adc0ae,2026-09-06 11:30:00+00:00,BTTS,Jupiler Pro League,1.57,LOST,-1.0,0.044000000000000004,0.664968152866242,0.5357142857142857,0.6369426751592356,-0.15892857142857142,0.044000000000000004
68319079-4d74-43a9-bcfc-45247841dce9,2026-09-06 11:30:00+00:00,Over 1.5,Jupiler Pro League,1.22,WON,0.21999999999999997,0.03,0.8442622950819673,0.759493670886076,0.819672131147541,-0.07341772151898729,0.03
3ffa868c-5d3d-4b03-ae6a-41b5c11ba28a,2026-09-06 11:30:00+00:00,Over 2.5,Jupiler Pro League,1.73,WON,0.73,0.11800000000000001,0.646242774566474,0.5339805825242719,0.5780346820809249,-0.0762135922330095,0.11800000000000001
add064c8-0022-4b19-b619-66533cfc969b,2026-09-06 11:30:00+00:00,BTTS,2. Bundesliga,1.44,LOST,-1.0,0.057,0.7340277777777777,0.6923076923076923,0.6944444444444444,-0.003076923076923088,0.057
473fa0e8-3ec9-4d25-863a-d77185332637,2026-09-06 11:30:00+00:00,Team Over 1.5,2. Bundesliga,2.1,LOST,-1.0,0.18,0.5619047619047619,0.4945652173913043,0.47619047619047616,0.03858695652173916,0.18
851c132e-07a3-402c-b9da-d484f4135e97,2026-09-06 11:30:00+00:00,Team Over 1.5,2. Bundesliga,1.8,LOST,-1.0,0.044000000000000004,0.58,0.4918918918918919,0.5555555555555556,-0.11459459459459453,0.044000000000000004
6a7a3d74-1197-4d65-a1d7-832265aa1ad8,2026-09-06 11:30:00+00:00,Over 2.5,2. Bundesliga,1.5,LOST,-1.0,0.105,0.7366666666666667,0.6818181818181818,0.6666666666666666,0.022727272727272707,0.105
99683e53-90a8-4239-8cc7-246ff26d0e03,2026-09-06 11:30:00+00:00,Over 3.5,2. Bundesliga,2.2,LOST,-1.0,0.177,0.535,0.489247311827957,0.45454545454545453,0.07634408602150544,0.177
d49a4bdc-40b3-467e-827a-91f3e82b174f,2026-09-06 11:30:00+00:00,Moneyline,2. Bundesliga,2.8,LOST,-1.0,0.397,0.49892857142857144,0.3950617283950617,0.35714285714285715,0.10617283950617273,0.397
fa0172f1-bfe2-4544-b39d-6f5759d8f425,2026-09-06 11:30:00+00:00,Double Chance X2,2. Bundesliga,1.57,LOST,-1.0,0.152,0.7337579617834394,0.6716417910447762,0.6369426751592356,0.05447761194029854,0.152
5682a759-5627-43c8-a1b7-5f2c3ae5c9ef,2026-09-06 11:30:00+00:00,Over 2.5,2. Bundesliga,1.7,WON,0.7,0.037000000000000005,0.61,0.5268817204301075,0.5882352941176471,-0.10430107526881727,0.037000000000000005
2c284149-1555-4408-ab41-a486caf87e29,2026-09-06 12:00:00+00:00,BTTS,Allsvenskan,1.75,WON,0.75,0.17800000000000002,0.6731428571428572,0.535483870967742,0.5714285714285714,-0.06290322580645158,0.17800000000000002
c3f351b1-080a-4a75-a7df-c15b24daec81,2026-09-06 12:00:00+00:00,Over 2.5,Superliga,1.85,WON,0.8500000000000001,0.051,0.5681081081081081,0.4891304347826087,0.5405405405405405,-0.09510869565217384,0.051
668fcd75-66de-49b1-a291-5cc675ad1563,2026-09-06 12:30:00+00:00,Double Chance 1X,Eredivisie,2.0,LOST,-1.0,0.17800000000000002,0.589,0.5294117647058824,0.5,0.05882352941176472,0.17800000000000002
3305d04a-bc5e-4909-adb4-9ffd1b8fc282,2026-09-06 12:30:00+00:00,BTTS,Eredivisie,1.5,WON,0.5,0.086,0.7240000000000001,0.6617647058823529,0.6666666666666666,-0.007352941176470562,0.086
2386d49d-158d-4ca5-b62a-93cd59a710e4,2026-09-06 12:30:00+00:00,Over 2.5,Eredivisie,1.44,WON,0.43999999999999995,0.092,0.7583333333333334,0.7480314960629921,0.6944444444444444,0.0771653543307087,0.092
f81336c3-7c6e-4063-bd63-7efa2e0e9f76,2026-09-06 12:30:00+00:00,Over 3.5,Eredivisie,2.0,WON,1.0,0.11599999999999999,0.558,0.4918918918918919,0.5,-0.01621621621621616,0.11599999999999999
f8739e22-47e9-424d-ad96-884a139c4adc,2026-09-06 13:00:00+00:00,Double Chance 1X,Serie A,1.5,WON,0.5,0.040999999999999995,0.694,0.5774647887323944,0.6666666666666666,-0.1338028169014085,0.040999999999999995
a1149240-1072-477f-bbb4-f5c13db0a315,2026-09-06 13:00:00+00:00,Under 2.5,Serie A,2.0,LOST,-1.0,0.184,0.592,0.526595744680851,0.5,0.05319148936170204,0.184
f7189e4e-8ff7-490d-bd41-645af8594259,2026-09-06 13:00:00+00:00,Moneyline,Serie A,2.62,LOST,-1.0,0.155,0.44083969465648853,0.23076923076923078,0.38167938931297707,-0.39538461538461533,0.155
a2e2be7a-d517-4879-910f-15a1b6d5bfe1,2026-09-06 14:00:00+00:00,Under 2.5,Serie A,1.67,LOST,-1.0,0.034,0.6191616766467066,0.5238095238095238,0.5988023952095809,-0.12523809523809526,0.034
61803eee-8a89-4196-8021-f085dd88b010,2026-09-06 14:00:00+00:00,Double Chance 1X,Süper Lig,1.4,WON,0.3999999999999999,0.044000000000000004,0.7457142857142858,0.6923076923076923,0.7142857142857143,-0.030769230769230882,0.044000000000000004
002f5a49-e4d5-4182-bb35-093a13c80800,2026-09-06 14:00:00+00:00,Moneyline,Süper Lig,2.3,LOST,-1.0,0.049,0.45608695652173914,0.3611111111111111,0.4347826086956522,-0.1694444444444445,0.049
12cf60f3-9240-469e-83f6-baa17519d049,2026-09-06 14:00:00+00:00,Under 2.5,Süper Lig,1.7,LOST,-1.0,0.045,0.6147058823529411,0.5210526315789473,0.5882352941176471,-0.11421052631578954,0.045
a69e8508-06aa-41bc-85cf-e0b1cadba950,2026-09-06 14:00:00+00:00,Over 2.5,Jupiler Pro League,1.7,LOST,-1.0,0.045,0.6147058823529411,0.518324607329843,0.5882352941176471,-0.11884816753926697,0.045
26788505-1bcb-417c-bb3d-00c515c89ed4,2026-09-06 14:00:00+00:00,Team Over 1.5,Jupiler Pro League,1.83,WON,0.8300000000000001,0.039,0.56775956284153,0.49462365591397844,0.5464480874316939,-0.09483870967741936,0.039
c3400d0d-c17a-420d-9bae-cdb9095589b4,2026-09-06 14:00:00+00:00,Moneyline,Jupiler Pro League,2.1,WON,1.1,0.079,0.5138095238095237,0.3902439024390244,0.47619047619047616,-0.18048780487804872,0.079
c4e299b9-dbec-4bde-87c6-9d9f1d79a381,2026-09-06 14:00:00+00:00,BTTS,Superliga,1.57,LOST,-1.0,0.127,0.7178343949044586,0.6666666666666666,0.6369426751592356,0.046666666666666634,0.127
913814d3-371d-4041-a5be-a2040e236329,2026-09-06 14:00:00+00:00,Double Chance 1X,Superliga,1.95,LOST,-1.0,0.23199999999999998,0.6317948717948718,0.5369774919614148,0.5128205128205129,0.04710610932475867,0.23199999999999998
966a78d6-6fa6-420c-a80f-32ad901faeb3,2026-09-06 14:00:00+00:00,Team Over 1.5,Superliga,2.5,LOST,-1.0,0.428,0.5711999999999999,0.49732620320855614,0.4,0.24331550802139024,0.428
27549da1-61d0-4cee-b9ab-2ad85f5bc215,2026-09-06 14:00:00+00:00,Over 1.5,Superliga,1.18,WON,0.17999999999999994,0.049,0.8889830508474577,0.8,0.8474576271186441,-0.05600000000000005,0.049
773bf2b9-85cf-4b57-8ede-95996170a4fb,2026-09-06 14:00:00+00:00,Over 2.5,Superliga,1.6,WON,0.6000000000000001,0.147,0.7168749999999999,0.6571428571428571,0.625,0.05142857142857138,0.147
bc3a5a7a-6fd2-4f29-8087-521161edec99,2026-09-06 14:00:00+00:00,Over 3.5,Superliga,2.5,WON,1.5,0.29,0.516,0.39759036144578314,0.4,-0.0060240963855421326,0.29
6a9a0829-e754-462f-bc03-d01228d1df00,2026-09-06 14:00:00+00:00,BTTS,Premiership,1.67,WON,0.6699999999999999,0.109,0.6640718562874252,0.5352564102564105,0.5988023952095809,-0.10612179487179452,0.109
31b2d192-d66b-4945-be96-73a4c4921886,2026-09-06 14:00:00+00:00,Over 1.5,Premiership,1.25,WON,0.25,0.057,0.8455999999999999,0.7625,0.8,-0.046875,0.057
34b5ae36-712c-4aba-832e-435eb425fd3f,2026-09-06 14:00:00+00:00,Over 2.5,Premiership,1.91,WON,0.9099999999999999,0.23199999999999998,0.6450261780104712,0.536741214057508,0.5235602094240838,0.025175718849840267,0.23199999999999998
93aedc14-502a-4c98-863d-91429c748316,2026-09-06 14:00:00+00:00,Under 2.5,Süper Lig,1.85,LOST,-1.0,0.125,0.6081081081081081,0.5156250000000001,0.5405405405405405,-0.04609374999999971,0.125
6f8fd32a-1310-42ca-8c00-33beff9cb78a,2026-09-06 14:30:00+00:00,Double Chance X2,Super League,1.5,WON,0.5,0.042,0.6946666666666667,0.5833333333333334,0.6666666666666666,-0.125,0.042
b492c5f3-0c45-453a-847d-0b748db909d5,2026-09-06 14:30:00+00:00,Moneyline,Super League,2.55,WON,1.5499999999999998,0.14,0.44705882352941184,0.25,0.3921568627450981,-0.36250000000000004,0.14
26dfa3b5-0804-4513-a220-d29a6ab63c14,2026-09-06 14:30:00+00:00,Under 2.5,Primeira Liga,1.65,LOST,-1.0,0.035,0.6272727272727272,0.5129533678756477,0.6060606060606061,-0.15362694300518132,0.035
c7855e5d-7ace-42bd-8e6d-3a31ba4192e4,2026-09-06 14:45:00+00:00,BTTS,Eredivisie,1.4,WON,0.3999999999999999,0.054000000000000006,0.7528571428571429,0.75,0.7142857142857143,0.04999999999999982,0.054000000000000006
bdd4291a-b06b-4d80-9b12-a5b99e8221d1,2026-09-06 14:45:00+00:00,Double Chance X2,Eredivisie,1.73,WON,0.73,0.159,0.6699421965317919,0.5382165605095542,0.5780346820809249,-0.0688853503184712,0.159
dcd9663c-b7bb-4f7b-ab73-7faa636a5eb7,2026-09-06 14:45:00+00:00,Over 2.5,Eredivisie,1.44,WON,0.43999999999999995,0.10300000000000001,0.7659722222222223,0.751937984496124,0.6944444444444444,0.0827906976744186,0.10300000000000001
a14d7b82-c8da-44b5-9c11-3e03ff0f295d,2026-09-06 14:45:00+00:00,Over 3.5,Eredivisie,2.0,WON,1.0,0.14800000000000002,0.5740000000000001,0.4946808510638298,0.5,-0.010638297872340385,0.14800000000000002
6188c7e5-27f0-4f0e-a62e-4a0159fecd11,2026-09-06 14:45:00+00:00,Team Over 1.5,Eredivisie,2.0,WON,1.0,0.276,0.638,0.5396825396825395,0.5,0.07936507936507908,0.276
72c40819-f20f-44ca-996c-25aa6a33e4b1,2026-09-06 14:45:00+00:00,Moneyline,Eredivisie,3.1,WON,2.1,0.401,0.4519354838709677,0.35135135135135137,0.3225806451612903,0.08918918918918939,0.401
181f717a-f6d0-412a-88e2-b6b287ead01c,2026-09-06 16:00:00+00:00,BTTS,Superliga,1.7,LOST,-1.0,0.034,0.6082352941176471,0.5103092783505154,0.5882352941176471,-0.1324742268041238,0.034
ac2101ff-f7f4-4c3f-bfdc-d32be46d1c51,2026-09-06 17:00:00+00:00,Under 2.5,Primeira Liga,1.8,WON,0.8,0.107,0.615,0.5076923076923077,0.5555555555555556,-0.08615384615384614,0.107
5c2c8eab-d718-4a30-86b9-2bbbdfd34354,2026-09-06 17:15:00+00:00,BTTS,Eliteserien,1.75,LOST,-1.0,0.11699999999999999,0.6382857142857142,0.5411392405063291,0.5714285714285714,-0.053006329113924,0.11699999999999999
f2e2c255-2b5e-4457-a544-297d0b5818bf,2026-09-06 17:15:00+00:00,Over 2.5,Eliteserien,1.7,LOST,-1.0,0.045,0.6147058823529411,0.5102040816326532,0.5882352941176471,-0.1326530612244896,0.045
139c8aac-4a0f-492b-895f-475490f2aefe,2026-09-06 17:15:00+00:00,Double Chance 1X,Jupiler Pro League,1.4,WON,0.3999999999999999,0.043,0.745,0.7142857142857143,0.7142857142857143,0.0,0.043
f5579469-3625-456e-bcc7-138944c7d52d,2026-09-06 17:15:00+00:00,Moneyline,Jupiler Pro League,2.25,WON,1.25,0.064,0.4728888888888889,0.3684210526315789,0.4444444444444444,-0.17105263157894746,0.064
5ba4f607-2171-410b-b498-bc47805cc42e,2026-09-06 18:45:00+00:00,Team Over 1.5,Ligue 1,1.67,WON,0.6699999999999999,0.045,0.625748502994012,0.5076142131979695,0.5988023952095809,-0.152284263959391,0.045
9a89bb1c-e36a-43dd-a434-c3f13c5fb37c,2026-09-06 18:45:00+00:00,Moneyline,Ligue 1,1.75,LOST,-1.0,0.048,0.5988571428571429,0.51010101010101,0.5714285714285714,-0.10732323232323238,0.048
c5039db4-b11f-47e5-9fba-f6ca78b21a69,2026-09-06 18:45:00+00:00,Over 2.5,Ligue 1,1.67,WON,0.6699999999999999,0.044000000000000004,0.6251497005988025,0.5075376884422111,0.5988023952095809,-0.15241206030150745,0.044000000000000004
6b140eb4-3418-4a1b-9967-b118b1571612,2026-09-06 19:00:00+00:00,BTTS,Serie A,1.91,WON,0.9099999999999999,0.125,0.5890052356020943,0.5099999999999999,0.5235602094240838,-0.025900000000000256,0.125
e5a243a9-890f-4b83-93b7-50107d01e51b,2026-09-06 19:00:00+00:00,Team Over 1.5,Serie A,2.0,WON,1.0,0.142,0.571,0.4973544973544973,0.5,-0.005291005291005346,0.142
ab8e916a-2953-4dbd-92f0-06d2a5c39850,2026-09-06 19:00:00+00:00,Moneyline,Serie A,1.9,WON,0.8999999999999999,0.037000000000000005,0.5457894736842105,0.5,0.5263157894736842,-0.050000000000000044,0.037000000000000005
82bac089-57cd-45be-9c36-a2f02811bc32,2026-09-06 19:00:00+00:00,Over 1.5,Serie A,1.33,WON,0.33000000000000007,0.073,0.806766917293233,0.7538461538461538,0.7518796992481203,0.002615384615384686,0.073
d2ffedfa-50c5-4546-8a64-68ad3fbfe6d1,2026-09-06 19:00:00+00:00,Over 2.5,Serie A,2.05,WON,1.0499999999999998,0.209,0.5897560975609757,0.5124378109452737,0.48780487804878053,0.05049751243781109,0.209
482e93a0-90f6-4e6b-8ea1-7d730bd897c0,2026-09-06 19:00:00+00:00,BTTS,La Liga,2.0,WON,1.0,0.102,0.551,0.5026455026455027,0.5,0.005291005291005346,0.102
9cbc0ab7-b650-4ac4-957c-a1aef742364a,2026-09-06 19:00:00+00:00,Over 1.5,La Liga,1.44,WON,0.43999999999999995,0.07400000000000001,0.7458333333333335,0.7241379310344828,0.6944444444444444,0.04275862068965508,0.07400000000000001
8746a317-7d3b-49ff-a137-bbe5459218af,2026-09-06 19:00:00+00:00,BTTS,Serie A,1.75,WON,0.75,0.05,0.6,0.5148514851485148,0.5714285714285714,-0.09900990099009921,0.05
7933ea19-42db-43e9-8f66-e23a1a0b67dc,2026-09-06 19:00:00+00:00,Over 1.5,Serie A,1.3,WON,0.30000000000000004,0.035,0.7961538461538461,0.7557251908396947,0.7692307692307692,-0.017557251908396854,0.035
d48e366e-bc23-4f15-8d40-eb96ab61c393,2026-09-06 19:00:00+00:00,Over 2.5,Serie A,1.95,WON,0.95,0.102,0.5651282051282052,0.5052631578947366,0.5128205128205129,-0.014736842105263603,0.102
b3dbd6f6-0b16-418c-b202-c267bf64baa7,2026-09-06 19:00:00+00:00,BTTS,Serie A,1.95,LOST,-1.0,0.094,0.5610256410256411,0.5078534031413613,0.5128205128205129,-0.009685863874345557,0.094
c2abaad1-087a-43a9-b894-083354013846,2026-09-06 19:30:00+00:00,BTTS,Primeira Liga,1.95,LOST,-1.0,0.039,0.5328205128205128,0.40476190476190477,0.5128205128205129,-0.21071428571428574,0.039
8b4e06ae-8424-4346-99fa-368357b133d5,2026-09-06 21:30:00+00:00,BTTS,Serie A,1.7,LOST,-1.0,0.142,0.6717647058823529,0.5394321766561514,0.5882352941176471,-0.08296529968454269,0.142
4b6de6bc-1223-4e98-a7af-8f89b5bc0d87,2026-09-06 21:30:00+00:00,Over 1.5,Serie A,1.28,LOST,-1.0,0.083,0.84609375,0.7654320987654321,0.78125,-0.020246913580246995,0.083
a318cef7-bb54-47f4-b11b-e5822a7d6b4a,2026-09-06 21:30:00+00:00,Over 2.5,Serie A,1.9,LOST,-1.0,0.25,0.6578947368421053,0.5377358490566038,0.5263157894736842,0.02169811320754711,0.25
0c01df8e-1785-4dff-835d-6fdf0fc7de1e,2026-09-06 22:00:00+00:00,BTTS,Leagues Cup,1.73,LOST,-1.0,0.13,0.653179190751445,0.5360501567398119,0.5780346820809249,-0.07263322884012535,0.13
afdc8332-8340-4e28-8538-a0f34eb14cc3,2026-09-06 22:00:00+00:00,Double Chance 1X,Leagues Cup,1.83,WON,0.8300000000000001,0.124,0.6142076502732241,0.5172413793103449,0.5464480874316939,-0.053448275862068906,0.124
05fb2f48-1b7a-4318-bb31-fb2567dc17cd,2026-09-06 22:00:00+00:00,Over 1.5,Leagues Cup,1.25,LOST,-1.0,0.045,0.836,0.7570093457943925,0.8,-0.053738317757009435,0.045
1bd1c9e0-fb39-41d2-9750-98ae45af2d79,2026-09-06 22:00:00+00:00,Over 2.5,Leagues Cup,1.8,LOST,-1.0,0.134,0.6299999999999999,0.534375,0.5555555555555556,-0.03812499999999985,0.134
185db079-929e-4281-8de4-cfb79d1ecff5,2026-09-06 22:30:00+00:00,Under 2.5,Serie A,1.85,LOST,-1.0,0.34700000000000003,0.7281081081081081,0.6619718309859155,0.5405405405405405,0.2246478873239437,0.34700000000000003
2fded8ca-f911-4c26-8694-cbcb2b66480d,2026-09-07 15:30:00+00:00,BTTS,Pro League,1.62,LOST,-1.0,0.111,0.6858024691358025,0.5327102803738317,0.6172839506172839,-0.1370093457943925,0.111
2a81d90c-7f37-4444-9067-9ec6b306daad,2026-09-07 15:30:00+00:00,Over 1.5,Pro League,1.22,LOST,-1.0,0.053,0.8631147540983606,0.7534883720930232,0.819672131147541,-0.08074418604651168,0.053
19a9aa08-b5f7-4eb9-b298-8a4dd97ee550,2026-09-07 15:30:00+00:00,Over 2.5,Pro League,1.8,LOST,-1.0,0.222,0.6788888888888889,0.531055900621118,0.5555555555555556,-0.04409937888198767,0.222
00f979a2-16da-4c44-aab4-7856fc7ad3e3,2026-09-07 17:00:00+00:00,Double Chance 1X,Allsvenskan,1.95,LOST,-1.0,0.262,0.6471794871794871,0.5294117647058822,0.5128205128205129,0.03235294117647025,0.262
85df58b0-e5d7-4788-833d-fb0cad6c13ec,2026-09-07 17:00:00+00:00,BTTS,Allsvenskan,1.53,LOST,-1.0,0.086,0.7098039215686275,0.589041095890411,0.6535947712418301,-0.09876712328767123,0.086
d5e9fdf9-ec1c-44fd-851f-0f24529ae238,2026-09-07 17:00:00+00:00,Team Over 1.5,Allsvenskan,1.57,LOST,-1.0,0.061,0.675796178343949,0.5277777777777778,0.6369426751592356,-0.1713888888888888,0.061
db514dc9-4b4e-4742-aff0-946b4377e593,2026-09-07 17:00:00+00:00,Over 2.5,Allsvenskan,1.5,LOST,-1.0,0.107,0.738,0.6527777777777778,0.6666666666666666,-0.02083333333333326,0.107
ffd11726-6f5a-4eeb-b7ec-5144f01e7d64,2026-09-07 17:00:00+00:00,Over 3.5,Allsvenskan,2.2,LOST,-1.0,0.17,0.5318181818181817,0.4,0.45454545454545453,-0.11999999999999988,0.17
a9e43fc7-d7fb-47c4-8b11-5f4a65a441c3,2026-09-07 17:00:00+00:00,Over 2.5,Superliga,1.6,WON,0.6000000000000001,0.075,0.6718749999999999,0.526153846153846,0.625,-0.15815384615384642,0.075
6bdd939e-55cf-4d86-ab63-923a102f8525,2026-09-07 17:00:00+00:00,Team Over 1.5,Allsvenskan,2.0,LOST,-1.0,0.134,0.567,0.5052083333333334,0.5,0.01041666666666674,0.134
491e991e-742a-41bc-924b-fcc54d2f1199,2026-09-07 17:00:00+00:00,Moneyline,Allsvenskan,2.35,LOST,-1.0,0.121,0.47702127659574467,0.38461538461538464,0.425531914893617,-0.09615384615384603,0.121
c593bf12-5f61-4e72-90a5-48c36ab59f0b,2026-09-07 17:00:00+00:00,Over 2.5,Allsvenskan,1.67,WON,0.6699999999999999,0.08199999999999999,0.6479041916167665,0.5276073619631901,0.5988023952095809,-0.11889570552147255,0.08199999999999999
16cbd141-c73e-4c97-9a73-2a04fcf09151,2026-09-07 18:00:00+00:00,Moneyline,Eerste Divisie,2.0,WON,1.0,0.06,0.53,0.3953488372093023,0.5,-0.2093023255813954,0.06
d58087ab-ba02-439f-8c4f-9cca0d042b7f,2026-09-07 18:00:00+00:00,BTTS,Eerste Divisie,1.44,LOST,-1.0,0.038,0.7208333333333334,0.6438356164383562,0.6944444444444444,-0.07287671232876713,0.038
33e902ac-2ecf-46f5-ad15-3b51b5c526d1,2026-09-07 18:00:00+00:00,Double Chance X2,Eerste Divisie,1.57,WON,0.5700000000000001,0.035,0.6592356687898089,0.5290519877675842,0.6369426751592356,-0.1693883792048927,0.035
9eb875e3-1619-4e8d-9f1d-885917246ea5,2026-09-07 18:00:00+00:00,Team Over 1.5,Eerste Divisie,2.0,LOST,-1.0,0.188,0.594,0.5196078431372549,0.5,0.03921568627450989,0.188
1cd62ba4-6a53-469e-b516-dbbc93354426,2026-09-07 18:00:00+00:00,Moneyline,Eerste Divisie,2.8,LOST,-1.0,0.221,0.4360714285714286,0.225,0.35714285714285715,-0.37,0.221
87bddc85-f8be-4d2e-ae5d-9eb541ad6bbb,2026-09-07 18:00:00+00:00,Over 2.5,Eerste Divisie,1.53,LOST,-1.0,0.106,0.7228758169934641,0.6351351351351351,0.6535947712418301,-0.028243243243243343,0.106
f1c0d6ae-d46f-4aea-9937-ad605a7ecd4b,2026-09-07 18:00:00+00:00,Over 3.5,Eerste Divisie,2.25,LOST,-1.0,0.161,0.516,0.40229885057471265,0.4444444444444444,-0.09482758620689657,0.161
eebe00fa-a13b-4d2b-95c9-b5c5ce4445be,2026-09-07 18:45:00+00:00,Under 2.5,Serie A,1.62,LOST,-1.0,0.092,0.674074074074074,0.5304878048780489,0.6172839506172839,-0.14060975609756066,0.092
be5daea7-9660-4c8a-8911-85484585937b,2026-09-07 19:15:00+00:00,BTTS,Primeira Liga,1.7,LOST,-1.0,0.034,0.6082352941176471,0.5170731707317073,0.5882352941176471,-0.12097560975609756,0.034
cba5e096-01bd-4f30-ba04-fcbb26b22dff,2026-09-07 19:15:00+00:00,Moneyline,Primeira Liga,2.35,LOST,-1.0,0.067,0.45404255319148934,0.375,0.425531914893617,-0.11874999999999991,0.067
c929deea-1590-45b2-9759-cd524166e404,2026-09-07 19:15:00+00:00,Over 2.5,Primeira Liga,1.9,LOST,-1.0,0.10400000000000001,0.5810526315789475,0.5025906735751297,0.5263157894736842,-0.04507772020725376,0.10400000000000001
fc303171-aa20-43a7-88ae-623fc8ed002e,2026-09-07 23:00:00+00:00,Double Chance 1X,Serie A,1.28,WON,0.28,0.13699999999999998,0.88828125,0.8095238095238095,0.78125,0.03619047619047633,0.13699999999999998
d23e814a-0dce-4d3c-9b28-8eeb8d39c77c,2026-09-07 23:00:00+00:00,Under 2.5,Serie A,1.7,WON,0.7,0.11900000000000001,0.658235294117647,0.5288753799392097,0.5882352941176471,-0.10091185410334347,0.11900000000000001
3b8c49ad-7586-4aaf-9a7d-63076141e445,2026-09-07 23:00:00+00:00,Moneyline,Serie A,2.15,WON,1.15,0.35200000000000004,0.6288372093023257,0.5303030303030303,0.46511627906976744,0.14015151515151514,0.35200000000000004
25bfe6ed-52f7-42dc-8a68-5dd4eae83907,2026-09-08 12:00:00+00:00,Over 2.5,Eredivisie,1.53,WON,0.53,0.045,0.6830065359477123,0.5317220543806647,0.6535947712418301,-0.18646525679758308,0.045
0d583017-f065-4016-8390-a1901b427f96,2026-09-08 12:00:00+00:00,Team Over 1.5,Eredivisie,1.8,WON,0.8,0.053,0.585,0.5,0.5555555555555556,-0.09999999999999998,0.053
e222bd4b-abdd-461d-961d-5099b7ec8f0e,2026-09-08 15:30:00+00:00,Team Over 1.5,Pro League,1.73,LOST,-1.0,0.20199999999999999,0.6947976878612716,0.581081081081081,0.5780346820809249,0.005270270270270272,0.20199999999999999
6f2efee8-0159-4243-9923-03f7a57b235c,2026-09-08 15:30:00+00:00,Moneyline,Pro League,1.85,LOST,-1.0,0.06,0.572972972972973,0.5025641025641027,0.5405405405405405,-0.07025641025641005,0.06
c1b38bfa-eace-498e-a287-6484af4872b4,2026-09-08 15:30:00+00:00,BTTS,Pro League,1.53,LOST,-1.0,0.08900000000000001,0.7117647058823529,0.6,0.6535947712418301,-0.08200000000000007,0.08900000000000001
e2c37110-81c6-4429-b51e-f037b35bed51,2026-09-08 15:30:00+00:00,Over 1.5,Pro League,1.17,LOST,-1.0,0.061,0.9068376068376068,0.8823529411764706,0.8547008547008548,0.03235294117647047,0.061
decec3c8-576f-416b-911e-166e3585ba1d,2026-09-08 15:30:00+00:00,Over 2.5,Pro League,1.57,LOST,-1.0,0.174,0.7477707006369426,0.7333333333333333,0.6369426751592356,0.15133333333333332,0.174
a745d13c-5265-4e99-9901-daafaeffb67e,2026-09-08 15:30:00+00:00,Over 3.5,Pro League,2.38,LOST,-1.0,0.304,0.5478991596638656,0.5,0.42016806722689076,0.18999999999999995,0.304
8ebf3757-0476-4c65-a1e1-1012d80d879d,2026-09-08 16:45:00+00:00,BTTS,Eredivisie,1.44,WON,0.43999999999999995,0.07400000000000001,0.7458333333333335,0.7096774193548387,0.6944444444444444,0.021935483870967776,0.07400000000000001
d836b1fd-d5d8-4b4d-a673-96259d736e9d,2026-09-08 16:45:00+00:00,Over 2.5,Eredivisie,1.36,WON,0.3600000000000001,0.055,0.775735294117647,0.75,0.7352941176470588,0.020000000000000018,0.055
f323100c-7046-4ef2-befc-b1bd46c6c297,2026-09-08 16:45:00+00:00,Over 3.5,Eredivisie,1.83,WON,0.8300000000000001,0.069,0.5841530054644808,0.4974874371859298,0.5464480874316939,-0.08959798994974844,0.069
98814219-3d31-4814-a2cd-27b0864bb848,2026-09-08 18:45:00+00:00,Over 2.5,Championship,1.73,WON,0.73,0.1,0.6358381502890174,0.5331325301204819,0.5780346820809249,-0.07768072289156636,0.1
3dffc79f-fbd1-46da-a921-b2213b247923,2026-09-08 18:45:00+00:00,Team Over 1.5,Championship,1.8,WON,0.8,0.132,0.6288888888888889,0.5345345345345345,0.5555555555555556,-0.037837837837837895,0.132
06c193db-9b17-4c4c-a6f8-86e166489639,2026-09-08 18:45:00+00:00,Moneyline,Championship,1.85,WON,0.8500000000000001,0.09699999999999999,0.5929729729729729,0.5145631067961164,0.5405405405405405,-0.048058252427184645,0.09699999999999999
cb82377e-46fa-492a-a8c0-9341491ae6d5,2026-09-08 18:45:00+00:00,Under 2.5,Championship,1.91,LOST,-1.0,0.152,0.6031413612565445,0.5169082125603864,0.5235602094240838,-0.012705314009661905,0.152
d04fdf4f-8b5a-43a6-ae20-1d13560b9395,2026-09-08 18:45:00+00:00,Over 2.5,Championship,1.8,LOST,-1.0,0.087,0.6038888888888888,0.5144230769230769,0.5555555555555556,-0.07403846153846161,0.087
9341f177-793a-4a1e-a203-05c9300acbeb,2026-09-08 19:00:00+00:00,Moneyline,UEFA Champions League,1.73,WON,0.73,0.040999999999999995,0.6017341040462427,0.5119617224880382,0.5780346820809249,-0.11430622009569402,0.040999999999999995
f4352927-317a-4c71-9137-e2227d1d2598,2026-09-09 15:55:00+00:00,Double Chance 1X,Pro League,1.67,LOST,-1.0,0.107,0.662874251497006,0.5359281437125748,0.5988023952095809,-0.1050000000000001,0.107
5018bd28-2674-4c22-8f3f-38e6581d74f3,2026-09-09 16:45:00+00:00,BTTS,UEFA Champions League,1.8,WON,0.8,0.114,0.6188888888888889,0.5142857142857142,0.5555555555555556,-0.0742857142857144,0.114
674176e6-039c-40a6-ab01-51fb183743d3,2026-09-09 16:45:00+00:00,BTTS,UEFA Champions League,1.57,WON,0.5700000000000001,0.135,0.7229299363057324,0.6266666666666667,0.6369426751592356,-0.016133333333333222,0.135
3966de50-975d-489c-a5e4-361abcc265ea,2026-09-09 16:45:00+00:00,Over 2.5,UEFA Champions League,1.25,WON,0.25,0.040999999999999995,0.8328,0.7511520737327189,0.8,-0.06105990783410142,0.040999999999999995
ec33d731-002e-4a4e-9bfa-8a26734a42d2,2026-09-09 16:45:00+00:00,Over 3.5,UEFA Champions League,1.67,WON,0.6699999999999999,0.132,0.6778443113772457,0.5343283582089553,0.5988023952095809,-0.10767164179104471,0.132
9439e97f-6e28-4a6d-87a6-35ace9a783a5,2026-09-09 19:00:00+00:00,BTTS,League Cup,1.7,WON,0.7,0.037000000000000005,0.61,0.5165876777251185,0.5882352941176471,-0.12180094786729856,0.037000000000000005
8a7be962-97ef-40ca-96e0-b6bbf5144ba5,2026-09-09 19:00:00+00:00,BTTS,Premiership,1.62,LOST,-1.0,0.134,0.6999999999999998,0.5729166666666666,0.6172839506172839,-0.07187500000000002,0.134
20fcfc8b-4dba-4674-9afe-b94dc0476d71,2026-09-09 19:00:00+00:00,Over 1.5,Premiership,1.14,LOST,-1.0,0.026000000000000002,0.9000000000000001,0.8181818181818182,0.8771929824561404,-0.06727272727272726,0.026000000000000002
55c3ec50-98f0-4909-aba2-73d76d2cb79c,2026-09-09 19:00:00+00:00,Over 2.5,Premiership,1.5,LOST,-1.0,0.109,0.7393333333333333,0.631578947368421,0.6666666666666666,-0.052631578947368474,0.109
93afd138-9a9b-4582-b018-7b8452e93d6a,2026-09-09 19:00:00+00:00,Over 3.5,Premiership,2.2,LOST,-1.0,0.184,0.5381818181818181,0.5000000000000001,0.45454545454545453,0.10000000000000031,0.184
c67f9f41-e22f-4a64-ac32-518ab41a25ad,2026-09-09 19:00:00+00:00,Over 2.5,UEFA Champions League,1.62,WON,0.6200000000000001,0.05,0.6481481481481481,0.5357142857142858,0.6172839506172839,-0.1321428571428569,0.05
fa133255-3391-4e5d-8b05-c830f05cc263,2026-09-09 22:00:00+00:00,Double Chance 1X,CONMEBOL Sudamericana,1.36,WON,0.3600000000000001,0.064,0.7823529411764706,0.7522935779816514,0.7352941176470588,0.023119266055046106,0.064
30715eaa-4051-44fd-91d9-f833f0018765,2026-09-09 22:00:00+00:00,Moneyline,CONMEBOL Sudamericana,2.38,WON,1.38,0.16899999999999998,0.4911764705882353,0.36585365853658536,0.42016806722689076,-0.12926829268292683,0.16899999999999998
0e1c98d8-3c14-41c4-ad26-ce819b1dba5e,2026-09-09 23:30:00+00:00,BTTS,Major League Soccer,1.4,WON,0.3999999999999999,0.033,0.7378571428571429,0.6233766233766233,0.7142857142857143,-0.12727272727272754,0.033
13e31dc4-c1ef-4ed7-a6ec-fd40f67ec78b,2026-09-09 23:30:00+00:00,Over 2.5,Major League Soccer,1.44,WON,0.43999999999999995,0.071,0.74375,0.71875,0.6944444444444444,0.03499999999999992,0.071
9e196b3f-72d9-4b94-a3e0-ccba3451123e,2026-09-09 23:30:00+00:00,Over 3.5,Major League Soccer,2.1,WON,1.1,0.153,0.549047619047619,0.49751243781094534,0.47619047619047616,0.044776119402985204,0.153
5923ec10-5df9-4ce9-885b-4a1fc1442121,2026-09-09 23:30:00+00:00,Moneyline,Major League Soccer,2.6,LOST,-1.0,0.258,0.4838461538461538,0.38095238095238093,0.3846153846153846,-0.00952380952380949,0.258
3793d039-86bc-4432-8e83-5cde20f6fc29,2026-09-09 23:30:00+00:00,Double Chance X2,Major League Soccer,1.5,LOST,-1.0,0.10400000000000001,0.7360000000000001,0.6282051282051282,0.6666666666666666,-0.05769230769230771,0.10400000000000001
ff1bdc8c-1ccf-49cf-a793-7349d76d3d67,2026-09-10 00:00:00+00:00,BTTS,Major League Soccer,1.57,WON,0.5700000000000001,0.083,0.6898089171974522,0.5370919881305638,0.6369426751592356,-0.15676557863501484,0.083
038ce6e9-46f8-4964-ae6a-36b7e49eb5b9,2026-09-10 00:00:00+00:00,Team Over 1.5,Major League Soccer,1.91,LOST,-1.0,0.14400000000000002,0.598952879581152,0.518867924528302,0.5235602094240838,-0.008962264150943255,0.14400000000000002
905af473-aaa6-42bd-af0d-692478d09d7d,2026-09-10 00:00:00+00:00,Moneyline,Major League Soccer,2.2,WON,1.2000000000000002,0.057999999999999996,0.4809090909090909,0.37209302325581395,0.45454545454545453,-0.1813953488372092,0.057999999999999996
2b7b5554-be4f-4e6d-b3c2-ce49d2c75b47,2026-09-10 00:00:00+00:00,Over 1.5,Major League Soccer,1.2,WON,0.19999999999999996,0.042,0.8683333333333334,0.7534246575342466,0.8333333333333334,-0.09589041095890416,0.042
01385c2f-a77a-46de-9ee8-e556400c1ca2,2026-09-10 00:00:00+00:00,Over 2.5,Major League Soccer,1.67,WON,0.6699999999999999,0.154,0.6910179640718562,0.5384615384615384,0.5988023952095809,-0.10076923076923083,0.154
5d1b7731-8b43-448e-b7c9-11ca3b62782a,2026-09-10 00:30:00+00:00,BTTS,Major League Soccer,1.7,WON,0.7,0.073,0.6311764705882353,0.5398230088495575,0.5882352941176471,-0.08230088495575227,0.073
c9a5f1d8-8233-4034-8ba9-7e8806bac115,2026-09-10 00:30:00+00:00,Over 1.5,Major League Soccer,1.28,WON,0.28,0.055999999999999994,0.8250000000000001,0.7545454545454545,0.78125,-0.0341818181818182,0.055999999999999994
539b6eca-45e3-4542-bcb4-b49f69b246fb,2026-09-10 00:30:00+00:00,Over 2.5,Major League Soccer,1.9,LOST,-1.0,0.146,0.6031578947368421,0.5164319248826291,0.5263157894736842,-0.018779342723004744,0.146
31c7cd88-831a-47c1-a9a4-f90750d45652,2026-09-10 00:30:00+00:00,Double Chance X2,Major League Soccer,1.91,WON,0.9099999999999999,0.222,0.6397905759162303,0.5411764705882356,0.5235602094240838,0.03364705882353003,0.222
337db9aa-1ab0-4b11-94e7-2506abc8ce6a,2026-09-10 02:30:00+00:00,BTTS,Major League Soccer,1.53,LOST,-1.0,0.102,0.7202614379084967,0.6202531645569619,0.6535947712418301,-0.051012658227848284,0.102
368a9085-e001-4450-9e68-2c434fe45c74,2026-09-10 02:30:00+00:00,Over 2.5,Major League Soccer,1.36,LOST,-1.0,0.057999999999999996,0.7779411764705882,0.755656108597285,0.7352941176470588,0.027692307692307683,0.057999999999999996
6824b523-04e1-43fc-a3e9-31cff54052e1,2026-09-10 02:30:00+00:00,Over 3.5,Major League Soccer,1.83,LOST,-1.0,0.07200000000000001,0.585792349726776,0.5,0.5464480874316939,-0.08499999999999996,0.07200000000000001
58bbf729-b942-4693-b36e-facd3614bedb,2026-09-10 02:30:00+00:00,Over 2.5,Major League Soccer,1.53,WON,0.53,0.065,0.696078431372549,0.5657894736842105,0.6535947712418301,-0.13434210526315793,0.065
34dda8aa-c2e7-4a4c-ab30-383bcadb9c58,2026-09-10 02:30:00+00:00,Team Over 1.5,Major League Soccer,1.83,WON,0.8300000000000001,0.05,0.5737704918032787,0.4975369458128079,0.5464480874316939,-0.08950738916256151,0.05
ec4cf47d-98ea-479c-88f7-6ea59d0f3653,2026-09-10 02:30:00+00:00,Double Chance X2,Major League Soccer,1.95,WON,0.95,0.17,0.6,0.5140186915887851,0.5128205128205129,0.00233644859813098,0.17
5b3555c3-ee3e-4b7f-b011-2b2d866c9e96,2026-09-10 02:30:00+00:00,BTTS,Major League Soccer,1.53,LOST,-1.0,0.07400000000000001,0.7019607843137255,0.5714285714285714,0.6535947712418301,-0.12571428571428578,0.07400000000000001
cc68d3a5-0a48-4347-ad43-91722420ba95,2026-09-10 02:30:00+00:00,Over 2.5,Major League Soccer,1.36,WON,0.3600000000000001,0.07400000000000001,0.7897058823529411,0.7522522522522522,0.7352941176470588,0.02306306306306305,0.07400000000000001
456a0ac8-7e00-40d5-ac56-db0034d9a32d,2026-09-10 02:30:00+00:00,Over 3.5,Major League Soccer,1.83,LOST,-1.0,0.135,0.6202185792349727,0.5162790697674418,0.5464480874316939,-0.05520930232558152,0.135
62b57f7a-fda5-4423-b321-28274572c20f,2026-09-10 16:45:00+00:00,BTTS,UEFA Champions League,1.57,WON,0.5700000000000001,0.064,0.6777070063694267,0.5425219941348973,0.6369426751592356,-0.1482404692082112,0.064
14dd6548-f834-49e0-b002-153316916cbe,2026-09-10 16:45:00+00:00,Over 2.5,UEFA Champions League,1.44,LOST,-1.0,0.08,0.7500000000000001,0.7272727272727273,0.6944444444444444,0.047272727272727355,0.08
0143b338-e5a0-42f5-85c3-67d7ec258d94,2026-09-10 16:45:00+00:00,Over 3.5,UEFA Champions League,2.1,LOST,-1.0,0.172,0.5580952380952381,0.5,0.47619047619047616,0.050000000000000044,0.172
655775fc-dfdb-46e8-889f-54c5f391bc53,2026-09-10 19:00:00+00:00,BTTS,UEFA Champions League,1.67,LOST,-1.0,0.122,0.6718562874251497,0.5438596491228069,0.5988023952095809,-0.09175438596491248,0.122
c3dbf986-5936-4e0f-8e15-894718fa5685,2026-09-10 19:00:00+00:00,Over 3.5,UEFA Champions League,1.36,WON,0.3600000000000001,0.036000000000000004,0.7617647058823529,0.7533632286995515,0.7352941176470588,0.02457399103139024,0.036000000000000004
f77029ac-86e0-4684-a973-0cc5189615ce,2026-09-10 19:00:00+00:00,Over 2.5,UEFA Champions League,1.8,WON,0.8,0.062,0.59,0.513888888888889,0.5555555555555556,-0.07499999999999984,0.062
46954f42-f9e1-4475-ad43-ca8f920635a1,2026-09-10 19:15:00+00:00,BTTS,Primeira Liga,1.95,WON,0.95,0.141,0.5851282051282052,0.4975609756097561,0.5128205128205129,-0.029756097560975636,0.141
809946dd-68e8-4cdf-b5a9-65c1e1c69ee4,2026-09-10 19:15:00+00:00,Over 2.5,Primeira Liga,1.95,WON,0.95,0.121,0.5748717948717949,0.5,0.5128205128205129,-0.025000000000000022,0.121
148dc759-ebd8-4912-b0b4-2ac71903844b,2026-09-11 16:30:00+00:00,Double Chance 1X,2. Bundesliga,1.53,WON,0.53,0.085,0.7091503267973855,0.5641025641025641,0.6535947712418301,-0.13692307692307693,0.085
adcafb22-77e2-408c-af6d-a14c6cc53ee2,2026-09-11 16:30:00+00:00,Moneyline,2. Bundesliga,2.7,WON,1.7000000000000002,0.264,0.46814814814814815,0.38636363636363635,0.37037037037037035,0.04318181818181821,0.264
fe7c2b7d-cbdc-4e67-a0a8-db3df514064f,2026-09-11 17:00:00+00:00,BTTS,Superliga,1.95,LOST,-1.0,0.24,0.6358974358974359,0.5422740524781341,0.5128205128205129,0.05743440233236141,0.24
1bd22cff-b871-4621-8b68-a4bc9f3639ac,2026-09-11 18:00:00+00:00,BTTS,Eredivisie,1.8,WON,0.8,0.107,0.615,0.5161290322580646,0.5555555555555556,-0.07096774193548372,0.107
5d5a73c2-3ab8-4dac-984a-26e58e6dcc0b,2026-09-11 18:00:00+00:00,Over 2.5,Eredivisie,1.25,LOST,-1.0,0.04,0.8320000000000001,0.7544642857142857,0.8,-0.056919642857142905,0.04
ccc84caa-c5fa-4f70-ba8e-2ea0c925a076,2026-09-11 18:00:00+00:00,Over 3.5,Eredivisie,1.67,LOST,-1.0,0.11599999999999999,0.6682634730538923,0.5406976744186047,0.5988023952095809,-0.09703488372093017,0.11599999999999999
df20725a-7b76-4a26-832a-d6511f95e8aa,2026-09-11 18:00:00+00:00,Team Over 1.5,Pro League,1.4,WON,0.3999999999999999,0.064,0.7600000000000001,0.7511111111111111,0.7142857142857143,0.051555555555555355,0.064
de0bf08a-729c-428a-88a5-a2811c60b1e8,2026-09-11 18:00:00+00:00,Team Over 1.5,Eerste Divisie,1.5,LOST,-1.0,0.05,0.7000000000000001,0.569620253164557,0.6666666666666666,-0.14556962025316444,0.05
be50262d-288a-4beb-a737-1aa855a75a46,2026-09-11 18:00:00+00:00,Moneyline,Eerste Divisie,2.0,LOST,-1.0,0.08800000000000001,0.544,0.5025906735751295,0.5,0.005181347150259086,0.08800000000000001
222d8f7b-fe0d-4b18-ab6b-1d49af4d33da,2026-09-11 18:00:00+00:00,Over 2.5,Eerste Divisie,1.53,WON,0.53,0.073,0.7013071895424836,0.5625,0.6535947712418301,-0.13937500000000003,0.073
5954487d-cbcf-434a-a47b-574fb82362e2,2026-09-11 18:00:00+00:00,Over 2.5,Eerste Divisie,1.48,WON,0.48,0.033,0.6979729729729729,0.5679012345679012,0.6756756756756757,-0.1595061728395062,0.033
055cc190-effc-493d-9d9b-213c77c47e6d,2026-09-11 18:00:00+00:00,BTTS,Eerste Divisie,1.4,WON,0.3999999999999999,0.10300000000000001,0.7878571428571429,0.7522123893805309,0.7142857142857143,0.05309734513274322,0.10300000000000001
d22edd1e-a5c0-4f5e-a6b7-d05a7d0b0ecf,2026-09-11 18:00:00+00:00,Over 2.5,Eerste Divisie,1.28,WON,0.28,0.083,0.84609375,0.7533039647577092,0.78125,-0.035770925110132135,0.083
57b7e089-83fe-43e7-8491-f978d77ae510,2026-09-11 18:00:00+00:00,Over 3.5,Eerste Divisie,1.67,WON,0.6699999999999999,0.152,0.6898203592814371,0.5391304347826086,0.5988023952095809,-0.0996521739130437,0.152
017a2c3c-6ff7-449f-8e6f-af08e4c8cb6d,2026-09-11 18:30:00+00:00,Moneyline,Bundesliga,2.3,LOST,-1.0,0.127,0.49000000000000005,0.39849624060150374,0.4347826086956522,-0.08345864661654145,0.127
00a38dc2-e69c-45af-8129-8aed7e22363d,2026-09-11 18:45:00+00:00,BTTS,Jupiler Pro League,1.7,LOST,-1.0,0.125,0.6617647058823529,0.5404624277456648,0.5882352941176471,-0.08121387283236992,0.125
858b9096-2324-4ee1-987d-ba3fd6d52370,2026-09-11 18:45:00+00:00,Over 1.5,Jupiler Pro League,1.22,LOST,-1.0,0.031,0.8450819672131147,0.7543859649122807,0.819672131147541,-0.07964912280701753,0.031
982190bb-7a4c-4c04-acfb-4f553c73ef79,2026-09-11 18:45:00+00:00,Over 2.5,Jupiler Pro League,1.75,LOST,-1.0,0.127,0.644,0.5389048991354468,0.5714285714285714,-0.05691642651296802,0.127
8c9824b9-53d7-4920-9838-52a498fb5853,2026-09-11 19:00:00+00:00,BTTS,La Liga,2.0,LOST,-1.0,0.042,0.521,0.3977272727272727,0.5,-0.20454545454545459,0.042
441fb142-8f26-452e-8995-5d257cdacdd9,2026-09-11 19:00:00+00:00,Over 1.5,La Liga,1.44,LOST,-1.0,0.051,0.7298611111111111,0.6125,0.6944444444444444,-0.118,0.051
ae64702e-5d40-486a-8c6a-7438105df015,2026-09-11 19:00:00+00:00,BTTS,Championship,1.67,LOST,-1.0,0.054000000000000006,0.6311377245508982,0.5373563218390804,0.5988023952095809,-0.10261494252873571,0.054000000000000006
760b6b6b-abb0-4ee0-9bbd-163b85cb8581,2026-09-11 19:00:00+00:00,Over 2.5,Championship,1.67,WON,0.6699999999999999,0.049,0.6281437125748502,0.5358166189111748,0.5988023952095809,-0.10518624641833807,0.049
28ccfcf5-27e5-4d39-85b7-881aac14a561,2026-09-12 00:00:00+00:00,BTTS,Serie A,1.91,WON,0.9099999999999999,0.091,0.5712041884816754,0.5,0.5235602094240838,-0.04500000000000004,0.091
a4998343-3890-43f3-99c1-b164741206c3,2026-09-12 00:00:00+00:00,Over 1.5,Serie A,1.36,WON,0.3600000000000001,0.027000000000000003,0.7551470588235293,0.7510917030567685,0.7352941176470588,0.021484716157205375,0.027000000000000003
c8d824c8-eea0-4b26-b250-84512a1db6ab,2026-09-12 01:00:00+00:00,Double Chance 1X,Liga MX,1.3,LOST,-1.0,0.061,0.8161538461538461,0.7521739130434782,0.7692307692307692,-0.022173913043478266,0.061
4e9f0098-15dc-4f3c-b119-97e719da43a8,2026-09-12 01:00:00+00:00,Moneyline,Liga MX,1.95,LOST,-1.0,0.141,0.5851282051282052,0.5025641025641026,0.5128205128205129,-0.020000000000000018,0.141
6bf93be4-375a-4013-8356-a4e77b04679c,2026-09-12 03:00:00+00:00,Moneyline,Liga MX,2.2,WON,1.2000000000000002,0.078,0.49,0.391304347826087,0.45454545454545453,-0.13913043478260856,0.078
6c87ee76-001f-4f78-bb40-36529cf5d819,2026-09-12 11:30:00+00:00,Double Chance X2,Championship,1.73,WON,0.73,0.069,0.6179190751445086,0.5183486238532111,0.5780346820809249,-0.10325688073394479,0.069
5c223cb7-6d5b-40bd-a4ec-a1e98c6bc297,2026-09-12 13:00:00+00:00,BTTS,Allsvenskan,1.57,WON,0.5700000000000001,0.057,0.6732484076433121,0.5371428571428573,0.6369426751592356,-0.1566857142857141,0.057
34d5b494-6441-4c3a-9a7b-e137f336f577,2026-09-12 13:00:00+00:00,Double Chance X2,Allsvenskan,1.8,WON,0.8,0.127,0.6261111111111111,0.5205479452054795,0.5555555555555556,-0.06301369863013684,0.127
c26918cf-2745-4052-8915-e40d238d2c41,2026-09-12 13:00:00+00:00,Over 2.5,Allsvenskan,1.65,WON,0.6499999999999999,0.084,0.6569696969696971,0.5384615384615384,0.6060606060606061,-0.11153846153846159,0.084
cbb9c887-d293-446e-88ad-f28c954a8e8f,2026-09-12 13:00:00+00:00,Double Chance X2,Serie A,1.7,WON,0.7,0.146,0.6741176470588235,0.5397727272727274,0.5882352941176471,-0.08238636363636342,0.146
8052b692-97e9-4bb9-98b2-57f8430716b6,2026-09-12 13:30:00+00:00,BTTS,Bundesliga,1.33,WON,0.33000000000000007,0.061,0.7977443609022555,0.7489177489177489,0.7518796992481203,-0.003939393939393909,0.061
05ec9f74-67a1-4317-8424-b8265bbbfa1a,2026-09-12 13:30:00+00:00,Team Over 1.5,Bundesliga,1.67,WON,0.6699999999999999,0.149,0.6880239520958085,0.5410764872521246,0.5988023952095809,-0.09640226628895188,0.149
e2164c29-c244-4cf7-b1d2-f5812102cbe0,2026-09-12 13:30:00+00:00,Moneyline,Bundesliga,2.35,WON,1.35,0.069,0.45489361702127656,0.39705882352941174,0.425531914893617,-0.06691176470588234,0.069
6d908f46-d268-47f9-b2e5-ce71e3577dc4,2026-09-12 13:30:00+00:00,Over 1.5,Bundesliga,1.1,WON,0.10000000000000009,0.032,0.9381818181818181,0.999999,0.9090909090909091,0.09999890000000011,0.032
6aa5eefa-9e01-40e2-aaa5-f1e5839af71c,2026-09-12 13:30:00+00:00,Over 2.5,Bundesliga,1.36,WON,0.3600000000000001,0.11800000000000001,0.8220588235294117,0.75,0.7352941176470588,0.020000000000000018,0.11800000000000001
70ef7da3-d3be-4bc5-b398-e74f9e2dd8e2,2026-09-12 13:30:00+00:00,Over 3.5,Bundesliga,1.91,LOST,-1.0,0.24,0.6492146596858639,0.5423728813559324,0.5235602094240838,0.03593220338983083,0.24
2981ca4b-b005-4f72-bfc5-64d2aa5d1a82,2026-09-12 13:30:00+00:00,Team Over 1.5,Bundesliga,1.8,LOST,-1.0,0.10300000000000001,0.6127777777777778,0.5227272727272727,0.5555555555555556,-0.05909090909090908,0.10300000000000001
fbbdd4c6-8065-4936-9cdb-55305fe4060a,2026-09-12 14:00:00+00:00,Moneyline,Premier League,2.25,LOST,-1.0,0.057,0.46977777777777774,0.40145985401459855,0.4444444444444444,-0.09671532846715325,0.057
25da70a0-36f0-45fb-9391-cd0e0694c785,2026-09-12 14:00:00+00:00,Double Chance X2,Championship,1.4,WON,0.3999999999999999,0.051,0.7507142857142857,0.7510729613733905,0.7142857142857143,0.05150214592274671,0.051
3e9961c3-5f78-4cfe-bd43-31f948770665,2026-09-12 14:00:00+00:00,Moneyline,Championship,2.62,LOST,-1.0,0.237,0.4721374045801527,0.39855072463768115,0.38167938931297707,0.04420289855072457,0.237
874fefe2-c57b-415a-94e6-e59674d9c60a,2026-09-12 14:00:00+00:00,BTTS,Premier League,1.91,WON,0.9099999999999999,0.11900000000000001,0.5858638743455498,0.5,0.5235602094240838,-0.04500000000000004,0.11900000000000001
df433da5-2e9d-4faf-91fe-4bfc33bd3d18,2026-09-12 14:00:00+00:00,Double Chance 1X,Süper Lig,1.91,LOST,-1.0,0.184,0.6198952879581152,0.5203619909502263,0.5235602094240838,-0.006108597285067852,0.184
ed514064-d710-404b-bfad-254035dd2f11,2026-09-12 14:00:00+00:00,BTTS,Premier League,1.7,WON,0.7,0.064,0.6258823529411766,0.5180180180180181,0.5882352941176471,-0.11936936936936937,0.064
c90e93a0-19cc-4139-a03b-65b5d6f8edc0,2026-09-12 14:00:00+00:00,Over 1.5,Premier League,1.25,WON,0.25,0.044000000000000004,0.8352,0.7521367521367521,0.8,-0.05982905982905984,0.044000000000000004
7e9d1a69-c415-4869-99bd-69b775f8a611,2026-09-12 14:00:00+00:00,Over 2.5,Premier League,1.8,WON,0.8,0.12,0.6222222222222222,0.5201793721973094,0.5555555555555556,-0.0636771300448431,0.12
217dd7a2-dcf6-4847-bd52-bbc3a675e088,2026-09-12 14:00:00+00:00,Double Chance 1X,Championship,1.36,LOST,-1.0,0.031,0.7580882352941175,0.7531914893617021,0.7352941176470588,0.024340425531914844,0.031
414eea58-f34c-446e-b209-45e388ddb8c3,2026-09-12 14:00:00+00:00,Moneyline,Championship,2.3,LOST,-1.0,0.095,0.47608695652173916,0.39568345323741005,0.4347826086956522,-0.08992805755395694,0.095
9d9b597c-fe67-408d-b237-71853f6526f9,2026-09-12 14:00:00+00:00,Under 2.5,Championship,1.91,WON,0.9099999999999999,0.177,0.6162303664921467,0.5223214285714285,0.5235602094240838,-0.0023660714285715923,0.177
2c4b9cc3-1090-4b15-9cc0-17d127c1e43b,2026-09-12 14:00:00+00:00,BTTS,Süper Lig,1.73,WON,0.73,0.06,0.6127167630057804,0.5244444444444445,0.5780346820809249,-0.09271111111111108,0.06
4df79320-0130-4742-86f9-0b6472d112e4,2026-09-12 14:00:00+00:00,Over 1.5,Süper Lig,1.28,WON,0.28,0.06,0.828125,0.75,0.78125,-0.040000000000000036,0.06
563d5dcc-fb0a-4195-8ee1-b3ee92657d87,2026-09-12 14:00:00+00:00,Over 2.5,Süper Lig,1.9,WON,0.8999999999999999,0.174,0.6178947368421053,0.5265486725663717,0.5263157894736842,0.0004424778761062953,0.174
f30aea87-3a44-4a72-8322-883a6432740e,2026-09-12 14:00:00+00:00,Team Over 1.5,Süper Lig,2.0,LOST,-1.0,0.17600000000000002,0.588,0.5286343612334801,0.5,0.05726872246696013,0.17600000000000002
ba4e87e0-397e-46bd-8ee2-47540c899c7b,2026-09-12 14:00:00+00:00,Moneyline,Süper Lig,2.0,LOST,-1.0,0.086,0.543,0.5,0.5,0.0,0.086
6438f648-7f6b-4aa2-b0aa-8ebf0415c9af,2026-09-12 14:00:00+00:00,Double Chance X2,Championship,1.67,LOST,-1.0,0.10099999999999999,0.6592814371257485,0.5408450704225353,0.5988023952095809,-0.09678873239436614,0.10099999999999999
191ebff6-dfce-4bce-aa22-0bafcbff4d9d,2026-09-12 14:30:00+00:00,Double Chance 1X,Primeira Liga,1.44,LOST,-1.0,0.09,0.7569444444444445,0.7510548523206751,0.6944444444444444,0.0815189873417721,0.09
83cdce24-16eb-4ab7-be1e-0d95c59818ba,2026-09-12 14:30:00+00:00,Moneyline,Primeira Liga,2.62,LOST,-1.0,0.318,0.5030534351145038,0.39325842696629215,0.38167938931297707,0.030337078651685445,0.318
008d3d7a-335d-4d69-87d7-15f0b198f543,2026-09-12 14:30:00+00:00,Double Chance X2,Eerste Divisie,1.67,LOST,-1.0,0.085,0.6497005988023952,0.5393258426966292,0.5988023952095809,-0.09932584269662925,0.085
139ea584-1f9b-41b6-a7e8-b74a8bd154c8,2026-09-12 14:30:00+00:00,Over 2.5,Eerste Divisie,1.62,LOST,-1.0,0.064,0.6567901234567901,0.53781512605042,0.6172839506172839,-0.12873949579831945,0.064
b110c78f-82e2-4a9a-9adc-c8b869dd0e36,2026-09-12 15:00:00+00:00,Over 2.5,Bundesliga,1.85,WON,0.8500000000000001,0.043,0.5637837837837837,0.5025125628140703,0.5405405405405405,-0.07035175879396993,0.043
de242dbe-773e-436b-a5c1-13f9dd9cee29,2026-09-12 15:00:00+00:00,Moneyline,Bundesliga,2.15,LOST,-1.0,0.146,0.5330232558139535,0.3900709219858156,0.46511627906976744,-0.1613475177304965,0.146
d0ec4a42-0039-4068-8d6f-248cbba9ede9,2026-09-12 15:15:00+00:00,Double Chance 1X,Ligue 1,1.67,WON,0.6699999999999999,0.044000000000000004,0.6251497005988025,0.5265486725663717,0.5988023952095809,-0.12066371681415922,0.044000000000000004
d305cbe1-4a1a-4b50-a6a8-eed1eb8f1628,2026-09-12 15:30:00+00:00,BTTS,Allsvenskan,1.7,WON,0.7,0.051,0.618235294117647,0.5286343612334801,0.5882352941176471,-0.10132158590308393,0.051
17c82628-c600-4d6d-b000-ffb3900739ff,2026-09-12 15:30:00+00:00,Over 2.5,Allsvenskan,1.57,WON,0.5700000000000001,0.05,0.6687898089171974,0.5363128491620112,0.6369426751592356,-0.1579888268156424,0.05
124ddaa9-5410-49ff-9a61-e1181d46cd5a,2026-09-12 16:00:00+00:00,Double Chance X2,Super League,2.0,WON,1.0,0.188,0.594,0.530701754385965,0.5,0.061403508771930015,0.188
cbe2c2e5-4de5-410c-b836-13196221f8d7,2026-09-12 16:00:00+00:00,Over 2.5,Super League,1.4,WON,0.3999999999999999,0.027999999999999997,0.7342857142857143,0.6049382716049383,0.7142857142857143,-0.15308641975308646,0.027999999999999997
f4c16e49-f18f-4795-a62e-a9446cc81cbe,2026-09-12 16:15:00+00:00,BTTS,Jupiler Pro League,1.5,WON,0.5,0.054000000000000006,0.7026666666666667,0.5728155339805825,0.6666666666666666,-0.14077669902912626,0.054000000000000006
1a4ad3c2-0d19-4fbe-bfd6-3b5ea01aa6b3,2026-09-12 16:15:00+00:00,Double Chance X2,Jupiler Pro League,1.53,LOST,-1.0,0.091,0.7130718954248366,0.5769230769230769,0.6535947712418301,-0.11730769230769234,0.091
4bd8a805-7b0c-4dd3-a60d-a16af94e7588,2026-09-12 16:15:00+00:00,Over 1.5,Jupiler Pro League,1.17,WON,0.16999999999999993,0.031,0.8811965811965812,0.7941176470588235,0.8547008547008548,-0.07088235294117662,0.031
1eb45f3c-b1a8-4316-9ac5-3cb44bd20dc8,2026-09-12 16:15:00+00:00,Over 2.5,Jupiler Pro League,1.6,WON,0.6000000000000001,0.141,0.713125,0.5714285714285714,0.625,-0.08571428571428574,0.141
78287d7d-adf7-4a65-a671-9178d3d9f33d,2026-09-12 16:15:00+00:00,Over 3.5,Jupiler Pro League,2.38,WON,1.38,0.19699999999999998,0.5029411764705883,0.38732394366197187,0.42016806722689076,-0.07816901408450694,0.19699999999999998
13840c51-46c4-4ed2-90a7-b4eb0318bd20,2026-09-12 16:15:00+00:00,Team Over 1.5,Jupiler Pro League,2.0,WON,1.0,0.254,0.627,0.5327510917030568,0.5,0.06550218340611358,0.254
4e680262-e6e0-4f48-b71b-36f696d4c3d6,2026-09-12 16:15:00+00:00,Moneyline,Jupiler Pro League,2.55,LOST,-1.0,0.272,0.4988235294117647,0.3916083916083916,0.3921568627450981,-0.0013986013986014845,0.272
baf4cd58-3524-4d1a-adb5-58674a429eaa,2026-09-12 16:30:00+00:00,BTTS,La Liga,1.95,WON,0.95,0.049,0.5379487179487179,0.46153846153846156,0.5128205128205129,-0.09999999999999998,0.049
66686dc7-a274-4d9a-8ea2-568b2e9bf7ea,2026-09-12 16:30:00+00:00,Team Over 1.5,Bundesliga,1.73,LOST,-1.0,0.069,0.6179190751445086,0.5347826086956522,0.5780346820809249,-0.07482608695652171,0.069
a5058731-40df-4c2f-b896-170dd0873b2d,2026-09-12 16:30:00+00:00,Moneyline,Bundesliga,2.05,LOST,-1.0,0.064,0.5190243902439026,0.3888888888888889,0.48780487804878053,-0.20277777777777783,0.064
030179fe-d39d-43b7-a372-d21020d8fcc0,2026-09-12 16:30:00+00:00,Over 2.5,Bundesliga,1.57,LOST,-1.0,0.07400000000000001,0.6840764331210192,0.5376044568245125,0.6369426751592356,-0.15596100278551528,0.07400000000000001
16fd319d-32f8-4932-8f3b-d850770d8665,2026-09-12 16:45:00+00:00,BTTS,Eredivisie,1.4,WON,0.3999999999999999,0.047,0.7478571428571429,0.7058823529411765,0.7142857142857143,-0.0117647058823529,0.047
429ffe44-7ff4-4eed-ba35-aa46732839c0,2026-09-12 16:45:00+00:00,Team Over 1.5,Eredivisie,1.73,LOST,-1.0,0.192,0.6890173410404624,0.5361111111111111,0.5780346820809249,-0.07252777777777786,0.192
751196b2-d6bc-4ef0-b668-1723435f907b,2026-09-12 16:45:00+00:00,Moneyline,Eredivisie,2.3,LOST,-1.0,0.212,0.5269565217391304,0.3862068965517242,0.4347826086956522,-0.11172413793103442,0.212
a9d1e7c8-801e-4248-a05a-446e0661e2f7,2026-09-12 16:45:00+00:00,Over 2.5,Eredivisie,1.4,LOST,-1.0,0.085,0.775,0.7478991596638656,0.7142857142857143,0.04705882352941182,0.085
9699b5c0-9337-4108-9b3f-5ddf5f4ffea1,2026-09-12 16:45:00+00:00,Over 3.5,Eredivisie,2.0,LOST,-1.0,0.168,0.584,0.505,0.5,0.010000000000000009,0.168
bb9cda0f-c513-44a1-93c8-53dbb53a964d,2026-09-12 16:45:00+00:00,BTTS,League Cup,1.7,WON,0.7,0.042,0.6129411764705883,0.5324675324675324,0.5882352941176471,-0.09480519480519489,0.042
b0814318-80e3-406a-be88-7971e252af0b,2026-09-12 16:45:00+00:00,Over 1.5,League Cup,1.28,WON,0.28,0.025,0.8007812499999999,0.7447698744769874,0.78125,-0.0466945606694561,0.025
ab4c5032-2bad-49e4-b9fd-ee1c49c25bd7,2026-09-12 16:45:00+00:00,Over 2.5,League Cup,1.9,WON,0.8999999999999999,0.1,0.5789473684210527,0.5024875621890548,0.5263157894736842,-0.045273631840796025,0.1
9df23d92-c332-44c8-9e8e-76ddfc30b6c9,2026-09-12 17:00:00+00:00,BTTS,Primeira Liga,2.38,WON,1.38,0.385,0.5819327731092437,0.5049504950495051,0.42016806722689076,0.20178217821782196,0.385
2170cd8a-f827-49f3-989e-a91d083ddccc,2026-09-12 17:00:00+00:00,Over 2.5,Primeira Liga,1.75,WON,0.75,0.10400000000000001,0.6308571428571429,0.5346260387811634,0.5714285714285714,-0.06440443213296398,0.10400000000000001
55fc42c2-bc64-496e-aadd-e7e87896981d,2026-09-12 17:30:00+00:00,Double Chance 1X,Bundesliga,2.1,LOST,-1.0,0.32899999999999996,0.6328571428571428,0.5359116022099449,0.47619047619047616,0.1254143646408845,0.32899999999999996
b6641742-2e99-4738-aa7b-f0101276baee,2026-09-12 18:00:00+00:00,BTTS,Pro League,1.8,LOST,-1.0,0.048,0.5822222222222222,0.5073891625615763,0.5555555555555556,-0.08669950738916266,0.048
a45c1b31-90bd-4d93-8128-061229bb2b32,2026-09-12 18:00:00+00:00,BTTS,Pro League,1.67,LOST,-1.0,0.129,0.6760479041916168,0.534453781512605,0.5988023952095809,-0.10746218487394965,0.129
660edad9-4dc5-41bb-8677-cae670fcce19,2026-09-12 18:00:00+00:00,Over 2.5,Pro League,1.6,LOST,-1.0,0.066,0.66625,0.5335570469798657,0.625,-0.1463087248322148,0.066
08998dc1-70de-4fdd-a8af-04bc0757c646,2026-09-12 18:00:00+00:00,BTTS,Eredivisie,1.53,WON,0.53,0.031,0.6738562091503267,0.5326633165829144,0.6535947712418301,-0.18502512562814089,0.031
a93838f9-625e-4cd7-b7f9-ea74648fa8d3,2026-09-12 18:30:00+00:00,Double Chance X2,2. Bundesliga,1.44,LOST,-1.0,0.035,0.71875,0.6097560975609756,0.6944444444444444,-0.12195121951219512,0.035
deb72b2c-5f00-4f67-9d7f-1ffdfa5a3b6a,2026-09-12 18:30:00+00:00,Moneyline,2. Bundesliga,2.38,LOST,-1.0,0.157,0.48613445378151265,0.3835616438356164,0.42016806722689076,-0.08712328767123301,0.157
f9652e80-c5a3-47ef-bc0f-1540b1fc55a7,2026-09-12 18:45:00+00:00,Moneyline,Ligue 1,2.62,WON,1.62,0.155,0.44083969465648853,0.21951219512195122,0.38167938931297707,-0.42487804878048774,0.155
a50c14f3-a85f-4f37-bb4f-4faaa9a26fbd,2026-09-12 18:45:00+00:00,Moneyline,Jupiler Pro League,2.5,LOST,-1.0,0.09300000000000001,0.4372,0.24,0.4,-0.4,0.09300000000000001
4a91f962-3e49-4456-a733-288480d0fada,2026-09-12 19:00:00+00:00,BTTS,Serie A,1.95,WON,0.95,0.11900000000000001,0.5738461538461539,0.5049019607843138,0.5128205128205129,-0.01544117647058807,0.11900000000000001
8149e9df-61e9-402c-98a2-ba71f3f903f2,2026-09-12 19:00:00+00:00,Over 1.5,Serie A,1.4,WON,0.3999999999999999,0.068,0.7628571428571429,0.7458333333333333,0.7142857142857143,0.04416666666666669,0.068
92d68449-ac5c-4c80-82b2-8d9e09741fc9,2026-09-12 19:00:00+00:00,BTTS,Eredivisie,1.44,LOST,-1.0,0.038,0.7208333333333334,0.6024096385542169,0.6944444444444444,-0.1325301204819277,0.038
40701b82-86ef-43c2-9f69-fbc934ea5759,2026-09-12 19:00:00+00:00,Team Over 1.5,Eredivisie,1.36,LOST,-1.0,0.07,0.7867647058823529,0.7468879668049793,0.7352941176470588,0.01576763485477195,0.07
d2090083-0010-49b1-a9ca-7d0ba75cdff7,2026-09-12 19:00:00+00:00,Moneyline,Eredivisie,1.53,LOST,-1.0,0.034,0.6758169934640523,0.5334448160535116,0.6535947712418301,-0.18382943143812724,0.034
59616827-28ee-41a8-9cc5-7df87eb82856,2026-09-12 19:00:00+00:00,Over 1.5,Eredivisie,1.1,WON,0.10000000000000009,0.022000000000000002,0.9290909090909091,0.999999,0.9090909090909091,0.09999890000000011,0.022000000000000002
d8ebe809-68e0-4da9-af7d-ed5c4d149e78,2026-09-12 19:00:00+00:00,Over 2.5,Eredivisie,1.36,WON,0.3600000000000001,0.096,0.8058823529411765,0.743801652892562,0.7352941176470588,0.011570247933884392,0.096
ef379fe3-5e1a-42ec-9523-2e868583a932,2026-09-12 19:00:00+00:00,Over 3.5,Eredivisie,1.83,LOST,-1.0,0.14400000000000002,0.625136612021858,0.5325542570951586,0.5464480874316939,-0.025425709515859762,0.14400000000000002
5d1e6286-b28b-4cf1-82c0-371369c43231,2026-09-12 19:00:00+00:00,BTTS,Serie A,1.8,WON,0.8,0.053,0.585,0.5073170731707316,0.5555555555555556,-0.08682926829268311,0.053
5d8bf2a3-0c18-4db7-92d0-d53ab0bbc232,2026-09-12 19:00:00+00:00,Over 1.5,Serie A,1.33,WON,0.33000000000000007,0.036000000000000004,0.7789473684210526,0.7448559670781894,0.7518796992481203,-0.009341563786008145,0.036000000000000004
3477571c-f6e6-4fd1-a08f-17427df40979,2026-09-12 19:00:00+00:00,Over 2.5,Serie A,2.08,WON,1.08,0.132,0.5442307692307693,0.5097087378640777,0.4807692307692307,0.060194174757281615,0.132
19d081d8-c2e7-4953-8441-357c65d61c59,2026-09-12 20:00:00+00:00,Double Chance 1X,Serie A,1.67,LOST,-1.0,0.10099999999999999,0.6592814371257485,0.5316666666666666,0.5988023952095809,-0.11211666666666675,0.10099999999999999
f25bd5e5-4e03-49cc-a1b8-f7928254f3e4,2026-09-12 23:05:00+00:00,BTTS,Liga MX,1.75,WON,0.75,0.185,0.6771428571428572,0.5307820299500832,0.5714285714285714,-0.07113144758735446,0.185
12277356-6cfe-4e2c-b0ed-af35e3d85b92,2026-09-12 23:05:00+00:00,Over 1.5,Liga MX,1.18,WON,0.17999999999999994,0.043,0.8838983050847458,0.8,0.8474576271186441,-0.05600000000000005,0.043
6f99aa4d-ab06-478e-8900-6d98a17c0481,2026-09-12 23:05:00+00:00,Over 2.5,Liga MX,1.62,WON,0.6200000000000001,0.17300000000000001,0.7240740740740741,0.5952380952380952,0.6172839506172839,-0.0357142857142857,0.17300000000000001
42c8936e-c405-476a-9eff-a99321ef9ca1,2026-09-12 23:05:00+00:00,Over 3.5,Liga MX,2.5,WON,1.5,0.285,0.514,0.38095238095238093,0.4,-0.04761904761904767,0.285
f866ca2b-158c-4e04-a157-b070ae612749,2026-09-12 23:05:00+00:00,Team Over 1.5,Liga MX,1.5,WON,0.5,0.046,0.6973333333333334,0.5754716981132075,0.6666666666666666,-0.1367924528301887,0.046
4b561c60-b3e8-4846-8d6f-af280bc0a6e7,2026-09-12 23:30:00+00:00,BTTS,Serie A,1.67,WON,0.6699999999999999,0.099,0.6580838323353294,0.53156146179402,0.5988023952095809,-0.11229235880398669,0.099
6cfed4e2-a3c1-475b-a22e-47488dcae05e,2026-09-12 23:30:00+00:00,Moneyline,Serie A,2.38,LOST,-1.0,0.061,0.44579831932773106,0.3333333333333333,0.42016806722689076,-0.20666666666666678,0.061
909b4f96-044c-4917-9c6f-2cdc4a5b84f9,2026-09-12 23:30:00+00:00,Over 1.5,Serie A,1.25,WON,0.25,0.051,0.8408,0.7459016393442623,0.8,-0.06762295081967207,0.051
ccb906a9-97ba-4512-81d2-874c29af878e,2026-09-12 23:30:00+00:00,Over 2.5,Serie A,1.85,LOST,-1.0,0.19,0.6432432432432432,0.5324324324324324,0.5405405405405405,-0.014999999999999902,0.19
c51dffc0-89fd-4cea-8165-5e2b0301f636,2026-09-12 23:30:00+00:00,Team Over 1.5,Major League Soccer,1.53,WON,0.53,0.048,0.6849673202614379,0.5314569536423841,0.6535947712418301,-0.18687086092715233,0.048
b8aed06f-f39e-44dc-9308-29b7d4533446,2026-09-12 23:30:00+00:00,Moneyline,Major League Soccer,2.05,LOST,-1.0,0.125,0.5487804878048781,0.5120772946859904,0.48780487804878053,0.0497584541062801,0.125
b1775d8b-1a4f-4b3b-b951-4266517a2c94,2026-09-12 23:30:00+00:00,Moneyline,Major League Soccer,1.73,LOST,-1.0,0.067,0.6167630057803468,0.5321888412017167,0.5780346820809249,-0.07931330472103004,0.067
0f6ac003-08a3-40d6-a294-d4bd073da941,2026-09-12 23:30:00+00:00,Double Chance 1X,Major League Soccer,1.25,WON,0.25,0.03,0.8240000000000001,0.746938775510204,0.8,-0.06632653061224492,0.03
7ba030a5-05bd-4444-b215-304e8c957b5c,2026-09-12 23:30:00+00:00,Moneyline,Major League Soccer,1.85,WON,0.8500000000000001,0.10800000000000001,0.5989189189189189,0.5299145299145298,0.5405405405405405,-0.01965811965811981,0.10800000000000001
97035de3-7c10-46e2-a912-9bae672d2cf2,2026-09-13 00:00:00+00:00,Double Chance 1X,Serie A,1.53,WON,0.53,0.146,0.7490196078431371,0.7142857142857143,0.6535947712418301,0.09285714285714297,0.146
70c8d19c-8ef0-43e9-8eff-f009758ce56f,2026-09-13 00:00:00+00:00,Moneyline,Serie A,3.1,WON,2.1,0.5529999999999999,0.5009677419354839,0.3854166666666667,0.3225806451612903,0.1947916666666667,0.5529999999999999
5dcc7536-7f68-49f1-ad95-40f31a72a1cf,2026-09-13 00:30:00+00:00,Moneyline,Major League Soccer,1.8,WON,0.8,0.11800000000000001,0.6211111111111112,0.5319148936170213,0.5555555555555556,-0.04255319148936165,0.11800000000000001
662c7f44-dcb1-4b78-9c52-123a67d7ae14,2026-09-13 00:30:00+00:00,BTTS,Major League Soccer,1.53,LOST,-1.0,0.031,0.6738562091503267,0.5328947368421053,0.6535947712418301,-0.1846710526315789,0.031
a0ee06e0-eaae-4b61-a84c-9548c2c11a0e,2026-09-13 00:30:00+00:00,Double Chance X2,Major League Soccer,1.7,LOST,-1.0,0.052000000000000005,0.6188235294117648,0.5320197044334976,0.5882352941176471,-0.0955665024630542,0.052000000000000005
33ff1602-7c96-4a1f-8390-378ef13a2f68,2026-09-13 01:30:00+00:00,Team Over 1.5,Major League Soccer,1.67,LOST,-1.0,0.13699999999999998,0.6808383233532934,0.5311475409836065,0.5988023952095809,-0.11298360655737716,0.13699999999999998
1824377f-ce91-4d25-9b16-8cde92631159,2026-09-13 01:30:00+00:00,Moneyline,Major League Soccer,1.73,WON,0.73,0.13,0.653179190751445,0.530278232405892,0.5780346820809249,-0.08261865793780687,0.13
3c5511cf-5e72-4065-941a-5d66aaa273dc,2026-09-13 01:30:00+00:00,Over 1.5,Major League Soccer,1.2,LOST,-1.0,0.031,0.8591666666666666,0.7479674796747967,0.8333333333333334,-0.102439024390244,0.031
2566f7a4-a5ea-425a-b922-973d4b95667c,2026-09-13 01:30:00+00:00,Over 2.5,Major League Soccer,1.67,LOST,-1.0,0.109,0.6640718562874252,0.5310457516339868,0.5988023952095809,-0.1131535947712421,0.109
c4dc4003-5d5e-4761-8174-f20bde63862d,2026-09-13 02:30:00+00:00,Double Chance X2,Major League Soccer,1.67,WON,0.6699999999999999,0.106,0.6622754491017965,0.5301794453507339,0.5988023952095809,-0.11460032626427441,0.106
93b2243d-aaea-4e7f-8cf8-a0b7cdda0a63,2026-09-13 02:30:00+00:00,BTTS,Major League Soccer,1.53,LOST,-1.0,0.073,0.7013071895424836,0.5794392523364487,0.6535947712418301,-0.11345794392523356,0.073
edc64d43-9dde-4990-99dc-b66001cd7344,2026-09-13 02:30:00+00:00,Double Chance 1X,Major League Soccer,1.4,WON,0.3999999999999999,0.047,0.7478571428571429,0.7222222222222222,0.7142857142857143,0.011111111111111072,0.047
adcd22a0-6612-4c08-ac58-bbbf250920be,2026-09-13 02:30:00+00:00,Over 1.5,Major League Soccer,1.2,LOST,-1.0,0.07,0.8916666666666667,0.8055555555555556,0.8333333333333334,-0.033333333333333326,0.07
0a903a73-702e-420f-94b4-3da8496e73f6,2026-09-13 02:30:00+00:00,Over 2.5,Major League Soccer,1.67,LOST,-1.0,0.19899999999999998,0.7179640718562875,0.6000000000000001,0.5988023952095809,0.0020000000000000018,0.19899999999999998
695b85f8-6a0b-4ba3-a929-d278dd41fba7,2026-09-13 02:30:00+00:00,Over 3.5,Major League Soccer,2.62,LOST,-1.0,0.36200000000000004,0.5198473282442748,0.3917525773195876,0.38167938931297707,0.026391752577319627,0.36200000000000004
a6d2e7e4-3481-4873-a9a5-edcf064e6df3,2026-09-13 02:30:00+00:00,Team Over 1.5,Major League Soccer,2.0,LOST,-1.0,0.29600000000000004,0.648,0.5309446254071661,0.5,0.061889250814332275,0.29600000000000004
1a4ceba5-142d-4331-8f01-a0758a41a951,2026-09-13 02:30:00+00:00,Moneyline,Major League Soccer,2.45,WON,1.4500000000000002,0.294,0.5281632653061225,0.3877551020408163,0.4081632653061224,-0.04999999999999993,0.294
ed5f78f7-2229-4cc1-8c97-9ea9fd06e204,2026-09-13 03:15:00+00:00,BTTS,Liga MX,1.7,WON,0.7,0.049,0.6170588235294118,0.5300813008130081,0.5882352941176471,-0.0988617886178863,0.049
5f3cc914-db36-46cc-a574-930bfc97f043,2026-09-13 03:15:00+00:00,Moneyline,Liga MX,2.9,WON,1.9,0.45,0.5,0.3939393939393939,0.3448275862068966,0.14242424242424234,0.45
baf163d8-e831-48b6-bd94-304ddd7fb377,2026-09-13 03:15:00+00:00,Double Chance 1X,Liga MX,1.57,WON,0.5700000000000001,0.157,0.7369426751592356,0.5930232558139535,0.6369426751592356,-0.06895348837209292,0.157
9344cb2b-6fce-4b3b-b4f5-e8d24d3cda54,2026-09-13 03:15:00+00:00,Over 1.5,Liga MX,1.25,WON,0.25,0.027999999999999997,0.8224,0.7449392712550608,0.8,-0.06882591093117407,0.027999999999999997
99e4ccad-e980-44b4-b8c0-e799c650c82b,2026-09-13 03:15:00+00:00,Over 2.5,Liga MX,1.85,WON,0.8500000000000001,0.121,0.6059459459459459,0.5308441558441559,0.5405405405405405,-0.017938311688311503,0.121
854bfb7a-9e65-4902-a3d5-67efa3f0307d,2026-09-13 11:00:00+00:00,BTTS,League Cup,1.62,LOST,-1.0,0.183,0.7302469135802468,0.5977011494252874,0.6172839506172839,-0.031724137931034346,0.183
fdc822bb-036b-4138-a6a4-90a669705d71,2026-09-13 11:00:00+00:00,Team Over 1.5,League Cup,2.1,LOST,-1.0,0.18600000000000003,0.5647619047619047,0.5096153846153846,0.47619047619047616,0.07019230769230766,0.18600000000000003
5d56390a-803e-4ec9-ac8f-b11475e94c19,2026-09-13 11:00:00+00:00,Over 1.5,League Cup,1.2,WON,0.19999999999999996,0.073,0.8941666666666667,0.7837837837837838,0.8333333333333334,-0.05945945945945952,0.073
13741c4b-c5f9-49dd-9d8b-227274bbd597,2026-09-13 11:00:00+00:00,Over 2.5,League Cup,1.67,WON,0.6699999999999999,0.222,0.7317365269461078,0.5909090909090909,0.5988023952095809,-0.013181818181818183,0.222
5ebbf84c-7154-41bb-bf1e-40e650ab212b,2026-09-13 11:00:00+00:00,Over 3.5,League Cup,2.62,LOST,-1.0,0.39899999999999997,0.533969465648855,0.4,0.38167938931297707,0.04800000000000004,0.39899999999999997
3076ccbb-d7a4-4601-87e7-ebeef0682ff9,2026-09-13 11:00:00+00:00,Team Over 1.5,League Cup,2.1,WON,1.1,0.195,0.569047619047619,0.5071770334928231,0.47619047619047616,0.06507177033492839,0.195
9c86f246-5165-4100-bf02-228db1c49ca1,2026-09-13 11:00:00+00:00,BTTS,Championship,1.62,LOST,-1.0,0.11900000000000001,0.6907407407407407,0.5316045380875203,0.6172839506172839,-0.13880064829821703,0.11900000000000001
cbba61ed-0edb-40ed-b0f9-bb5cbaafd5d5,2026-09-13 11:00:00+00:00,Over 1.5,Championship,1.22,LOST,-1.0,0.057,0.8663934426229508,0.7459677419354839,0.819672131147541,-0.08991935483870972,0.057
ef407695-0918-400c-986a-7d30c0498f45,2026-09-13 11:00:00+00:00,Over 2.5,Championship,1.73,LOST,-1.0,0.182,0.6832369942196531,0.5307443365695794,0.5780346820809249,-0.08181229773462761,0.182
4a93f5ad-c9d1-41f5-90db-9858e49d528f,2026-09-13 11:30:00+00:00,BTTS,Jupiler Pro League,1.8,WON,0.8,0.127,0.6261111111111111,0.529886914378029,0.5555555555555556,-0.046203554119547685,0.127
460c7f28-02a6-459a-a1de-8bcf0aa8eaa2,2026-09-13 11:30:00+00:00,Double Chance 1X,2. Bundesliga,1.36,WON,0.3600000000000001,0.044000000000000004,0.7676470588235293,0.7429718875502008,0.7352941176470588,0.010441767068273267,0.044000000000000004
5220dc45-6477-4488-af71-a5ec5ab71164,2026-09-13 11:30:00+00:00,Team Over 1.5,2. Bundesliga,1.73,LOST,-1.0,0.171,0.6768786127167631,0.5306451612903226,0.5780346820809249,-0.08198387096774196,0.171
348d0f41-b0c7-4572-bf3f-1ac37eb8d7bb,2026-09-13 11:30:00+00:00,Moneyline,2. Bundesliga,2.15,WON,1.15,0.20600000000000002,0.5609302325581396,0.5095238095238095,0.46511627906976744,0.09547619047619027,0.20600000000000002
18869354-ca53-46ab-8a7b-1f216650bf92,2026-09-13 11:30:00+00:00,Over 2.5,2. Bundesliga,1.5,LOST,-1.0,0.099,0.7326666666666667,0.5955056179775282,0.6666666666666666,-0.10674157303370768,0.099
ba8a8d7a-be4e-4ecf-a4f4-1de299c2b642,2026-09-13 11:30:00+00:00,Over 3.5,2. Bundesliga,2.2,LOST,-1.0,0.175,0.5340909090909091,0.39603960396039606,0.45454545454545453,-0.1287128712871286,0.175
c5e6d6cb-8164-488a-8c95-ab50e0d71edb,2026-09-13 11:30:00+00:00,BTTS,2. Bundesliga,1.4,LOST,-1.0,0.065,0.7607142857142857,0.744,0.7142857142857143,0.04159999999999986,0.065
02f8a968-3dbb-4869-afc1-d61dac733c30,2026-09-13 11:30:00+00:00,Over 2.5,2. Bundesliga,1.36,WON,0.3600000000000001,0.08,0.7941176470588235,0.7410358565737052,0.7352941176470588,0.007808764940239188,0.08
b5c78a22-9dff-4f3b-9c2c-a2b778aa5e48,2026-09-13 11:30:00+00:00,Over 3.5,2. Bundesliga,1.83,LOST,-1.0,0.111,0.607103825136612,0.5297906602254429,0.5464480874316939,-0.030483091787439576,0.111
796340ed-8ec4-4c40-913e-4679f8732f45,2026-09-13 11:30:00+00:00,Over 2.5,2. Bundesliga,1.57,WON,0.5700000000000001,0.066,0.6789808917197452,0.5289389067524116,0.6369426751592356,-0.16956591639871377,0.066
f7cd4daa-083c-420e-a4a9-340e5c6c2e9c,2026-09-13 12:00:00+00:00,BTTS,Allsvenskan,1.75,LOST,-1.0,0.039,0.5937142857142856,0.5296950240770466,0.5714285714285714,-0.07303370786516838,0.039
c2510cf0-4270-48db-83b3-ef0ff73a51ab,2026-09-13 12:00:00+00:00,Double Chance X2,Allsvenskan,1.91,LOST,-1.0,0.142,0.5979057591623036,0.5288461538461539,0.5235602094240838,0.010096153846153921,0.142
0b974685-41d0-4c59-8cb2-abf43d588cbb,2026-09-13 12:00:00+00:00,Double Chance 1X,Superliga,1.91,WON,0.9099999999999999,0.11699999999999999,0.5848167539267016,0.5118483412322274,0.5235602094240838,-0.022369668246445595,0.11699999999999999
22a975ef-baf7-4e65-a056-924bf8e704ee,2026-09-13 12:00:00+00:00,Over 2.5,Superliga,1.53,LOST,-1.0,0.031,0.6738562091503267,0.528,0.6535947712418301,-0.19216,0.031
08e1c79e-4925-46e2-9dc9-a30cbadbc4f2,2026-09-13 12:00:00+00:00,Moneyline,Super League,2.38,WON,1.38,0.114,0.46806722689075636,0.38461538461538464,0.42016806722689076,-0.08461538461538465,0.114
2f3e3643-16e4-43a7-a948-78b5c1c9c33c,2026-09-13 12:30:00+00:00,BTTS,Eliteserien,1.67,WON,0.6699999999999999,0.057,0.6329341317365269,0.5271565495207667,0.5988023952095809,-0.11964856230031962,0.057
4164ff0a-5d88-4203-bb11-2bbe7db8a7c9,2026-09-13 12:30:00+00:00,Over 2.5,Eliteserien,1.36,WON,0.3600000000000001,0.055,0.775735294117647,0.7420634920634921,0.7352941176470588,0.009206349206349218,0.055
666c4816-e86e-4b81-a03e-6c10c7d38602,2026-09-13 12:30:00+00:00,Over 3.5,Eliteserien,1.83,WON,0.8300000000000001,0.078,0.5890710382513661,0.5279106858054227,0.5464480874316939,-0.03392344497607647,0.078
53d560d5-d69e-4be8-962f-611365323054,2026-09-13 12:30:00+00:00,Double Chance X2,Bundesliga,1.67,WON,0.6699999999999999,0.11900000000000001,0.670059880239521,0.5286624203821656,0.5988023952095809,-0.11713375796178349,0.11900000000000001
114fad9f-5527-4ddf-b3a0-40a3c6723552,2026-09-13 13:00:00+00:00,BTTS,Ligue 1,1.91,LOST,-1.0,0.062,0.556020942408377,0.5141509433962264,0.5235602094240838,-0.017971698113207646,0.062
461b900f-9e8c-4a4f-a3b0-f6c52e0bf6c0,2026-09-13 14:00:00+00:00,BTTS,Jupiler Pro League,1.7,WON,0.7,0.054000000000000006,0.62,0.5294117647058822,0.5882352941176471,-0.1000000000000002,0.054000000000000006
6dbc0e05-feda-4e36-a937-221ea6f09f1c,2026-09-13 14:00:00+00:00,Over 2.5,Jupiler Pro League,1.8,LOST,-1.0,0.073,0.596111111111111,0.5301587301587303,0.5555555555555556,-0.045714285714285485,0.073
89b19967-49b1-40f7-bf56-4981169bc6a2,2026-09-13 14:00:00+00:00,BTTS,Superliga,1.57,WON,0.5700000000000001,0.052000000000000005,0.6700636942675159,0.5293185419968305,0.6369426751592356,-0.16896988906497612,0.052000000000000005
bc10e0e2-5bcc-4421-9b08-22241ab82652,2026-09-13 14:00:00+00:00,Double Chance X2,Superliga,1.67,WON,0.6699999999999999,0.087,0.6508982035928144,0.5301886792452828,0.5988023952095809,-0.11458490566037782,0.087
78de5223-6a94-45a0-9876-edf3ae97cd96,2026-09-13 14:00:00+00:00,Over 2.5,Superliga,1.7,WON,0.7,0.11199999999999999,0.6541176470588236,0.5310734463276837,0.5882352941176471,-0.09717514124293769,0.11199999999999999
c3a5c496-dbe1-4b44-ac0d-f8d6153521a4,2026-09-13 14:15:00+00:00,BTTS,La Liga,1.8,WON,0.8,0.32299999999999995,0.735,0.5888888888888889,0.5555555555555556,0.06000000000000005,0.32299999999999995
87fd4bed-6c76-432e-be8c-632b967cbc10,2026-09-13 14:30:00+00:00,BTTS,Super League,1.53,LOST,-1.0,0.033,0.6751633986928104,0.5319548872180451,0.6535947712418301,-0.18610902255639106,0.033
e8992eb9-81ef-49e8-b2be-8d8b64a6227b,2026-09-13 14:30:00+00:00,Over 2.5,Super League,1.62,LOST,-1.0,0.076,0.6641975308641975,0.5309568480300187,0.6172839506172839,-0.1398499061913696,0.076
ebdb0c3b-6fb2-4255-a807-8dbda5b0b7ce,2026-09-13 14:30:00+00:00,Double Chance X2,Super League,1.73,WON,0.73,0.047,0.6052023121387283,0.5299625468164794,0.5780346820809249,-0.08316479400749066,0.047
e5752457-86c7-45a7-86a4-0775b7a4b8ec,2026-09-13 14:30:00+00:00,BTTS,Allsvenskan,1.7,WON,0.7,0.09,0.6411764705882353,0.5308411214953271,0.5882352941176471,-0.09757009345794387,0.09
5aa09e30-b8c3-421c-8566-15defe080719,2026-09-13 14:30:00+00:00,Over 2.5,Allsvenskan,1.44,WON,0.43999999999999995,0.054000000000000006,0.7319444444444445,0.5934065934065934,0.6944444444444444,-0.1454945054945055,0.054000000000000006
5ce2191b-c5b5-4a1d-be8e-9e90447d0036,2026-09-13 14:30:00+00:00,Over 3.5,Allsvenskan,2.1,WON,1.1,0.1,0.5238095238095238,0.3935483870967742,0.47619047619047616,-0.17354838709677411,0.1
dfae8c21-0191-4e73-877c-6419a88b476f,2026-09-13 14:45:00+00:00,Double Chance X2,Eredivisie,1.14,WON,0.1399999999999999,0.025,0.8991228070175439,0.7894736842105263,0.8771929824561404,-0.10000000000000009,0.025
7a5b27fe-620a-467a-b689-e161f69330ba,2026-09-13 14:45:00+00:00,Moneyline,Eredivisie,1.45,WON,0.44999999999999996,0.076,0.7420689655172414,0.7297297297297297,0.6896551724137931,0.05810810810810807,0.076
a39db935-73bb-4453-afc8-5309805da469,2026-09-13 14:45:00+00:00,Double Chance 1X,Eerste Divisie,1.18,WON,0.17999999999999994,0.044000000000000004,0.8847457627118644,0.7948717948717948,0.8474576271186441,-0.062051282051282186,0.044000000000000004
b981d1f2-a895-402c-90e7-19dbeeb40c10,2026-09-13 14:45:00+00:00,Over 2.5,Eerste Divisie,1.3,LOST,-1.0,0.10400000000000001,0.8492307692307692,0.7430830039525692,0.7692307692307692,-0.033992094861659994,0.10400000000000001
45401bb3-9729-4928-a37a-1b2197283cc8,2026-09-13 14:45:00+00:00,Over 3.5,Eerste Divisie,1.73,LOST,-1.0,0.20600000000000002,0.6971098265895953,0.574074074074074,0.5780346820809249,-0.006851851851852109,0.20600000000000002
887e5b0a-acfb-443b-a021-4701e40bd1d7,2026-09-13 14:45:00+00:00,Team Over 1.5,Eerste Divisie,1.4,WON,0.3999999999999999,0.19,0.85,0.7401574803149606,0.7142857142857143,0.03622047244094495,0.19
7ebf7d55-b93c-48c6-8a5a-e1bb318e702b,2026-09-13 14:45:00+00:00,Moneyline,Eerste Divisie,1.7,WON,0.7,0.28300000000000003,0.7547058823529411,0.7411764705882353,0.5882352941176471,0.26,0.28300000000000003
58677eb9-84aa-4b68-ac47-faae4516dfe4,2026-09-13 15:00:00+00:00,Double Chance 1X,Bundesliga,1.67,WON,0.6699999999999999,0.034,0.6191616766467066,0.5317164179104478,0.5988023952095809,-0.11203358208955227,0.034
5419ee2e-a145-42f3-acfb-0efcf05ec2db,2026-09-13 15:15:00+00:00,BTTS,Ligue 1,1.67,WON,0.6699999999999999,0.039,0.6221556886227545,0.5325884543761639,0.5988023952095809,-0.11057728119180643,0.039
5e1def08-4d09-47fd-9d66-b3616e0005fc,2026-09-13 15:30:00+00:00,BTTS,Bundesliga,1.53,WON,0.53,0.066,0.6967320261437909,0.5684210526315789,0.6535947712418301,-0.13031578947368416,0.066
3fc20515-ee02-464f-95e8-8128aedce635,2026-09-13 16:30:00+00:00,BTTS,La Liga,2.38,WON,1.38,0.05,0.44117647058823534,0.23255813953488372,0.42016806722689076,-0.44651162790697674,0.05
bf59d080-f997-4e54-8a3d-64708dec540c,2026-09-13 17:00:00+00:00,Moneyline,Primeira Liga,2.55,LOST,-1.0,0.17,0.4588235294117647,0.39622641509433965,0.3921568627450981,0.01037735849056598,0.17
5b1a5800-40d4-4326-b935-60ef2a20279a,2026-09-13 17:00:00+00:00,Double Chance 1X,Primeira Liga,1.4,LOST,-1.0,0.027999999999999997,0.7342857142857143,0.5978260869565217,0.7142857142857143,-0.16304347826086962,0.027999999999999997
5b4e08db-ed56-4336-8a5b-c9cef3ab3ea7,2026-09-13 17:00:00+00:00,BTTS,Primeira Liga,2.5,WON,1.5,0.42200000000000004,0.5688000000000001,0.5117370892018779,0.4,0.27934272300469476,0.42200000000000004
db006d37-1b2f-49b4-819c-e65b82fc6cb1,2026-09-13 17:15:00+00:00,BTTS,Eliteserien,1.57,WON,0.5700000000000001,0.038,0.6611464968152866,0.5334572490706321,0.6369426751592356,-0.16247211895910763,0.038
58385d50-7a17-4023-ac06-bbbfbd5f513b,2026-09-13 17:15:00+00:00,Over 2.5,Eliteserien,1.67,LOST,-1.0,0.075,0.6437125748502994,0.5343228200371057,0.5988023952095809,-0.10768089053803342,0.075
15b6a452-a363-46de-b541-49afb36e6ac5,2026-09-13 17:15:00+00:00,Moneyline,Jupiler Pro League,2.35,WON,1.35,0.13699999999999998,0.4838297872340425,0.3888888888888889,0.425531914893617,-0.08611111111111103,0.13699999999999998
43a17657-254b-4aa2-9c87-52e1db919d74,2026-09-13 18:00:00+00:00,BTTS,Pro League,1.83,WON,0.8300000000000001,0.040999999999999995,0.5688524590163934,0.5140186915887851,0.5464480874316939,-0.05934579439252319,0.040999999999999995
eb09b4b7-df18-402d-9cc2-d31be8fc578d,2026-09-13 18:45:00+00:00,BTTS,Ligue 1,1.75,LOST,-1.0,0.109,0.6337142857142857,0.5333333333333333,0.5714285714285714,-0.06666666666666665,0.109
c8bdbb53-504b-444d-99d7-0fcfe031bcd1,2026-09-13 19:30:00+00:00,Under 2.5,Primeira Liga,2.1,WON,1.1,0.27,0.6047619047619047,0.532347504621072,0.47619047619047616,0.11792975970425146,0.27
6c715c58-6301-4e00-bcaa-c9978ef1efaa,2026-09-14 01:00:00+00:00,Under 2.5,Liga MX,2.25,LOST,-1.0,0.377,0.612,0.533210332103321,0.4444444444444444,0.19972324723247237,0.377
162cdd82-7635-4cd3-a25e-c9ab873e925b,2026-09-14 01:00:00+00:00,BTTS,Major League Soccer,1.44,LOST,-1.0,0.09,0.7569444444444445,0.7421875,0.6944444444444444,0.06874999999999987,0.09
8964563f-5315-493b-a250-d0745d5dcb3f,2026-09-14 01:00:00+00:00,Double Chance 1X,Major League Soccer,1.53,LOST,-1.0,0.08,0.7058823529411765,0.5727272727272728,0.6535947712418301,-0.12372727272727269,0.08
2d46afef-d1dc-47fb-882b-aca30f88551c,2026-09-14 01:00:00+00:00,Over 1.5,Major League Soccer,1.14,WON,0.1399999999999999,0.047,0.9184210526315789,0.8571428571428571,0.8771929824561404,-0.02285714285714302,0.047
ea806573-a03f-4c98-af51-259c384b1ddc,2026-09-14 01:00:00+00:00,Over 2.5,Major League Soccer,1.48,WON,0.48,0.156,0.781081081081081,0.7405660377358491,0.6756756756756757,0.0960377358490565,0.156
80122f0b-c36e-481f-9fdc-04fdd42569ba,2026-09-14 01:00:00+00:00,Over 3.5,Major League Soccer,2.1,WON,1.1,0.233,0.5871428571428572,0.5162790697674419,0.47619047619047616,0.08418604651162798,0.233
dace0c6d-c3d6-4b70-a0aa-5fd5b9fe2e7e,2026-09-14 01:00:00+00:00,Team Over 1.5,Major League Soccer,1.91,LOST,-1.0,0.31,0.6858638743455497,0.5322283609576427,0.5235602094240838,0.016556169429097434,0.31
f8605acd-b046-423c-8806-d6fa6f528136,2026-09-14 01:00:00+00:00,Moneyline,Major League Soccer,2.7,LOST,-1.0,0.38,0.5111111111111111,0.3987341772151899,0.37037037037037035,0.07658227848101284,0.38
7a0d8aa7-583b-4314-8474-a0db6284f4a3,2026-09-14 17:00:00+00:00,BTTS,Allsvenskan,1.7,LOST,-1.0,0.127,0.6629411764705883,0.53125,0.5882352941176471,-0.09687500000000004,0.127
2c8561cd-18b5-4a53-a269-a8ff4fd030d2,2026-09-14 17:00:00+00:00,Over 1.5,Allsvenskan,1.18,WON,0.17999999999999994,0.034,0.876271186440678,0.7417840375586855,0.8474576271186441,-0.12469483568075113,0.034
1219fcd2-54ff-4ac3-9999-1f3d646a53bc,2026-09-14 17:00:00+00:00,Over 2.5,Allsvenskan,1.62,LOST,-1.0,0.121,0.6919753086419752,0.5302752293577981,0.6172839506172839,-0.14095412844036692,0.121
54db6e2d-36ff-43ca-8bd6-8edbfa1d60ad,2026-09-14 17:00:00+00:00,BTTS,Süper Lig,1.8,LOST,-1.0,0.109,0.616111111111111,0.529320987654321,0.5555555555555556,-0.047222222222222165,0.109
837cfc67-b21d-4e3d-b57e-a7554783b16c,2026-09-14 17:00:00+00:00,Over 1.5,Süper Lig,1.22,LOST,-1.0,0.037000000000000005,0.85,0.7429906542056075,0.819672131147541,-0.09355140186915889,0.037000000000000005
f584d1a6-35f0-4144-b4a2-4a77c7cc82b9,2026-09-14 17:00:00+00:00,Over 2.5,Süper Lig,1.73,LOST,-1.0,0.11599999999999999,0.6450867052023121,0.5285053929121726,0.5780346820809249,-0.0856856702619414,0.11599999999999999
cb03b0e9-a6d8-4113-88d2-a3b3afd8a4e5,2026-09-14 17:00:00+00:00,Double Chance X2,Superliga,2.0,LOST,-1.0,0.22399999999999998,0.612,0.5276923076923077,0.5,0.055384615384615365,0.22399999999999998
1d399ad5-5a98-40ed-9867-13e5ac210ac2,2026-09-14 17:00:00+00:00,Over 2.5,Allsvenskan,1.57,LOST,-1.0,0.063,0.6770700636942675,0.5268817204301075,0.6369426751592356,-0.17279569892473123,0.063
b7fcee7a-c656-45e8-9da7-f6380940cbfd,2026-09-14 17:45:00+00:00,Moneyline,Primeira Liga,2.7,LOST,-1.0,0.237,0.45814814814814814,0.3962264150943396,0.37037037037037035,0.06981132075471685,0.237
dbe02472-488c-40d5-987c-c1b5bd967c2b,2026-09-14 17:45:00+00:00,Over 1.5,Primeira Liga,1.28,WON,0.28,0.025,0.8007812499999999,0.7395348837209302,0.78125,-0.05339534883720931,0.025
2226e746-9f33-44e1-ad24-0eee601584d9,2026-09-14 17:45:00+00:00,Over 2.5,Primeira Liga,1.95,WON,0.95,0.11699999999999999,0.5728205128205128,0.5185185185185185,0.5128205128205129,0.011111111111111072,0.11699999999999999
bf270a91-6234-4bd7-9097-fdd2fbdcb6c9,2026-09-14 18:00:00+00:00,Double Chance X2,Eerste Divisie,1.67,WON,0.6699999999999999,0.052000000000000005,0.6299401197604791,0.5260736196319018,0.5988023952095809,-0.12145705521472405,0.052000000000000005
4b0769a3-f9a2-4b56-a945-e7214665464d,2026-09-14 18:00:00+00:00,Team Over 1.5,Eerste Divisie,1.91,LOST,-1.0,0.064,0.5570680628272252,0.5207373271889401,0.5235602094240838,-0.005391705069124564,0.064
178c7057-eb9e-4ea6-8af5-93b240fae4e3,2026-09-14 18:45:00+00:00,BTTS,Serie A,1.95,WON,0.95,0.115,0.5717948717948718,0.518348623853211,0.5128205128205129,0.010779816513761364,0.115
81982989-09ad-4eac-ba28-7bf21fd1ace5,2026-09-14 19:15:00+00:00,BTTS,Primeira Liga,1.95,WON,0.95,0.09,0.558974358974359,0.5205479452054794,0.5128205128205129,0.015068493150684814,0.09
8fe3869b-5287-40fa-a137-5f181640e31f,2026-09-14 19:15:00+00:00,Over 1.5,Primeira Liga,1.4,WON,0.3999999999999999,0.06,0.7571428571428572,0.7333333333333333,0.7142857142857143,0.026666666666666616,0.06
14e3d96b-5f53-48e4-8f37-1530980d168c,2026-09-15 17:00:00+00:00,BTTS,Super League,1.44,WON,0.43999999999999995,0.11,0.7708333333333335,0.7407407407407407,0.6944444444444444,0.06666666666666665,0.11
346f6359-e7b2-4c8a-acc3-52066cde2447,2026-09-15 17:00:00+00:00,Team Over 1.5,Super League,2.5,WON,1.5,0.47,0.588,0.5227272727272727,0.4,0.30681818181818166,0.47
3a31beb7-56a4-457f-87ea-85f09f19699c,2026-09-15 17:00:00+00:00,Over 1.5,Super League,1.14,WON,0.1399999999999999,0.044000000000000004,0.9157894736842106,0.875,0.8771929824561404,-0.0025000000000000577,0.044000000000000004
ebf5a32d-c63b-400c-af1c-cdeb4a1db0a1,2026-09-15 17:00:00+00:00,Over 2.5,Super League,1.48,WON,0.48,0.163,0.7858108108108108,0.7419354838709677,0.6756756756756757,0.09806451612903233,0.163
80bb8277-7420-4c5f-9680-3f101a7eab6c,2026-09-15 17:00:00+00:00,Over 3.5,Super League,2.1,WON,1.1,0.26,0.6,0.527439024390244,0.47619047619047616,0.10762195121951246,0.26
e556f9f5-13f7-4106-b046-bc8fe2c52a1e,2026-09-15 18:00:00+00:00,BTTS,Eredivisie,1.8,WON,0.8,0.129,0.6272222222222222,0.5281582952815831,0.5555555555555556,-0.04931506849315037,0.129
99822374-3d96-480d-bf60-6ba4b8aa38c0,2026-09-15 18:45:00+00:00,Double Chance X2,Championship,1.8,WON,0.8,0.102,0.6122222222222222,0.5288753799392097,0.5555555555555556,-0.04802431610942248,0.102
3ba3639b-c6f8-4709-9c83-37f1fb882523,2026-09-15 18:45:00+00:00,Draw,Championship,4.33,WON,3.33,0.182,0.27297921478060044,0.2,0.23094688221709006,-0.1339999999999999,0.182
c4842b3f-0ae6-43f0-8616-317cd9ada9c5,2026-09-15 18:45:00+00:00,Double Chance 1X,Premiership,1.25,LOST,-1.0,0.091,0.8728,0.7431192660550459,0.8,-0.07110091743119273,0.091
b9532876-f90c-4e4a-ae69-9ddfcdff1b47,2026-09-15 18:45:00+00:00,Moneyline,Premiership,1.83,LOST,-1.0,0.19899999999999998,0.6551912568306011,0.5295902883156297,0.5464480874316939,-0.03084977238239761,0.19899999999999998
7bc80c23-d561-4f82-a34c-d56de8dded86,2026-09-15 18:45:00+00:00,Double Chance 1X,League Cup,1.67,LOST,-1.0,0.057,0.6329341317365269,0.5287878787878787,0.5988023952095809,-0.1169242424242426,0.057
f143dd0c-889b-41b0-8fb2-47b72911bd0e,2026-09-15 19:30:00+00:00,BTTS,La Liga,1.62,WON,0.6200000000000001,0.059000000000000004,0.6537037037037037,0.5279878971255674,0.6172839506172839,-0.14465960665658084,0.059000000000000004
f369feeb-c3c8-4fa5-88a6-774ff2756edd,2026-09-16 01:00:00+00:00,Draw,Liga MX,4.2,LOST,-1.0,0.294,0.3080952380952381,0.2571428571428571,0.23809523809523808,0.07999999999999985,0.294
7006504d-61ef-4ebf-ac2e-488fe16599f5,2026-09-16 01:00:00+00:00,Under 2.5,Liga MX,2.35,WON,1.35,0.466,0.6238297872340425,0.5287009063444109,0.425531914893617,0.2424471299093658,0.466
4f02918a-dd5e-41ca-868f-256f82b14d60,2026-09-16 17:00:00+00:00,Double Chance X2,Allsvenskan,1.67,WON,0.6699999999999999,0.069,0.640119760479042,0.5294117647058825,0.5988023952095809,-0.11588235294117633,0.069
5a978a22-c877-4503-a2e0-d89ba5136ec8,2026-09-16 17:00:00+00:00,BTTS,La Liga,1.95,LOST,-1.0,0.045,0.5358974358974359,0.4891518737672533,0.5128205128205129,-0.04615384615385609,0.045
f707013a-c9d0-49d8-b895-358f5c7e2ca1,2026-09-16 17:00:00+00:00,Team Over 1.5,Super League,1.91,WON,0.9099999999999999,0.07200000000000001,0.5612565445026179,0.5229357798165137,0.5235602094240838,-0.0011926605504588572,0.07200000000000001
d3743e2d-a6ec-4e88-8ad9-7a88842c04f1,2026-09-16 17:00:00+00:00,Over 2.5,Super League,1.48,WON,0.48,0.086,0.7337837837837838,0.5913978494623656,0.6756756756756757,-0.12473118279569884,0.086
119255de-5790-4d87-952a-f5db2db0f3f0,2026-09-16 17:00:00+00:00,Over 3.5,Super League,2.1,WON,1.1,0.113,0.53,0.391304347826087,0.47619047619047616,-0.17826086956521736,0.113
8f526163-ebc4-4c78-b993-2a1891cfc7b7,2026-09-16 17:00:00+00:00,Double Chance X2,Super League,1.91,LOST,-1.0,0.326,0.6942408376963352,0.5670103092783506,0.5235602094240838,0.08298969072164963,0.326
69e6e8e3-88c8-4af3-8a8f-1246736accc7,2026-09-16 17:00:00+00:00,Team Over 1.5,Super League,2.25,LOST,-1.0,0.312,0.5831111111111111,0.5251141552511416,0.4444444444444444,0.18150684931506866,0.312
4dc142b4-b828-4ee8-a5ac-af620b513f0b,2026-09-16 17:00:00+00:00,Moneyline,Super League,3.3,LOST,-1.0,0.525,0.4621212121212121,0.39285714285714285,0.30303030303030304,0.29642857142857126,0.525
133081bf-5869-4229-a173-09a1614c07e7,2026-09-16 17:00:00+00:00,Team Over 1.5,Super League,1.8,WON,0.8,0.037000000000000005,0.576111111111111,0.5227272727272727,0.5555555555555556,-0.05909090909090908,0.037000000000000005
7096dd21-bb79-45f1-bbb4-a3857076c417,2026-09-16 19:00:00+00:00,Double Chance 1X,UEFA Europa League,1.8,LOST,-1.0,0.064,0.5911111111111111,0.5301204819277109,0.5555555555555556,-0.04578313253012034,0.064
4dc994da-71ee-4944-9ede-923f7dce1967,2026-09-16 19:00:00+00:00,BTTS,UEFA Europa League,1.57,LOST,-1.0,0.053,0.6707006369426751,0.5293233082706766,0.6369426751592356,-0.16896240601503765,0.053
18bb04eb-f19a-44cc-83bf-5eabdc80652f,2026-09-16 19:00:00+00:00,Over 1.5,UEFA Europa League,1.2,LOST,-1.0,0.03,0.8583333333333334,0.7397260273972602,0.8333333333333334,-0.11232876712328776,0.03
527d50ed-85ec-48b3-a45d-420bba97a998,2026-09-16 19:00:00+00:00,Over 2.5,UEFA Europa League,1.67,LOST,-1.0,0.109,0.6640718562874252,0.5285285285285285,0.5988023952095809,-0.11735735735735742,0.109
514e67c2-aefd-42e2-9662-fc7a0b81e4d1,2026-09-16 19:00:00+00:00,Moneyline,League Cup,2.2,WON,1.2000000000000002,0.08900000000000001,0.49499999999999994,0.39622641509433965,0.45454545454545453,-0.1283018867924527,0.08900000000000001
497b5e22-c221-4666-a545-7fffca4ce706,2026-09-16 19:00:00+00:00,Over 2.5,UEFA Europa League,1.62,LOST,-1.0,0.043,0.643827160493827,0.527736131934033,0.6172839506172839,-0.1450674662668665,0.043
d2af8ef9-b47a-42bb-8746-91fe7010f6ea,2026-09-16 22:00:00+00:00,BTTS,CONMEBOL Sudamericana,2.1,WON,1.1,0.17600000000000002,0.5599999999999999,0.5248868778280543,0.47619047619047616,0.10226244343891411,0.17600000000000002
5d521896-4605-4090-83e6-ac31b8760750,2026-09-16 22:00:00+00:00,Over 1.5,CONMEBOL Sudamericana,1.36,WON,0.3600000000000001,0.053,0.7742647058823529,0.7368421052631579,0.7352941176470588,0.002105263157894832,0.053
3f8dff26-ca32-4ec7-9aff-6410fb6ec5f6,2026-09-16 22:30:00+00:00,Team Over 1.5,Serie A,1.73,WON,0.73,0.102,0.6369942196531793,0.5269662921348314,0.5780346820809249,-0.08834831460674175,0.102
a8612dd7-60ca-44aa-a301-3266f473e862,2026-09-16 22:30:00+00:00,Moneyline,Serie A,1.7,WON,0.7,0.079,0.6347058823529411,0.5276532137518685,0.5882352941176471,-0.10298953662182364,0.079
caf814f2-c9b9-418e-9bf5-160bd52e56ac,2026-09-16 22:30:00+00:00,Over 1.5,Serie A,1.25,WON,0.25,0.027999999999999997,0.8224,0.7378277153558053,0.8,-0.07771535580524347,0.027999999999999997
d1ca4882-b83a-41e3-ab20-8ef27fb9cb9f,2026-09-16 22:30:00+00:00,Over 2.5,Serie A,1.8,WON,0.8,0.098,0.61,0.528358208955224,0.5555555555555556,-0.04895522388059681,0.098
4758f7e1-c2e3-4559-b7ce-2db6cc54d0a9,2026-09-16 23:00:00+00:00,Moneyline,US Open Cup,1.95,WON,0.95,0.071,0.5492307692307692,0.5270270270270271,0.5128205128205129,0.02770270270270281,0.071
cb1953b7-1a65-490d-be84-798af319f85f,2026-09-16 23:00:00+00:00,Over 2.5,US Open Cup,1.5,WON,0.5,0.098,0.7320000000000001,0.5957446808510638,0.6666666666666666,-0.1063829787234043,0.098
40f3e924-ab29-4eab-9095-bde179eb03a8,2026-09-16 23:00:00+00:00,Over 3.5,US Open Cup,2.2,LOST,-1.0,0.153,0.524090909090909,0.40186915887850466,0.45454545454545453,-0.11588785046728967,0.153
10e35e97-4abf-40dd-af3e-d432a5d75924,2026-09-17 01:30:00+00:00,Moneyline,US Open Cup,2.3,LOST,-1.0,0.35200000000000004,0.5878260869565218,0.5290827740492169,0.4347826086956522,0.21689038031319874,0.35200000000000004
931e924b-308e-4cde-bb2b-46a366bd253e,2026-09-17 16:45:00+00:00,Double Chance 1X,UEFA Europa League,1.62,LOST,-1.0,0.129,0.6969135802469135,0.5612244897959183,0.6172839506172839,-0.09081632653061222,0.129
f0df17fe-5cce-4992-9a50-f75c5393327e,2026-09-17 16:45:00+00:00,Moneyline,UEFA Europa League,3.1,LOST,-1.0,0.389,0.44806451612903225,0.3333333333333333,0.3225806451612903,0.033333333333333215,0.389
49ab1665-55bb-4267-b827-5e0365dbe715,2026-09-17 16:45:00+00:00,BTTS,UEFA Europa League,1.8,LOST,-1.0,0.11199999999999999,0.6177777777777779,0.5290611028315945,0.5555555555555556,-0.04769001490312996,0.11199999999999999
59fdc304-fb80-495b-85c2-3d3a9567f285,2026-09-17 19:00:00+00:00,BTTS,UEFA Europa League,1.57,WON,0.5700000000000001,0.08199999999999999,0.6891719745222931,0.5282738095238095,0.6369426751592356,-0.17061011904761902,0.08199999999999999
f39670fc-2c8c-4b6c-bcb4-c4147d4a9625,2026-09-17 19:00:00+00:00,Over 1.5,UEFA Europa League,1.17,WON,0.16999999999999993,0.026000000000000002,0.876923076923077,0.7388059701492538,0.8547008547008548,-0.13559701492537313,0.026000000000000002
93e99696-0d69-4797-94c4-b1fd45369734,2026-09-17 19:00:00+00:00,Over 2.5,UEFA Europa League,1.57,WON,0.5700000000000001,0.10099999999999999,0.7012738853503184,0.5555555555555556,0.6369426751592356,-0.12777777777777766,0.10099999999999999
58ae3804-4a13-4443-a33f-eeab6e1a258b,2026-09-17 19:00:00+00:00,BTTS,UEFA Europa League,1.7,WON,0.7,0.061,0.6241176470588236,0.5289747399702824,0.5882352941176471,-0.10074294205051992,0.061
f542dd0b-0f7c-4251-98e5-cd0952dd125a,2026-09-17 19:00:00+00:00,Over 2.5,UEFA Europa League,1.62,WON,0.6200000000000001,0.047,0.6462962962962963,0.5296735905044511,0.6172839506172839,-0.14192878338278925,0.047
b15d7559-15ae-472f-b516-a0c4f034ee45,2026-09-18 16:30:00+00:00,Team Over 1.5,2. Bundesliga,1.73,LOST,-1.0,0.09300000000000001,0.6317919075144509,0.5303703703703703,0.5780346820809249,-0.08245925925925945,0.09300000000000001
ee8b1c6f-725d-41b9-b847-527db2e5f360,2026-09-18 16:30:00+00:00,Moneyline,2. Bundesliga,2.25,LOST,-1.0,0.111,0.49377777777777776,0.38596491228070173,0.4444444444444444,-0.13157894736842113,0.111
949a0280-3b06-4682-ab52-b584ad02c5d0,2026-09-18 16:30:00+00:00,Over 2.5,2. Bundesliga,1.44,LOST,-1.0,0.044000000000000004,0.7250000000000001,0.6,0.6944444444444444,-0.136,0.044000000000000004
e9008117-fe34-4fc8-922c-48f17a459685,2026-09-18 17:00:00+00:00,Over 2.5,Superliga,1.53,WON,0.53,0.069,0.6986928104575163,0.56,0.6535947712418301,-0.14319999999999988,0.069
8f266218-8017-424b-926f-4a71f5243b43,2026-09-18 18:00:00+00:00,Double Chance X2,Eerste Divisie,1.36,LOST,-1.0,0.059000000000000004,0.7786764705882352,0.7399103139013453,0.7352941176470588,0.006278026905829792,0.059000000000000004
7f887d3e-64d7-4a2c-833a-ae1d8d23fa55,2026-09-18 18:00:00+00:00,Team Over 1.5,Eerste Divisie,1.5,LOST,-1.0,0.057,0.7046666666666667,0.5643564356435643,0.6666666666666666,-0.1534653465346536,0.057
e7254b5d-4b7c-478e-98e1-43d331d2d05e,2026-09-18 18:00:00+00:00,Moneyline,Eerste Divisie,2.0,LOST,-1.0,0.158,0.579,0.5267857142857142,0.5,0.05357142857142838,0.158
7ebc2a9e-4b7e-4051-9e09-863015bbb9a1,2026-09-18 18:00:00+00:00,Double Chance 1X,Eerste Divisie,1.22,WON,0.21999999999999997,0.035,0.8483606557377049,0.737037037037037,0.819672131147541,-0.1008148148148148,0.035
cbbb0437-396f-4f92-adff-d6d93d41f75c,2026-09-18 18:00:00+00:00,Moneyline,Eerste Divisie,1.73,WON,0.73,0.107,0.6398843930635838,0.529585798816568,0.5780346820809249,-0.08381656804733739,0.107
e2e2e9b0-140f-41c9-89bd-b53c38e89532,2026-09-18 18:00:00+00:00,BTTS,Eerste Divisie,1.44,LOST,-1.0,0.051,0.7298611111111111,0.59375,0.6944444444444444,-0.14500000000000002,0.051
befa226b-0cd4-4225-b753-6de59aa1fbf2,2026-09-18 18:00:00+00:00,Double Chance 1X,Eerste Divisie,1.67,WON,0.6699999999999999,0.134,0.6790419161676646,0.5302806499261448,0.5988023952095809,-0.11443131462333833,0.134
f09ece76-9394-476a-aa77-9bd1508c9fa7,2026-09-18 18:00:00+00:00,Team Over 1.5,Eerste Divisie,2.1,LOST,-1.0,0.298,0.6180952380952381,0.5309734513274339,0.47619047619047616,0.11504424778761124,0.298
73dc6d4b-f2a1-43b7-b3a0-83d64b4afe93,2026-09-18 18:00:00+00:00,Moneyline,Eerste Divisie,3.5,LOST,-1.0,0.6,0.4571428571428572,0.3793103448275862,0.2857142857142857,0.3275862068965516,0.6
230b8abf-0b00-4146-af92-c97d2d4bd8db,2026-09-18 18:00:00+00:00,Over 2.5,Eerste Divisie,1.48,LOST,-1.0,0.091,0.7371621621621621,0.5876288659793814,0.6756756756756757,-0.13030927835051564,0.091
0d637873-7728-4114-9b0b-d24a0a4fb9ea,2026-09-18 18:00:00+00:00,Over 3.5,Eerste Divisie,2.1,LOST,-1.0,0.111,0.529047619047619,0.39814814814814814,0.47619047619047616,-0.16388888888888886,0.111
0874c5f7-0503-4ef3-970d-ff0b8dfc1768,2026-09-18 18:00:00+00:00,Double Chance X2,Eerste Divisie,1.53,WON,0.53,0.05,0.6862745098039216,0.5301914580265096,0.6535947712418301,-0.18880706921944035,0.05
7dccb73c-6cad-4866-95c9-e4138eee9c20,2026-09-18 18:00:00+00:00,Moneyline,Eerste Divisie,2.6,WON,1.6,0.14400000000000002,0.44000000000000006,0.26666666666666666,0.3846153846153846,-0.30666666666666664,0.14400000000000002
9293245b-3986-4ae5-9d03-58f38ba76226,2026-09-18 18:45:00+00:00,BTTS,Ligue 1,1.5,WON,0.5,0.049,0.6993333333333333,0.5588235294117646,0.6666666666666666,-0.16176470588235303,0.049
f4aa70a4-1d45-49d0-99b0-73bbd2d23142,2026-09-18 18:45:00+00:00,Over 2.5,Ligue 1,1.57,WON,0.5700000000000001,0.08800000000000001,0.6929936305732485,0.5631067961165048,0.6369426751592356,-0.11592233009708741,0.08800000000000001
