id,fixture_date,created_at,fixture,league_name,market_group,odds,status_norm,pnl_calc,raw_model_probability,platt_probability,isotonic_probability,raw_market_implied_probability,fair_market_probability,fair_market_available,raw_EV,platt_EV,isotonic_EV,model_edge_vs_fair_market_platt,model_edge_vs_raw_implied_platt,calibration_fold
4735e875-f15f-4fff-9dae-7bd44ba974e4,2026-09-01 18:45:00+00:00,2026-08-31 21:30:36.885262+00:00,Lincoln vs Blackburn,Championship,Moneyline,3.1,LOST,-1.0,0.4451612903225806,0.3972866325041626,0.35294117647058826,0.3225806451612903,,False,0.3799999999999999,0.23158856076290402,0.09411764705882364,,0.07470598734287226,month:2026-09|train_n=1066
0914b3a3-ee7b-470c-ba87-5ff9e884d533,2026-09-01 18:45:00+00:00,2026-08-31 21:30:36.885285+00:00,Lincoln vs Blackburn,Championship,Double Chance X2,1.67,WON,0.6699999999999999,0.7000000000000001,0.6193847736434822,0.6153846153846154,0.5988023952095809,,False,0.16900000000000004,0.0343725719846153,0.027692307692307683,,0.020582378433901316,month:2026-09|train_n=1066
4090e97e-8bc2-4355-b98c-7b6ff3de8255,2026-09-01 18:45:00+00:00,2026-08-31 21:30:36.885291+00:00,Sheffield Utd vs Bolton,Championship,Draw,3.75,LOST,-1.0,0.3141333333333333,0.2928791645797865,0.28125,0.26666666666666666,,False,0.17799999999999994,0.0982968671741995,0.0546875,,0.02621249791311986,month:2026-09|train_n=1066
e089e78d-c1a9-4314-83a3-23aae2a284d3,2026-09-01 18:45:00+00:00,2026-08-31 21:30:36.885297+00:00,Sheffield Utd vs Bolton,Championship,Under 2.5,2.0,LOST,-1.0,0.666,0.5905804079694552,0.5436241610738255,0.5,,False,0.3320000000000001,0.18116081593891042,0.08724832214765099,,0.09058040796945521,month:2026-09|train_n=1066
806d5b9c-ccc1-470d-822b-f398a79f3167,2026-09-01 18:45:00+00:00,2026-08-31 21:30:36.885303+00:00,West Ham vs Wolves,Championship,BTTS,1.67,WON,0.6699999999999999,0.6281437125748502,0.5577702158345215,0.5357142857142857,0.5988023952095809,,False,0.04899999999999993,-0.06852373955634916,-0.10535714285714293,,-0.04103217937505943,month:2026-09|train_n=1066
43bbe32c-309e-42ed-b50d-08cb28258c32,2026-09-01 18:45:00+00:00,2026-08-31 21:30:36.885309+00:00,West Ham vs Wolves,Championship,Double Chance X2,1.8,LOST,-1.0,0.69,0.610989927547136,0.5436241610738255,0.5555555555555556,,False,0.242,0.09978186958484492,-0.02147651006711404,,0.05543437199158041,month:2026-09|train_n=1066
18923cbc-5725-4500-a051-2b102ec8de95,2026-09-01 18:45:00+00:00,2026-08-31 21:30:36.885314+00:00,West Ham vs Wolves,Championship,Over 1.5,1.25,WON,0.25,0.8224,0.7152455270665768,0.7831325301204819,0.8,,False,0.028000000000000025,-0.10594309116677891,-0.02108433734939763,,-0.0847544729334232,month:2026-09|train_n=1066
7e1c1ab2-aa2d-40dc-809f-85d39ce8ee68,2026-09-01 18:45:00+00:00,2026-08-31 21:30:36.885319+00:00,West Ham vs Wolves,Championship,Over 2.5,1.8,WON,0.8,0.6038888888888888,0.5364611187926223,0.5357142857142857,0.5555555555555556,,False,0.08699999999999997,-0.03436998617327991,-0.0357142857142857,,-0.01909443676293332,month:2026-09|train_n=1066
d52481fb-573e-448b-ab78-6905dffa3850,2026-09-01 18:45:00+00:00,2026-08-31 21:30:36.885324+00:00,West Ham vs Wolves,Championship,Moneyline,3.7,LOST,-1.0,0.4410810810810811,0.39382712827125416,0.28125,0.27027027027027023,,False,0.6320000000000001,0.45716037460364034,0.04062500000000013,,0.12355685800098393,month:2026-09|train_n=1066
b378292e-adf6-4fb0-aac7-7558a2168d81,2026-09-01 19:00:00+00:00,2026-08-31 21:30:36.885329+00:00,Birmingham vs Southampton,Championship,BTTS,1.67,WON,0.6699999999999999,0.6371257485029941,0.565611951816598,0.5357142857142857,0.5988023952095809,,False,0.06400000000000006,-0.05542804046628147,-0.10535714285714293,,-0.03319044339298294,month:2026-09|train_n=1066
c17da183-b0c6-4d0c-a648-367cf42e91a2,2026-09-01 19:00:00+00:00,2026-08-31 21:30:36.885335+00:00,Birmingham vs Southampton,Championship,Over 1.5,1.25,WON,0.25,0.8288,0.7198453367733281,0.7831325301204819,0.8,,False,0.03600000000000003,-0.10019332903333988,-0.02108433734939763,,-0.08015466322667197,month:2026-09|train_n=1066
4a7cd675-3394-40d5-b371-5cf4558e67c7,2026-09-01 19:00:00+00:00,2026-08-31 21:30:36.885340+00:00,Birmingham vs Southampton,Championship,Over 2.5,1.8,LOST,-1.0,0.6111111111111112,0.5428237297818008,0.5357142857142857,0.5555555555555556,,False,0.10000000000000009,-0.022917286392758474,-0.0357142857142857,,-0.012731825773754757,month:2026-09|train_n=1066
6b269be9-181a-4505-8257-41d9802536e8,2026-09-01 19:00:00+00:00,2026-08-31 21:30:36.885345+00:00,Torino vs Monza,Coppa Italia,BTTS,1.95,LOST,-1.0,0.5492307692307692,0.4880703977305079,0.5100671140939598,0.5128205128205129,,False,0.07099999999999995,-0.04826272442550961,-0.005369127516778427,,-0.024750115090004965,month:2026-09|train_n=1066
aa4c515b-5663-4bc1-8ed7-b9d4f6ef06ae,2026-09-01 19:00:00+00:00,2026-08-31 21:30:36.885351+00:00,Torino vs Monza,Coppa Italia,Over 1.5,1.36,LOST,-1.0,0.7772058823529411,0.6815119835999696,0.76,0.7352941176470588,,False,0.05699999999999994,-0.07314370230404132,0.033600000000000074,,-0.0537821340470892,month:2026-09|train_n=1066
76ad8151-7031-48bc-bf14-f1541c6078f6,2026-09-02 00:00:00+00:00,2026-08-31 21:30:36.885356+00:00,Atletico-MG vs Cruzeiro,Copa Do Brasil,Moneyline,2.45,WON,1.4500000000000002,0.45183673469387753,0.4029686307723122,0.35294117647058826,0.4081632653061224,,False,0.10699999999999998,-0.01272685460783507,-0.13529411764705868,,-0.005194634533810194,month:2026-09|train_n=1066
a4891a61-e066-4c2f-80c5-203c47210e33,2026-09-02 00:00:00+00:00,2026-08-31 21:30:36.885360+00:00,Atletico-MG vs Cruzeiro,Copa Do Brasil,BTTS,1.95,WON,0.95,0.5861538461538461,0.5207907418478065,0.5100671140939598,0.5128205128205129,,False,0.14300000000000002,0.015541946603222723,-0.005369127516778427,,0.007970229027293607,month:2026-09|train_n=1066
2d49eebd-786b-4993-b78f-b85201f07455,2026-09-02 00:00:00+00:00,2026-08-31 21:30:36.885365+00:00,Atletico-MG vs Cruzeiro,Copa Do Brasil,Over 1.5,1.36,WON,0.3600000000000001,0.7838235294117647,0.6865839165981367,0.76,0.7352941176470588,,False,0.06600000000000006,-0.0662458734265341,0.033600000000000074,,-0.0487102010489221,month:2026-09|train_n=1066
0ca5532a-0394-4420-8528-fcd706a25ac6,2026-09-02 00:00:00+00:00,2026-08-31 21:30:36.885370+00:00,Atletico-MG vs Cruzeiro,Copa Do Brasil,Over 2.5,2.2,WON,1.2000000000000002,0.5518181818181818,0.4903632289333993,0.5100671140939598,0.45454545454545453,,False,0.21399999999999997,0.07879910365347853,0.12214765100671165,,0.035817774387944756,month:2026-09|train_n=1066
e76fc0f6-079d-4353-aa3e-294914ab633c,2026-09-02 13:00:00+00:00,2026-09-01 21:30:40.448890+00:00,Sassuolo vs Frosinone,Coppa Italia,Double Chance X2,1.91,LOST,-1.0,0.6031413612565445,0.5358018498961464,0.5205479452054794,0.5235602094240838,,False,0.1519999999999999,0.023381533301639612,-0.005753424657534367,,0.012241640472062665,month:2026-09|train_n=1066
de81046f-a4f5-46ec-9717-9982333de79f,2026-09-02 18:30:00+00:00,2026-09-01 21:30:40.448909+00:00,Grasshoppers vs ST. Gallen,Super League,BTTS,1.5,LOST,-1.0,0.702,0.621055389019601,0.6153846153846154,0.6666666666666666,,False,0.052999999999999936,-0.06841691647059855,-0.07692307692307687,,-0.04561127764706563,month:2026-09|train_n=1066
207def4b-9334-4d8e-a60e-e5273338286f,2026-09-02 18:30:00+00:00,2026-09-01 21:30:40.448916+00:00,Grasshoppers vs ST. Gallen,Super League,Over 1.5,1.14,WON,0.1399999999999999,0.9008771929824562,0.7683999159397326,0.8571428571428571,0.8771929824561404,,False,0.026999999999999913,-0.124024095828705,-0.02285714285714302,,-0.10879306651640785,month:2026-09|train_n=1066
afa444e7-9e66-45e0-88bd-0eca9cebbe5a,2026-09-02 18:30:00+00:00,2026-09-01 21:30:40.448922+00:00,Grasshoppers vs ST. Gallen,Super League,Over 2.5,1.48,LOST,-1.0,0.7391891891891893,0.6515620201010424,0.7093023255813954,0.6756756756756757,,False,0.09400000000000008,-0.03568821025045732,0.04976744186046522,,-0.024113655574633297,month:2026-09|train_n=1066
e4f7e90f-8ee1-4037-8628-a8225b4473d9,2026-09-02 18:30:00+00:00,2026-09-01 21:30:40.448928+00:00,Grasshoppers vs ST. Gallen,Super League,Over 3.5,2.1,LOST,-1.0,0.5419047619047619,0.4815815101046995,0.5100671140939598,0.47619047619047616,,False,0.13800000000000012,0.011321171219869086,0.07114093959731549,,0.005391033914223353,month:2026-09|train_n=1066
3d353998-171e-4554-997a-9fa1186f0446,2026-09-02 18:30:00+00:00,2026-09-01 21:30:40.448934+00:00,Grasshoppers vs ST. Gallen,Super League,Team Over 1.5,1.57,LOST,-1.0,0.69171974522293,0.6124384758659019,0.5436241610738255,0.6369426751592356,,False,0.08600000000000008,-0.03847159289053392,-0.14651006711409398,,-0.024504199293333695,month:2026-09|train_n=1066
d6567f50-e5e9-4a08-bae2-d11b422009c1,2026-09-02 18:30:00+00:00,2026-09-01 21:30:40.448941+00:00,Luzern vs FC Vaduz,Super League,BTTS,1.4,WON,0.3999999999999999,0.7900000000000001,0.6912778391913031,0.76,0.7142857142857143,,False,0.1060000000000001,-0.032211025132175664,0.06399999999999983,,-0.023007875094411157,month:2026-09|train_n=1066
bbdcc4a7-feb6-4fb9-ad3a-aa52da785be9,2026-09-02 18:30:00+00:00,2026-09-01 21:30:40.448946+00:00,Luzern vs FC Vaduz,Super League,Team Over 1.5,2.5,LOST,-1.0,0.5519999999999999,0.49052436317430215,0.5100671140939598,0.4,,False,0.3799999999999999,0.22631090793575526,0.2751677852348995,,0.09052436317430212,month:2026-09|train_n=1066
cfc3f0da-8797-4fb8-a507-8a6a846aacc1,2026-09-02 18:30:00+00:00,2026-09-01 21:30:40.448952+00:00,Luzern vs FC Vaduz,Super League,Team Over 1.5,1.4,WON,0.3999999999999999,0.7492857142857143,0.6596460113711471,0.7093023255813954,0.7142857142857143,,False,0.04899999999999993,-0.07649558408039414,-0.006976744186046546,,-0.05463970291456721,month:2026-09|train_n=1066
88055f5e-73ac-446c-a77f-2e424743c457,2026-09-02 18:30:00+00:00,2026-09-01 21:30:40.448957+00:00,Luzern vs FC Vaduz,Super League,Over 1.5,1.1,WON,0.10000000000000009,0.9418181818181818,0.7932265538445086,0.999999,0.9090909090909091,,False,0.03600000000000003,-0.1274507907710405,0.09999890000000011,,-0.11586435524640049,month:2026-09|train_n=1066
5d4c0338-5c72-49d0-9085-96ba21ba556a,2026-09-02 18:30:00+00:00,2026-09-01 21:30:40.448961+00:00,Luzern vs FC Vaduz,Super League,Over 2.5,1.33,WON,0.33000000000000007,0.8300751879699249,0.7207563992559031,0.7831325301204819,0.7518796992481203,,False,0.10400000000000009,-0.041393988989648856,0.04156626506024108,,-0.03112329999221719,month:2026-09|train_n=1066
70d66b7b-782a-413c-a134-edf0c85419bc,2026-09-02 18:30:00+00:00,2026-09-01 21:30:40.448965+00:00,Luzern vs FC Vaduz,Super League,Over 3.5,1.83,LOST,-1.0,0.6601092896174863,0.5855199333035286,0.5436241610738255,0.5464480874316939,,False,0.20799999999999996,0.07150147794545725,-0.005167785234899358,,0.039071845871834654,month:2026-09|train_n=1066
67c79e03-34ff-420a-a7fe-8251877b4de4,2026-09-02 18:45:00+00:00,2026-09-01 21:30:40.448969+00:00,Dundee vs ST Johnstone,Premiership,Double Chance 1X,1.53,WON,0.53,0.7019607843137255,0.6210226592919056,0.6153846153846154,0.6535947712418301,,False,0.07400000000000007,-0.049835331283384465,-0.05846153846153834,,-0.03257211194992449,month:2026-09|train_n=1066
e1359715-2547-4eaa-823a-bab1dfc4eaad,2026-09-02 18:45:00+00:00,2026-09-01 21:30:40.448976+00:00,Dundee vs ST Johnstone,Premiership,Moneyline,2.6,LOST,-1.0,0.435,0.38869092638396036,0.28125,0.3846153846153846,,False,0.131,0.010596408598297025,-0.26874999999999993,,0.0040755417685757744,month:2026-09|train_n=1066
e9eb812d-f30b-4fa5-b4a9-3159ecf30923,2026-09-02 18:45:00+00:00,2026-09-01 21:30:40.448981+00:00,Kilmarnock vs ST Mirren,Premiership,Over 2.5,1.8,LOST,-1.0,0.5811111111111111,0.5163262326894248,0.5100671140939598,0.5555555555555556,,False,0.04600000000000004,-0.07061278115903535,-0.08187919463087234,,-0.03922932286613079,month:2026-09|train_n=1066
51577721-b08d-4e68-8c4f-a6a62bd52825,2026-09-02 18:45:00+00:00,2026-09-01 21:30:40.448986+00:00,Motherwell vs Dundee Utd,Premiership,Moneyline,1.95,WON,0.95,0.5348717948717948,0.47535798990138667,0.40298507462686567,0.5128205128205129,,False,0.04299999999999993,-0.07305191969229596,-0.21417910447761201,,-0.03746252291912622,month:2026-09|train_n=1066
e24aefb7-2544-442e-8761-0068a71ead36,2026-09-02 18:45:00+00:00,2026-09-01 21:30:40.448992+00:00,Osnabruck vs Bayern,DFB Pokal,Over 3.5,1.33,WON,0.33000000000000007,0.7992481203007518,0.698232701328468,0.76,0.7518796992481203,,False,0.06299999999999994,-0.0713505072331374,0.010800000000000143,,-0.05364699791965222,month:2026-09|train_n=1066
a602e142-7adc-4d0b-8049-4d8e76081cff,2026-09-02 18:45:00+00:00,2026-09-01 21:30:40.448997+00:00,QPR vs Cardiff,Championship,Over 2.5,1.73,WON,0.73,0.5982658959537572,0.5314990518527208,0.5205479452054794,0.5780346820809249,,False,0.03499999999999992,-0.08050664029479293,-0.09945205479452057,,-0.04653563022820406,month:2026-09|train_n=1066
51e82852-f9b7-4c50-8a5d-82243cb43c55,2026-09-02 19:00:00+00:00,2026-09-01 21:30:40.449003+00:00,Burnley vs Middlesbrough,Championship,Over 2.5,1.73,LOST,-1.0,0.608092485549133,0.5401659687603816,0.5357142857142857,0.5780346820809249,,False,0.052000000000000046,-0.06551287404453987,-0.07321428571428579,,-0.03786871332054331,month:2026-09|train_n=1066
ce985817-466a-4b3a-9a42-6ff43cf21092,2026-09-02 19:00:00+00:00,2026-09-01 21:30:40.449008+00:00,Falkirk vs Rangers,Premiership,BTTS,1.67,WON,0.6699999999999999,0.6299401197604791,0.5593409981891782,0.5357142857142857,0.5988023952095809,,False,0.052000000000000046,-0.0659005330240725,-0.10535714285714293,,-0.039461397020402744,month:2026-09|train_n=1066
a82aace5-ba1c-4bf4-b96f-81a5cc724a9c,2026-09-02 19:00:00+00:00,2026-09-01 21:30:40.449013+00:00,Falkirk vs Rangers,Premiership,Over 2.5,1.62,WON,0.6200000000000001,0.6561728395061728,0.5821281273460519,0.5436241610738255,0.6172839506172839,,False,0.06299999999999994,-0.056952433699395844,-0.11932885906040269,,-0.03515582327123201,month:2026-09|train_n=1066
de5bc4f2-1f92-45aa-9c87-953d3d64d849,2026-09-03 00:30:00+00:00,2026-09-01 21:30:40.449018+00:00,Vitoria vs Vasco,Copa Do Brasil,Double Chance 1X,1.33,LOST,-1.0,0.8180451127819549,0.7120897289502063,0.7831325301204819,0.7518796992481203,,False,0.08800000000000008,-0.05292066049622557,0.04156626506024108,,-0.03978997029791398,month:2026-09|train_n=1066
3a64a21a-2a2d-4b29-8169-de374ea7353c,2026-09-03 00:30:00+00:00,2026-09-01 21:30:40.449023+00:00,Vitoria vs Vasco,Copa Do Brasil,Moneyline,2.25,LOST,-1.0,0.5608888888888889,0.49840378666725976,0.5100671140939598,0.4444444444444444,,False,0.262,0.1214085200013344,0.1476510067114094,,0.05395934222281534,month:2026-09|train_n=1066
9be5c462-0e94-4cc9-b8da-4d5f2e1bd2be,2026-09-03 01:00:00+00:00,2026-09-01 21:30:40.449028+00:00,Toluca vs Leon,Leagues Cup,Team Over 1.5,1.67,WON,0.6699999999999999,0.6299401197604791,0.5593409981891782,0.5357142857142857,0.5988023952095809,,False,0.052000000000000046,-0.0659005330240725,-0.10535714285714293,,-0.039461397020402744,month:2026-09|train_n=1066
f2c272fa-8d24-415d-a8aa-2c91101d6367,2026-09-03 01:00:00+00:00,2026-09-01 21:30:40.449034+00:00,Toluca vs Leon,Leagues Cup,Moneyline,1.8,WON,0.8,0.6127777777777778,0.5442901190512955,0.5357142857142857,0.5555555555555556,,False,0.10299999999999998,-0.020277785707668028,-0.0357142857142857,,-0.01126543650426004,month:2026-09|train_n=1066
1015f006-1f45-4851-b999-4ef9fca70fae,2026-09-03 03:30:00+00:00,2026-09-01 21:30:40.449039+00:00,Club America vs Monterrey,Leagues Cup,Team Over 1.5,2.0,LOST,-1.0,0.554,0.49229696241333853,0.5100671140939598,0.5,,False,0.1080000000000001,-0.01540607517332293,0.020134228187919545,,-0.007703037586661465,month:2026-09|train_n=1066
28d69edc-e32e-4caf-91b9-81a0e0d72f4e,2026-09-03 03:30:00+00:00,2026-09-01 21:30:40.449044+00:00,Club America vs Monterrey,Leagues Cup,Moneyline,2.25,LOST,-1.0,0.5288888888888889,0.47006961850632517,0.40298507462686567,0.4444444444444444,,False,0.18999999999999995,0.057656641639231676,-0.09328358208955223,,0.02562517406188075,month:2026-09|train_n=1066
e4f71006-35a1-4a69-9e95-f3bed12cb633,2026-09-03 03:30:00+00:00,2026-09-01 21:30:40.449049+00:00,Club America vs Monterrey,Leagues Cup,Double Chance 1X,1.33,WON,0.33000000000000007,0.7729323308270677,0.6782135122985284,0.76,0.7518796992481203,,False,0.028000000000000025,-0.09797602864295707,0.010800000000000143,,-0.07366618694959182,month:2026-09|train_n=1066
d3f96e31-2f35-42bc-8691-68495bb999e7,2026-09-03 15:55:00+00:00,2026-09-02 21:31:04.303838+00:00,Al Fayha vs Al Kholood,Pro League,BTTS,1.83,LOST,-1.0,0.5672131147540983,0.5040105147015012,0.5100671140939598,0.5464480874316939,,False,0.038000000000000034,-0.07766075809625284,-0.06657718120805356,,-0.042437572730192774,month:2026-09|train_n=1066
6cff6792-064a-47cb-8dbc-530285b32b6a,2026-09-03 15:55:00+00:00,2026-09-02 21:31:04.303861+00:00,Al Fayha vs Al Kholood,Pro League,Over 1.5,1.36,WON,0.3600000000000001,0.7588235294117647,0.6671983231826715,0.76,0.7352941176470588,,False,0.03200000000000003,-0.09261028047156672,0.033600000000000074,,-0.0680957944643873,month:2026-09|train_n=1066
0d3a466d-d871-4edc-bb14-788483e3311a,2026-09-03 17:00:00+00:00,2026-09-02 21:31:04.303869+00:00,Mjallby vs Djurgardens,Allsvenskan,BTTS,1.62,LOST,-1.0,0.6592592592592592,0.5847881868844691,0.5436241610738255,0.6172839506172839,,False,0.06800000000000006,-0.052643137247159966,-0.11932885906040269,,-0.03249576373281482,month:2026-09|train_n=1066
a8e0006e-87c1-43d3-9a05-227965bced54,2026-09-03 17:00:00+00:00,2026-09-02 21:31:04.303875+00:00,Mjallby vs Djurgardens,Allsvenskan,Double Chance 1X,2.05,LOST,-1.0,0.6760975609756099,0.5992098100740821,0.5436241610738255,0.48780487804878053,,False,0.3860000000000001,0.22838011065186836,0.11442953020134228,,0.1114049320253016,month:2026-09|train_n=1066
79cb97af-10cc-40a8-bf32-e618eab06317,2026-09-03 17:00:00+00:00,2026-09-02 21:31:04.303880+00:00,Mjallby vs Djurgardens,Allsvenskan,Moneyline,4.0,LOST,-1.0,0.441,0.39375848822199644,0.28125,0.25,,False,0.764,0.5750339528879858,0.125,,0.14375848822199644,month:2026-09|train_n=1066
abc582e9-758a-46a1-ad09-7dec43c599ff,2026-09-03 18:00:00+00:00,2026-09-02 21:31:04.303887+00:00,Copenhagen vs Nordsjaelland,Superliga,BTTS,1.44,LOST,-1.0,0.7166666666666667,0.6332167879510514,0.7093023255813954,0.6944444444444444,,False,0.03200000000000003,-0.08816782535048606,0.021395348837209394,,-0.06122765649339301,month:2026-09|train_n=1066
191ceee4-6b8e-49e9-8bc6-83acff437b55,2026-09-03 18:00:00+00:00,2026-09-02 21:31:04.303892+00:00,Copenhagen vs Nordsjaelland,Superliga,Team Over 1.5,1.67,WON,0.6699999999999999,0.62874251497006,0.5582939399747626,0.5357142857142857,0.5988023952095809,,False,0.050000000000000044,-0.06764912024214642,-0.10535714285714293,,-0.040508455234818275,month:2026-09|train_n=1066
6c3142a3-fb07-4222-94b9-47172dcaf47f,2026-09-03 18:00:00+00:00,2026-09-02 21:31:04.303898+00:00,Copenhagen vs Nordsjaelland,Superliga,Over 2.5,1.5,LOST,-1.0,0.726,0.6408695403652188,0.7093023255813954,0.6666666666666666,,False,0.08899999999999997,-0.03869568945217172,0.06395348837209314,,-0.025797126301447815,month:2026-09|train_n=1066
d065ac79-2b80-408d-8efa-afca8362df3c,2026-09-03 18:00:00+00:00,2026-09-02 21:31:04.303904+00:00,Copenhagen vs Nordsjaelland,Superliga,Over 3.5,2.2,LOST,-1.0,0.519090909090909,0.4614240874975111,0.40298507462686567,0.45454545454545453,,False,0.1419999999999999,0.015132992494524489,-0.11343283582089547,,0.006878632952056596,month:2026-09|train_n=1066
0101e01f-6868-41ac-a5bd-49ab51956e86,2026-09-03 18:30:00+00:00,2026-09-02 21:31:04.303910+00:00,Anderlecht vs Kortrijk,Jupiler Pro League,Team Over 1.5,1.5,LOST,-1.0,0.6866666666666666,0.6081766800824622,0.5436241610738255,0.6666666666666666,,False,0.030000000000000027,-0.08773497987630674,-0.18456375838926176,,-0.058489986584204456,month:2026-09|train_n=1066
8e443ccd-04f5-4fea-a7c0-d0d205ad3ea5,2026-09-03 18:30:00+00:00,2026-09-02 21:31:04.303917+00:00,Anderlecht vs Kortrijk,Jupiler Pro League,Moneyline,1.48,WON,0.48,0.7162162162162162,0.6328457054940688,0.7093023255813954,0.6756756756756757,,False,0.06000000000000005,-0.06338835586877811,0.04976744186046522,,-0.042829970181606836,month:2026-09|train_n=1066
53dd6b92-2f43-429a-9bf0-50ecfab3ff3b,2026-09-03 18:30:00+00:00,2026-09-02 21:31:04.303936+00:00,FC Basel vs FC Sion,Super League,Double Chance 1X,1.5,LOST,-1.0,0.6866666666666666,0.6081766800824622,0.5436241610738255,0.6666666666666666,,False,0.030000000000000027,-0.08773497987630674,-0.18456375838926176,,-0.058489986584204456,month:2026-09|train_n=1066
c642087b-c71f-4a4f-8c02-71e6646c2539,2026-09-03 18:30:00+00:00,2026-09-02 21:31:04.303942+00:00,FC Basel vs FC Sion,Super League,Moneyline,2.5,LOST,-1.0,0.45,0.4014025719055224,0.35294117647058826,0.4,,False,0.125,0.003506429763806107,-0.11764705882352933,,0.0014025719055223984,month:2026-09|train_n=1066
f1bcb323-a4b5-4a79-97ee-59956b32f56b,2026-09-03 18:30:00+00:00,2026-09-02 21:31:04.303948+00:00,Lugano vs Servette,Super League,Team Over 1.5,1.83,LOST,-1.0,0.5699453551912568,0.506432546830217,0.5100671140939598,0.5464480874316939,,False,0.04299999999999993,-0.07322843930070289,-0.06657718120805356,,-0.04001554060147694,month:2026-09|train_n=1066
c232f8fb-01da-4c28-bf96-43d45ddf8e16,2026-09-03 18:30:00+00:00,2026-09-02 21:31:04.303954+00:00,Lugano vs Servette,Super League,Over 2.5,1.7,LOST,-1.0,0.6241176470588236,0.5542456606604254,0.5357142857142857,0.5882352941176471,,False,0.06099999999999994,-0.05778237687727694,-0.0892857142857143,,-0.033989633457221724,month:2026-09|train_n=1066
9d1d7add-abe5-4c16-aa43-1a235f757c73,2026-09-04 16:30:00+00:00,2026-09-03 21:31:29.940576+00:00,Arminia vs St. Pauli,2. Bundesliga,Team Over 1.5,1.83,WON,0.8300000000000001,0.5770491803278689,0.512728134010113,0.5100671140939598,0.5464480874316939,,False,0.05600000000000005,-0.061707514761493276,-0.06657718120805356,,-0.03371995342158096,month:2026-09|train_n=1066
cca06b21-4699-4e5e-8323-8405cb9bc784,2026-09-04 16:30:00+00:00,2026-09-03 21:31:29.940598+00:00,Arminia vs St. Pauli,2. Bundesliga,Moneyline,2.2,LOST,-1.0,0.484090909090909,0.4307652559585158,0.35294117647058826,0.45454545454545453,,False,0.06499999999999995,-0.052316436891265194,-0.22352941176470575,,-0.02378019858693875,month:2026-09|train_n=1066
9566c13b-3b6b-4ed6-b402-4f13c6108c17,2026-09-04 16:30:00+00:00,2026-09-03 21:31:29.940603+00:00,Arminia vs St. Pauli,2. Bundesliga,Over 2.5,1.62,WON,0.6200000000000001,0.6567901234567901,0.5826605268671495,0.5436241610738255,0.6172839506172839,,False,0.06400000000000006,-0.0560899464752177,-0.11932885906040269,,-0.034623423750134386,month:2026-09|train_n=1066
529b3d62-46ac-4c21-ae7a-c3aac10e3240,2026-09-04 17:00:00+00:00,2026-09-03 21:31:29.940608+00:00,Aalesund vs Start,Eliteserien,Team Over 1.5,1.73,WON,0.73,0.6502890173410405,0.5770439635376852,0.5357142857142857,0.5780346820809249,,False,0.125,-0.0017139430798046584,-0.07321428571428579,,-0.0009907185432397325,month:2026-09|train_n=1066
1628fb47-a425-4a03-80d5-50c6c11c3115,2026-09-04 17:00:00+00:00,2026-09-03 21:31:29.940612+00:00,Aalesund vs Start,Eliteserien,Moneyline,2.15,WON,1.15,0.5479069767441861,0.4868975093172713,0.5100671140939598,0.46511627906976744,,False,0.17800000000000016,0.04682964503213327,0.09664429530201346,,0.02178123024750389,month:2026-09|train_n=1066
3a4a8ec8-f0c7-4927-aab2-bba9a6f99c04,2026-09-04 17:00:00+00:00,2026-09-03 21:31:29.940616+00:00,Aalesund vs Start,Eliteserien,Double Chance 1X,1.4,WON,0.3999999999999999,0.7542857142857143,0.6636155680292861,0.7093023255813954,0.7142857142857143,,False,0.05600000000000005,-0.07093820475899948,-0.006976744186046546,,-0.050670146256428183,month:2026-09|train_n=1066
56676257-5d18-45af-b3db-b28b232c409c,2026-09-04 17:00:00+00:00,2026-09-03 21:31:29.940620+00:00,Aalesund vs Start,Eliteserien,Over 2.5,1.48,LOST,-1.0,0.706081081081081,0.6244554187103474,0.6153846153846154,0.6756756756756757,,False,0.04499999999999993,-0.0758059803086859,-0.08923076923076922,,-0.05122025696532828,month:2026-09|train_n=1066
1ea98cfd-1502-4d1f-83b9-24861f521acb,2026-09-04 17:00:00+00:00,2026-09-03 21:31:29.940623+00:00,Fredrikstad vs Bodo/Glimt,Eliteserien,BTTS,1.7,WON,0.7,0.6788235294117647,0.6015291602311394,0.5436241610738255,0.5882352941176471,,False,0.15399999999999991,0.022599572392937084,-0.07583892617449672,,0.01329386611349237,month:2026-09|train_n=1066
6769935a-fbfb-4634-9090-8461e62eec2d,2026-09-04 17:00:00+00:00,2026-09-03 21:31:29.940628+00:00,Viborg vs Lyngby,Superliga,BTTS,1.53,LOST,-1.0,0.6869281045751633,0.6083975894897196,0.5436241610738255,0.6535947712418301,,False,0.050999999999999934,-0.06915168808072902,-0.16825503355704696,,-0.045197181752110516,month:2026-09|train_n=1066
133cc275-1d26-4383-9b36-0f2b319f599e,2026-09-04 17:00:00+00:00,2026-09-03 21:31:29.940632+00:00,Viborg vs Lyngby,Superliga,Over 2.5,1.53,LOST,-1.0,0.692156862745098,0.6128063461897816,0.5436241610738255,0.6535947712418301,,False,0.05899999999999994,-0.062406290329634184,-0.16825503355704696,,-0.040788425052048494,month:2026-09|train_n=1066
039c0873-4549-44f9-bf19-fa0fb047852b,2026-09-04 18:00:00+00:00,2026-09-03 21:31:29.940637+00:00,Al Ahli vs Al Riyadh,Pro League,Team Over 1.5,1.33,LOST,-1.0,0.8150375939849624,0.7098981920200784,0.7831325301204819,0.7518796992481203,,False,0.08400000000000007,-0.055835404613295614,0.04156626506024108,,-0.04198150722804184,month:2026-09|train_n=1066
97ff0f99-369c-49e9-84fe-2121d7135059,2026-09-04 18:00:00+00:00,2026-09-03 21:31:29.940641+00:00,Al Ahli vs Al Riyadh,Pro League,Moneyline,1.3,LOST,-1.0,0.8146153846153845,0.7095897454173561,0.7831325301204819,0.7692307692307692,,False,0.05899999999999994,-0.07753333095743709,0.01807228915662651,,-0.059641023813413074,month:2026-09|train_n=1066
513e8b9e-063a-46af-aeba-766ac47581c3,2026-09-04 18:00:00+00:00,2026-09-03 21:31:29.940645+00:00,Al Ahli vs Al Riyadh,Pro League,Over 2.5,1.44,WON,0.43999999999999995,0.7506944444444444,0.6607667172644545,0.7093023255813954,0.6944444444444444,,False,0.08099999999999996,-0.0484959271391856,0.021395348837209394,,-0.03367772717998996,month:2026-09|train_n=1066
c49e9342-cf10-44eb-9d22-d02aee5f4efa,2026-09-04 18:00:00+00:00,2026-09-03 21:31:29.940648+00:00,Al Ahli vs Al Riyadh,Pro League,Over 3.5,2.1,WON,1.1,0.5519047619047619,0.490439959276625,0.5100671140939598,0.47619047619047616,,False,0.15900000000000003,0.029923914480912472,0.07114093959731549,,0.014249483086148818,month:2026-09|train_n=1066
2689fac7-685b-403e-9e4d-c55f95e0b8fc,2026-09-04 18:00:00+00:00,2026-09-03 21:31:29.940653+00:00,Al Shabab vs Al Hilal,Pro League,Team Over 1.5,1.3,WON,0.30000000000000004,0.8099999999999999,0.7062053662516001,0.7831325301204819,0.7692307692307692,,False,0.052999999999999936,-0.08193302387291979,0.01807228915662651,,-0.06302540297916903,month:2026-09|train_n=1066
c958ffff-6d97-4a00-a842-82567013d1d6,2026-09-04 18:00:00+00:00,2026-09-03 21:31:29.940657+00:00,Al Shabab vs Al Hilal,Pro League,BTTS,1.62,WON,0.6200000000000001,0.7469135802469135,0.6577548383017231,0.7093023255813954,0.6172839506172839,,False,0.20999999999999996,0.0655628380487916,0.14906976744186062,,0.04047088768443918,month:2026-09|train_n=1066
6142f383-23bb-4506-9beb-c86418320c72,2026-09-04 18:00:00+00:00,2026-09-03 21:31:29.940660+00:00,Al Shabab vs Al Hilal,Pro League,Over 1.5,1.11,WON,0.1100000000000001,0.9450450450450449,0.7950971593789063,0.999999,0.9009009009009008,,False,0.04899999999999993,-0.11744215308941386,0.10999888999999996,,-0.10580374152199445,month:2026-09|train_n=1066
fbce651e-f93a-4ccf-a62a-da011d38eba4,2026-09-04 18:00:00+00:00,2026-09-03 21:31:29.940664+00:00,Al Shabab vs Al Hilal,Pro League,Over 2.5,1.4,WON,0.3999999999999999,0.8342857142857143,0.7237516976057997,0.7831325301204819,0.7142857142857143,,False,0.16799999999999993,0.013252376648119624,0.09638554216867457,,0.009465983320085414,month:2026-09|train_n=1066
1afc9401-fa78-4e16-9534-58f70608c333,2026-09-04 18:00:00+00:00,2026-09-03 21:31:29.940668+00:00,Al Shabab vs Al Hilal,Pro League,Over 3.5,1.91,WON,0.9099999999999999,0.6722513089005236,0.5959297312856395,0.5436241610738255,0.5235602094240838,,False,0.28400000000000003,0.1382257867555714,0.03832214765100672,,0.07236952186155576,month:2026-09|train_n=1066
e794763c-a0a2-44ff-ac77-1a8010cd1813,2026-09-04 18:00:00+00:00,2026-09-03 21:31:29.940672+00:00,Emmen vs Volendam,Eerste Divisie,Double Chance 1X,1.5,WON,0.5,0.714,0.6310176928217051,0.6470588235294118,0.6666666666666666,,False,0.07099999999999995,-0.053473460767442416,-0.02941176470588225,,-0.03564897384496157,month:2026-09|train_n=1066
7d52e6b9-fc38-4299-851d-79267da15465,2026-09-04 18:00:00+00:00,2026-09-03 21:31:29.940677+00:00,Emmen vs Volendam,Eerste Divisie,Moneyline,2.4,WON,1.4,0.485,0.4315559439529493,0.35294117647058826,0.4166666666666667,,False,0.16399999999999992,0.035734265487078254,-0.15294117647058825,,0.014889277286282587,month:2026-09|train_n=1066
a49e9cae-c220-4f97-8f23-d6803b02749f,2026-09-04 18:00:00+00:00,2026-09-03 21:31:29.940680+00:00,Heracles vs De Graafschap,Eerste Divisie,BTTS,1.4,LOST,-1.0,0.8107142857142857,0.7067306440107451,0.7831325301204819,0.7142857142857143,,False,0.135,-0.010577098384956907,0.09638554216867457,,-0.007555070274969156,month:2026-09|train_n=1066
85963fff-296d-429b-94d3-2df0c52dfe35,2026-09-04 18:00:00+00:00,2026-09-03 21:31:29.940684+00:00,Heracles vs De Graafschap,Eerste Divisie,Team Over 1.5,2.62,LOST,-1.0,0.5809160305343511,0.5161534640811783,0.5100671140939598,0.38167938931297707,,False,0.522,0.35232207589268727,0.3363758389261746,,0.13447407476820128,month:2026-09|train_n=1066
4d55254a-a9b8-4285-bd67-3c2bb7833bfc,2026-09-04 18:00:00+00:00,2026-09-03 21:31:29.940688+00:00,Heracles vs De Graafschap,Eerste Divisie,Over 2.5,1.3,WON,0.30000000000000004,0.8538461538461539,0.7374030840393608,0.7831325301204819,0.7692307692307692,,False,0.1100000000000001,-0.041375990748830915,0.01807228915662651,,-0.03182768519140833,month:2026-09|train_n=1066
bb367d99-b1d2-4b9a-8130-b68da69901ad,2026-09-04 18:00:00+00:00,2026-09-03 21:31:29.940692+00:00,Heracles vs De Graafschap,Eerste Divisie,Over 3.5,1.73,WON,0.73,0.6988439306358382,0.6184178063758997,0.6153846153846154,0.5780346820809249,,False,0.20900000000000007,0.06986280503030651,0.06461538461538474,,0.040383124294974815,month:2026-09|train_n=1066
b1e6988e-3429-4697-9329-e360cdb118fb,2026-09-04 18:00:00+00:00,2026-09-03 21:31:29.940696+00:00,Waalwijk vs NAC Breda,Eerste Divisie,Double Chance 1X,1.62,WON,0.6200000000000001,0.643827160493827,0.5714415000234471,0.5357142857142857,0.6172839506172839,,False,0.04299999999999993,-0.0742647699620157,-0.13214285714285712,,-0.04584245059383685,month:2026-09|train_n=1066
01025c76-46d2-4c2f-8be5-d5b3253cd699,2026-09-04 18:00:00+00:00,2026-09-03 21:31:29.940700+00:00,Waalwijk vs NAC Breda,Eerste Divisie,Over 2.5,1.5,WON,0.5,0.71,0.6277088445952895,0.6153846153846154,0.6666666666666666,,False,0.06499999999999995,-0.05843673310706565,-0.07692307692307687,,-0.0389578220713771,month:2026-09|train_n=1066
ceebc4b0-271a-4516-bd3e-2870816cb9f0,2026-09-04 18:00:00+00:00,2026-09-03 21:31:29.940704+00:00,Waalwijk vs NAC Breda,Eerste Divisie,Over 3.5,2.2,WON,1.2000000000000002,0.5059090909090909,0.44983016694902817,0.40298507462686567,0.45454545454545453,,False,0.11299999999999999,-0.010373632712137981,-0.11343283582089547,,-0.004715287596426365,month:2026-09|train_n=1066
eae9e5b9-06c1-4dfb-97a3-73d3e34c5298,2026-09-04 18:00:00+00:00,2026-09-03 21:31:29.940708+00:00,Waalwijk vs NAC Breda,Eerste Divisie,Team Over 1.5,1.91,WON,0.9099999999999999,0.5722513089005236,0.5084764609079061,0.5100671140939598,0.5235602094240838,,False,0.09299999999999997,-0.028809959665899387,-0.025771812080536916,,-0.015083748516177664,month:2026-09|train_n=1066
dc22d8d9-a36c-4c24-bf10-e0b1ae6b288d,2026-09-04 18:45:00+00:00,2026-09-03 21:31:29.940712+00:00,Lommel United vs Club Brugge,Jupiler Pro League,Double Chance 1X,3.75,LOST,-1.0,0.6170666666666667,0.5480600384196123,0.5357142857142857,0.26666666666666666,,False,1.314,1.055225144073546,1.0089285714285712,,0.2813933717529456,month:2026-09|train_n=1066
8e79ec5d-71f0-444e-ab4d-5aa07cd0197c,2026-09-04 18:45:00+00:00,2026-09-03 21:31:29.940716+00:00,Lommel United vs Club Brugge,Jupiler Pro League,Draw,5.5,LOST,-1.0,0.2609090909090909,0.25536736206509725,0.2,0.18181818181818182,,False,0.43500000000000005,0.4045204913580349,0.10000000000000009,,0.07354918024691542,month:2026-09|train_n=1066
a684007d-caf3-4a16-8726-2257abf18c98,2026-09-04 19:00:00+00:00,2026-09-03 21:31:29.940720+00:00,Ipswich vs Liverpool,Premier League,BTTS,1.57,LOST,-1.0,0.6630573248407643,0.5880548000130815,0.5436241610738255,0.6369426751592356,,False,0.040999999999999925,-0.07675396397946199,-0.14651006711409398,,-0.048887875146154114,month:2026-09|train_n=1066
72613976-f765-408d-b9b8-ba5030a2643c,2026-09-04 19:00:00+00:00,2026-09-03 21:31:29.940725+00:00,Sandefjord vs Viking,Eliteserien,BTTS,1.5,WON,0.5,0.6960000000000001,0.6160350833026507,0.6153846153846154,0.6666666666666666,,False,0.04400000000000004,-0.075947375046024,-0.07692307692307687,,-0.050631583364015964,month:2026-09|train_n=1066
b2924ec6-f201-445c-867b-8731f6bbd7ad,2026-09-04 19:00:00+00:00,2026-09-03 21:31:29.940729+00:00,Sandefjord vs Viking,Eliteserien,Over 2.5,1.48,LOST,-1.0,0.6959459459459459,0.6159897409435223,0.6153846153846154,0.6756756756756757,,False,0.030000000000000027,-0.08833518340358693,-0.08923076923076922,,-0.059685934732153334,month:2026-09|train_n=1066
c5b0d2c5-62a6-4157-8079-93fc41a60099,2026-09-04 19:05:00+00:00,2026-09-03 21:31:29.940732+00:00,PSG vs Monaco,Ligue 1,Over 2.5,1.44,WON,0.43999999999999995,0.7166666666666667,0.6332167879510514,0.7093023255813954,0.6944444444444444,,False,0.03200000000000003,-0.08816782535048606,0.021395348837209394,,-0.06122765649339301,month:2026-09|train_n=1066
88143f4f-29cc-401f-a599-22d631d1c4cd,2026-09-04 23:30:00+00:00,2026-09-03 21:31:29.940736+00:00,NYCFC vs Nashville,Major League Soccer,Double Chance 1X,1.5,WON,0.5,0.7093333333333334,0.6271561950190103,0.6153846153846154,0.6666666666666666,,False,0.06400000000000006,-0.05926570747148452,-0.07692307692307687,,-0.03951047164765631,month:2026-09|train_n=1066
cc49b208-07de-435a-a222-9da0820a759c,2026-09-04 23:30:00+00:00,2026-09-03 21:31:29.940740+00:00,NYCFC vs Nashville,Major League Soccer,Moneyline,2.5,LOST,-1.0,0.4468,0.3986789685592689,0.35294117647058826,0.4,,False,0.11699999999999999,-0.0033025786018278103,-0.11764705882352933,,-0.0013210314407311463,month:2026-09|train_n=1066
ab15dc0c-17b6-4455-85a1-5dbfeea82f2f,2026-09-05 03:00:00+00:00,2026-09-03 21:31:29.940744+00:00,Juarez vs Pachuca,Liga MX,Double Chance 1X,1.8,LOST,-1.0,0.6399999999999999,0.5681145798203309,0.5357142857142857,0.5555555555555556,,False,0.1519999999999999,0.022606243676595694,-0.0357142857142857,,0.012559024264775287,month:2026-09|train_n=1066
59284a79-ee09-41aa-a360-49e002b0f404,2026-09-05 11:00:00+00:00,2026-09-04 21:32:24.558400+00:00,Kaiserslautern vs Darmstadt,2. Bundesliga,Moneyline,2.2,WON,1.2000000000000002,0.47909090909090907,0.426422883429165,0.35294117647058826,0.45454545454545453,,False,0.05400000000000005,-0.06186965645583686,-0.22352941176470575,,-0.02812257111628952,month:2026-09|train_n=1066
76905634-3a50-4e11-8627-0b2918d7780a,2026-09-05 11:30:00+00:00,2026-09-04 21:32:24.558420+00:00,Newcastle vs Bournemouth,Premier League,Over 2.5,1.57,WON,0.5700000000000001,0.6598726114649681,0.5853162272922728,0.5436241610738255,0.6369426751592356,,False,0.03600000000000003,-0.08105352315113157,-0.14651006711409398,,-0.0516264478669628,month:2026-09|train_n=1066
d1ff5591-2eff-4d7d-99e2-4eef8af7ef05,2026-09-05 13:00:00+00:00,2026-09-04 21:32:24.558425+00:00,Degerfors vs Halmstad,Allsvenskan,BTTS,1.8,LOST,-1.0,0.6688888888888889,0.5930552134354728,0.5436241610738255,0.5555555555555556,,False,0.20399999999999996,0.06749938418385115,-0.02147651006711404,,0.03749965787991727,month:2026-09|train_n=1066
370de1f2-889d-4ebd-a1b3-8937fd533016,2026-09-05 13:00:00+00:00,2026-09-04 21:32:24.558430+00:00,Degerfors vs Halmstad,Allsvenskan,Team Over 1.5,2.0,WON,1.0,0.598,0.5312642471688466,0.5205479452054794,0.5,,False,0.19599999999999995,0.06252849433769314,0.041095890410958846,,0.03126424716884657,month:2026-09|train_n=1066
0bb89e65-5e56-4e3c-b867-5dd64db35ef3,2026-09-05 13:00:00+00:00,2026-09-04 21:32:24.558435+00:00,Degerfors vs Halmstad,Allsvenskan,Over 1.5,1.28,WON,0.28,0.8546875,0.7379804227041359,0.7831325301204819,0.78125,,False,0.09400000000000008,-0.055385058938706044,0.002409638554216942,,-0.043269577295864114,month:2026-09|train_n=1066
df7ad939-a726-4c17-adfb-93b5b5d571de,2026-09-05 13:00:00+00:00,2026-09-04 21:32:24.558439+00:00,Degerfors vs Halmstad,Allsvenskan,Over 2.5,1.95,LOST,-1.0,0.6707692307692308,0.594663508098065,0.5436241610738255,0.5128205128205129,,False,0.30800000000000005,0.15959384079122674,0.060067114093959706,,0.08184299527755212,month:2026-09|train_n=1066
0320e412-e46b-417b-8d35-ea6eb4559c3b,2026-09-05 13:00:00+00:00,2026-09-04 21:32:24.558442+00:00,Gais vs BK Hacken,Allsvenskan,BTTS,1.5,LOST,-1.0,0.6960000000000001,0.6160350833026507,0.6153846153846154,0.6666666666666666,,False,0.04400000000000004,-0.075947375046024,-0.07692307692307687,,-0.050631583364015964,month:2026-09|train_n=1066
e8e95de0-d4e5-4e34-9ba1-745154720e67,2026-09-05 13:00:00+00:00,2026-09-04 21:32:24.558446+00:00,Gais vs BK Hacken,Allsvenskan,Double Chance 1X,1.4,WON,0.3999999999999999,0.7378571428571429,0.6504888217298141,0.7093023255813954,0.7142857142857143,,False,0.03299999999999992,-0.08931564957826021,-0.006976744186046546,,-0.06379689255590015,month:2026-09|train_n=1066
da9b803d-762d-418c-ac46-ee8d5127c966,2026-09-05 13:00:00+00:00,2026-09-04 21:32:24.558450+00:00,Gais vs BK Hacken,Allsvenskan,Team Over 1.5,1.83,LOST,-1.0,0.6311475409836066,0.5603961046894551,0.5357142857142857,0.5464480874316939,,False,0.15500000000000003,0.025524871581702913,-0.019642857142857184,,0.01394801725776118,month:2026-09|train_n=1066
7f86f8d4-a7b3-4d94-bf82-bd4047728155,2026-09-05 13:00:00+00:00,2026-09-04 21:32:24.558454+00:00,Gais vs BK Hacken,Allsvenskan,Moneyline,2.3,LOST,-1.0,0.5130434782608696,0.4560991867033971,0.40298507462686567,0.4347826086956522,,False,0.17999999999999994,0.049028129417813204,-0.07313432835820899,,0.02131657800774489,month:2026-09|train_n=1066
efed66b4-a507-4dbc-b894-dcad828cf557,2026-09-05 13:00:00+00:00,2026-09-04 21:32:24.558458+00:00,Gais vs BK Hacken,Allsvenskan,Over 1.5,1.17,LOST,-1.0,0.8777777777777778,0.7535027705803997,0.7831325301204819,0.8547008547008548,,False,0.026999999999999913,-0.11840175842093237,-0.08373493975903623,,-0.10119808412045506,month:2026-09|train_n=1066
5a578402-2b15-4679-9307-530229c29e64,2026-09-05 13:00:00+00:00,2026-09-04 21:32:24.558462+00:00,Gais vs BK Hacken,Allsvenskan,Over 2.5,1.6,LOST,-1.0,0.708125,0.6261536713610864,0.6153846153846154,0.625,,False,0.133,0.0018458741777382937,-0.01538461538461533,,0.0011536713610863503,month:2026-09|train_n=1066
4c5d7de6-8d79-4bd4-b4c0-00df172e7859,2026-09-05 13:00:00+00:00,2026-09-04 21:32:24.558465+00:00,Gais vs BK Hacken,Allsvenskan,Over 3.5,2.38,LOST,-1.0,0.4920168067226891,0.4376703091814056,0.35294117647058826,0.42016806722689076,,False,0.17100000000000004,0.0416553358517453,-0.16000000000000003,,0.01750224195451483,month:2026-09|train_n=1066
08bfe78e-589b-4d7a-be41-68f97fb2d7cf,2026-09-05 13:30:00+00:00,2026-09-04 21:32:24.558469+00:00,Paderborn vs Freiburg,Bundesliga,BTTS,1.57,LOST,-1.0,0.6598726114649681,0.5853162272922728,0.5436241610738255,0.6369426751592356,,False,0.03600000000000003,-0.08105352315113157,-0.14651006711409398,,-0.0516264478669628,month:2026-09|train_n=1066
55600b38-9b57-4047-bce6-00053cbb79b7,2026-09-05 13:30:00+00:00,2026-09-04 21:32:24.558474+00:00,Paderborn vs Freiburg,Bundesliga,Double Chance 1X,1.8,LOST,-1.0,0.586111111111111,0.5207529199639142,0.5100671140939598,0.5555555555555556,,False,0.05499999999999994,-0.06264474406495446,-0.08187919463087234,,-0.03480263559164143,month:2026-09|train_n=1066
244f428b-52f8-4e35-97eb-672a63fb9897,2026-09-05 13:30:00+00:00,2026-09-04 21:32:24.558478+00:00,Paderborn vs Freiburg,Bundesliga,Over 2.5,1.67,LOST,-1.0,0.6407185628742516,0.5687396990174848,0.5357142857142857,0.5988023952095809,,False,0.07000000000000006,-0.05020470264080046,-0.10535714285714293,,-0.030062696192096117,month:2026-09|train_n=1066
8ee0fc78-af5c-4819-b6f7-b4c037ea2ce2,2026-09-05 14:00:00+00:00,2026-09-04 21:32:24.558481+00:00,Brighton vs Leeds,Premier League,Moneyline,1.95,LOST,-1.0,0.5471794871794872,0.4862530096242218,0.5100671140939598,0.5128205128205129,,False,0.06699999999999995,-0.05180663123276752,-0.005369127516778427,,-0.026567503196291087,month:2026-09|train_n=1066
4e92531f-3512-406f-bcde-66f560794e6a,2026-09-05 14:00:00+00:00,2026-09-04 21:32:24.558485+00:00,Burnley vs Bristol City,Championship,Double Chance X2,1.91,WON,0.9099999999999999,0.598952879581152,0.5321056415174822,0.5205479452054794,0.5235602094240838,,False,0.14400000000000013,0.01632177529839085,-0.005753424657534367,,0.00854543209339842,month:2026-09|train_n=1066
6e3bba06-ca44-4507-b9b6-6dcb76994139,2026-09-05 14:00:00+00:00,2026-09-04 21:32:24.558489+00:00,Dundee Utd vs Falkirk,Premiership,Double Chance X2,1.83,WON,0.8300000000000001,0.6120218579234973,0.5436251290038832,0.5357142857142857,0.5464480874316939,,False,0.1200000000000001,-0.005166013922893731,-0.019642857142857184,,-0.0028229584278107733,month:2026-09|train_n=1066
c99c0c15-3eef-40a4-9613-3c3ace25c07e,2026-09-05 14:00:00+00:00,2026-09-04 21:32:24.558493+00:00,Erzurumspor vs Konyaspor,Süper Lig,BTTS,1.8,LOST,-1.0,0.6261111111111111,0.5559915116059321,0.5357142857142857,0.5555555555555556,,False,0.127,0.0007847208906777148,-0.0357142857142857,,0.0004359560503764959,month:2026-09|train_n=1066
a6d430f5-266d-4f9f-b8c2-5eba9b9c035b,2026-09-05 14:00:00+00:00,2026-09-04 21:32:24.558497+00:00,Erzurumspor vs Konyaspor,Süper Lig,Double Chance X2,1.62,LOST,-1.0,0.7388888888888889,0.6513202089811494,0.7093023255813954,0.6172839506172839,,False,0.19700000000000006,0.05513873854946216,0.14906976744186062,,0.03403625836386548,month:2026-09|train_n=1066
164c1a3e-b1b2-4ea8-90d5-8b41fff7b0fd,2026-09-05 14:00:00+00:00,2026-09-04 21:32:24.558501+00:00,Erzurumspor vs Konyaspor,Süper Lig,Team Over 1.5,2.75,LOST,-1.0,0.56,0.4976157440455667,0.5100671140939598,0.36363636363636365,,False,0.54,0.36844329612530835,0.40268456375838935,,0.13397938040920304,month:2026-09|train_n=1066
edf94808-afe0-4923-98ab-7f548efd24a7,2026-09-05 14:00:00+00:00,2026-09-04 21:32:24.558505+00:00,Erzurumspor vs Konyaspor,Süper Lig,Moneyline,2.9,LOST,-1.0,0.5,0.4446497704781612,0.40298507462686567,0.3448275862068966,,False,0.44999999999999996,0.2894843343866673,0.16865671641791047,,0.0998221842712646,month:2026-09|train_n=1066
acf0cd70-6ac1-4108-b230-0863a3d3c4e9,2026-09-05 14:00:00+00:00,2026-09-04 21:32:24.558509+00:00,Erzurumspor vs Konyaspor,Süper Lig,Over 1.5,1.33,LOST,-1.0,0.8263157894736841,0.7180652803660502,0.7831325301204819,0.7518796992481203,,False,0.09899999999999998,-0.044973177113153184,0.04156626506024108,,-0.03381441888207004,month:2026-09|train_n=1066
49e914a0-802c-4ce6-a05d-62561d3686d3,2026-09-05 14:00:00+00:00,2026-09-04 21:32:24.558512+00:00,Erzurumspor vs Konyaspor,Süper Lig,Over 2.5,2.08,LOST,-1.0,0.616826923076923,0.5478494459699214,0.5357142857142857,0.4807692307692307,,False,0.2829999999999999,0.1395268476174365,0.11428571428571432,,0.06708021520069063,month:2026-09|train_n=1066
6a397aa5-58b2-46ca-8ef7-ab1206fcda22,2026-09-05 14:00:00+00:00,2026-09-04 21:32:24.558520+00:00,Rangers vs Motherwell,Premiership,BTTS,1.75,LOST,-1.0,0.6388571428571429,0.5671198962841684,0.5357142857142857,0.5714285714285714,,False,0.1180000000000001,-0.007540181502705412,-0.0625,,-0.004308675144403029,month:2026-09|train_n=1066
7280ade2-c5f8-4046-9062-b60e729f4ecc,2026-09-05 14:00:00+00:00,2026-09-04 21:32:24.558524+00:00,Rosenborg vs Ham-Kam,Eliteserien,BTTS,1.8,LOST,-1.0,0.6522222222222221,0.5787162865949047,0.5357142857142857,0.5555555555555556,,False,0.17399999999999993,0.04168931587082847,-0.0357142857142857,,0.023160731039349125,month:2026-09|train_n=1066
3e97dcd6-f09a-43cf-be13-37db26d627b2,2026-09-05 14:00:00+00:00,2026-09-04 21:32:24.558527+00:00,Sheffield Utd vs Norwich,Championship,Moneyline,2.6,LOST,-1.0,0.42000000000000004,0.3761288896664954,0.28125,0.3846153846153846,,False,0.09200000000000008,-0.022064886867111944,-0.26874999999999993,,-0.0084864949488892,month:2026-09|train_n=1066
21495947-4bd7-4c28-9125-3bfe36ad2f33,2026-09-05 14:00:00+00:00,2026-09-04 21:32:24.558532+00:00,West Ham vs Derby,Championship,BTTS,2.0,LOST,-1.0,0.69,0.610989927547136,0.5436241610738255,0.5,,False,0.3799999999999999,0.22197985509427198,0.08724832214765099,,0.11098992754713599,month:2026-09|train_n=1066
38a46ca1-0cf7-42a8-a13f-6cc7a630332b,2026-09-05 14:00:00+00:00,2026-09-04 21:32:24.558535+00:00,West Ham vs Derby,Championship,Over 1.5,1.22,WON,0.21999999999999997,0.8729508196721312,0.7503096330338124,0.7831325301204819,0.819672131147541,,False,0.06499999999999995,-0.08462224769874893,-0.04457831325301209,,-0.06936249811372863,month:2026-09|train_n=1066
79879cde-9d15-463b-83bc-ca5abc1eefb4,2026-09-05 14:00:00+00:00,2026-09-04 21:32:24.558539+00:00,West Ham vs Derby,Championship,Over 2.5,1.73,WON,0.73,0.6947976878612716,0.6150260681896943,0.6153846153846154,0.5780346820809249,,False,0.20199999999999996,0.06399509796817116,0.06461538461538474,,0.0369913861087694,month:2026-09|train_n=1066
391174ea-1a5d-4192-bac9-d0f2cbea6648,2026-09-05 14:30:00+00:00,2026-09-04 21:32:24.558542+00:00,Nijmegen vs Feyenoord,Eredivisie,Over 2.5,1.36,WON,0.3600000000000001,0.7558823529411764,0.6648783401364339,0.7093023255813954,0.7352941176470588,,False,0.028000000000000025,-0.09576545741444986,-0.03534883720930215,,-0.07041577751062489,month:2026-09|train_n=1066
14344bf0-f982-481c-a124-56f0cb4617e9,2026-09-05 15:30:00+00:00,2026-09-04 21:32:24.558546+00:00,Vasteras vs Sirius,Allsvenskan,BTTS,1.53,LOST,-1.0,0.7032679738562092,0.6221130548978336,0.6153846153846154,0.6535947712418301,,False,0.07600000000000007,-0.048167026006314506,-0.05846153846153834,,-0.031481716343996435,month:2026-09|train_n=1066
2da91539-9f9d-431f-bcd8-f7eac99f69c5,2026-09-05 15:30:00+00:00,2026-09-04 21:32:24.558551+00:00,Vasteras vs Sirius,Allsvenskan,Over 1.5,1.17,LOST,-1.0,0.8777777777777778,0.7535027705803997,0.7831325301204819,0.8547008547008548,,False,0.026999999999999913,-0.11840175842093237,-0.08373493975903623,,-0.10119808412045506,month:2026-09|train_n=1066
de86afa8-9d8b-4413-9a4d-6ace6f927f4b,2026-09-05 15:30:00+00:00,2026-09-04 21:32:24.558556+00:00,Vasteras vs Sirius,Allsvenskan,Over 2.5,1.6,LOST,-1.0,0.7018749999999999,0.6209510591719375,0.6153846153846154,0.625,,False,0.123,-0.006478305324900013,-0.01538461538461533,,-0.004048940828062508,month:2026-09|train_n=1066
4d7578ee-61cc-4c65-b8f6-dec7dcf2f6a6,2026-09-05 16:00:00+00:00,2026-09-04 21:32:24.558561+00:00,Brann vs Lillestrom,Eliteserien,Double Chance X2,1.95,WON,0.95,0.597948717948718,0.5312189599428793,0.5205479452054794,0.5128205128205129,,False,0.16599999999999993,0.035876971888614495,0.015068493150684814,,0.01839844712236638,month:2026-09|train_n=1066
e67ff6c3-d6f4-4041-9869-c3d4a9cf058f,2026-09-05 16:00:00+00:00,2026-09-04 21:32:24.558567+00:00,FC Vaduz vs Lausanne,Super League,Double Chance 1X,1.5,WON,0.5,0.786,0.6882423947854704,0.76,0.6666666666666666,,False,0.17900000000000005,0.032363592178205725,0.14000000000000012,,0.021575728118803816,month:2026-09|train_n=1066
6e4b7f44-bb2d-4e60-83b4-a18eb2f69e44,2026-09-05 16:00:00+00:00,2026-09-04 21:32:24.558573+00:00,FC Vaduz vs Lausanne,Super League,Team Over 1.5,1.83,WON,0.8300000000000001,0.6601092896174863,0.5855199333035286,0.5436241610738255,0.5464480874316939,,False,0.20799999999999996,0.07150147794545725,-0.005167785234899358,,0.039071845871834654,month:2026-09|train_n=1066
f3cd65a2-d5d3-455b-9df3-8b42de7078fe,2026-09-05 16:00:00+00:00,2026-09-04 21:32:24.558578+00:00,FC Vaduz vs Lausanne,Super League,Moneyline,2.4,WON,1.4,0.575,0.5109124255574027,0.5100671140939598,0.4166666666666667,,False,0.3799999999999999,0.22618982133776644,0.22416107382550332,,0.094245758890736,month:2026-09|train_n=1066
9499ddb2-fd61-486a-a726-a7b108ff77fd,2026-09-05 16:00:00+00:00,2026-09-04 21:32:24.558583+00:00,FC Vaduz vs Lausanne,Super League,Over 2.5,1.48,WON,0.48,0.6959459459459459,0.6159897409435223,0.6153846153846154,0.6756756756756757,,False,0.030000000000000027,-0.08833518340358693,-0.08923076923076922,,-0.059685934732153334,month:2026-09|train_n=1066
4e078832-429b-44fb-a943-8ae3cbe01421,2026-09-05 16:00:00+00:00,2026-09-04 21:32:24.558589+00:00,Inter vs Napoli,Serie A,BTTS,2.0,WON,1.0,0.558,0.4958426974199572,0.5100671140939598,0.5,,False,0.1160000000000001,-0.008314605160085642,0.020134228187919545,,-0.004157302580042821,month:2026-09|train_n=1066
0dabd882-5f98-45a1-8c47-f15897e95d38,2026-09-05 16:00:00+00:00,2026-09-04 21:32:24.558595+00:00,Inter vs Napoli,Serie A,Over 1.5,1.33,WON,0.33000000000000007,0.7827067669172931,0.6857310808792072,0.76,0.7518796992481203,,False,0.040999999999999925,-0.08797766243065441,0.010800000000000143,,-0.06614861836891306,month:2026-09|train_n=1066
92c8a4bb-e73e-4c00-ae23-f8ac01dc5b1e,2026-09-05 16:00:00+00:00,2026-09-04 21:32:24.558600+00:00,Inter vs Napoli,Serie A,Over 2.5,2.0,WON,1.0,0.553,0.491410635797143,0.5100671140939598,0.5,,False,0.1060000000000001,-0.017178728405713994,0.020134228187919545,,-0.008589364202856997,month:2026-09|train_n=1066
93758cc4-7456-4b03-9f3d-8b6372f03f7b,2026-09-05 16:00:00+00:00,2026-09-04 21:32:24.558605+00:00,Young Boys vs Luzern,Super League,BTTS,1.33,WON,0.33000000000000007,0.8037593984962406,0.7015928369590333,0.7831325301204819,0.7518796992481203,,False,0.06899999999999995,-0.06688152684448567,0.04156626506024108,,-0.050286862289086964,month:2026-09|train_n=1066
92ded6eb-ae3c-4449-8fbb-e889c648ddf6,2026-09-05 16:00:00+00:00,2026-09-04 21:32:24.558611+00:00,Young Boys vs Luzern,Super League,Team Over 1.5,2.2,WON,1.2000000000000002,0.5768181818181817,0.5125234700566229,0.5100671140939598,0.45454545454545453,,False,0.2689999999999997,0.1275516341245706,0.12214765100671165,,0.05797801551116838,month:2026-09|train_n=1066
ab33a000-f724-41ea-a154-e9fb131626c6,2026-09-05 16:00:00+00:00,2026-09-04 21:32:24.558617+00:00,Young Boys vs Luzern,Super League,Over 2.5,1.25,WON,0.25,0.844,0.7305859642174501,0.7831325301204819,0.8,,False,0.05499999999999994,-0.08676754472818726,-0.02108433734939763,,-0.0694140357825499,month:2026-09|train_n=1066
c43b579f-394a-42e0-830a-03221fbac1cb,2026-09-05 16:00:00+00:00,2026-09-04 21:32:24.558623+00:00,Young Boys vs Luzern,Super League,Over 3.5,1.62,WON,0.6200000000000001,0.687037037037037,0.6084896219773458,0.5436241610738255,0.6172839506172839,,False,0.11299999999999999,-0.014246812396699782,-0.11932885906040269,,-0.00879432863993812,month:2026-09|train_n=1066
631e56fd-bc37-4060-b01e-eb553ba4ccca,2026-09-05 16:15:00+00:00,2026-09-04 21:32:24.558628+00:00,Mechelen vs Westerlo,Jupiler Pro League,Over 2.5,1.6,WON,0.6000000000000001,0.65,0.5767937956968988,0.5357142857142857,0.625,,False,0.040000000000000036,-0.0771299268849619,-0.1428571428571428,,-0.048206204303101186,month:2026-09|train_n=1066
cbc2cccb-8bd2-4cf5-a1df-adc346fb085d,2026-09-05 16:30:00+00:00,2026-09-04 21:32:24.558633+00:00,Hull City vs Aston Villa,Premier League,Double Chance 1X,1.91,WON,0.9099999999999999,0.686910994764398,0.6083831334246106,0.5436241610738255,0.5235602094240838,,False,0.31200000000000006,0.1620117848410061,0.03832214765100672,,0.08482292400052682,month:2026-09|train_n=1066
dc0af705-c6e4-4439-8ede-69329bec08eb,2026-09-05 16:30:00+00:00,2026-09-04 21:32:24.558638+00:00,Hull City vs Aston Villa,Premier League,Moneyline,4.2,LOST,-1.0,0.4159523809523809,0.37276670592103045,0.28125,0.23809523809523808,,False,0.7469999999999999,0.5656201648683279,0.18125000000000013,,0.13467146782579237,month:2026-09|train_n=1066
48cbef68-be9c-41d9-b90a-9eaf8010e01a,2026-09-05 16:30:00+00:00,2026-09-04 21:32:24.558642+00:00,Schalke vs Bayern,Bundesliga,BTTS,1.67,LOST,-1.0,0.6371257485029941,0.565611951816598,0.5357142857142857,0.5988023952095809,,False,0.06400000000000006,-0.05542804046628147,-0.10535714285714293,,-0.03319044339298294,month:2026-09|train_n=1066
f03371f3-6129-4d19-a5c1-b83f3038cb10,2026-09-05 16:30:00+00:00,2026-09-04 21:32:24.558646+00:00,Vallecano vs Santander,La Liga,Double Chance 1X,1.33,WON,0.33000000000000007,0.7909774436090226,0.6920170921286142,0.76,0.7518796992481203,,False,0.052000000000000046,-0.07961726746894304,0.010800000000000143,,-0.059862607119506084,month:2026-09|train_n=1066
4bdecc27-716c-4ebd-8fcd-9ee4d4d04360,2026-09-05 16:30:00+00:00,2026-09-04 21:32:24.558650+00:00,Vallecano vs Santander,La Liga,Under 2.5,2.0,LOST,-1.0,0.623,0.5532662505846953,0.5357142857142857,0.5,,False,0.246,0.1065325011693905,0.0714285714285714,,0.05326625058469525,month:2026-09|train_n=1066
68d02dd9-550a-4f27-a41c-2f325bf8477a,2026-09-05 16:30:00+00:00,2026-09-04 21:32:24.558655+00:00,Vallecano vs Santander,La Liga,Moneyline,2.25,WON,1.25,0.49600000000000005,0.44114978626315365,0.40298507462686567,0.4444444444444444,,False,0.1160000000000001,-0.007412980907904321,-0.09328358208955223,,-0.003294658181290766,month:2026-09|train_n=1066
d6274d13-6730-4870-b942-9839086335d6,2026-09-05 16:45:00+00:00,2026-09-04 21:32:24.558659+00:00,Utrecht vs GO Ahead,Eredivisie,BTTS,1.5,WON,0.5,0.6906666666666667,0.6115516977301966,0.5436241610738255,0.6666666666666666,,False,0.03600000000000003,-0.08267245340470519,-0.18456375838926176,,-0.055114968936470055,month:2026-09|train_n=1066
2e686ecb-28ae-43d1-ab63-bca84bf59890,2026-09-05 16:45:00+00:00,2026-09-04 21:32:24.558663+00:00,Utrecht vs GO Ahead,Eredivisie,Over 2.5,1.5,WON,0.5,0.6926666666666667,0.6132352255718916,0.5436241610738255,0.6666666666666666,,False,0.038999999999999924,-0.08014716164216262,-0.18456375838926176,,-0.053431441094775045,month:2026-09|train_n=1066
a69698b7-9aaa-4b6c-b71a-75177c4fc172,2026-09-05 16:45:00+00:00,2026-09-04 21:32:24.558666+00:00,Utrecht vs GO Ahead,Eredivisie,Team Over 1.5,1.73,WON,0.73,0.6,0.5330300399925362,0.5205479452054794,0.5780346820809249,,False,0.038000000000000034,-0.07785803081291243,-0.09945205479452057,,-0.045004642088388724,month:2026-09|train_n=1066
0fe5556a-e598-4705-b6be-60ba06390f1e,2026-09-05 17:00:00+00:00,2026-09-04 21:32:24.558671+00:00,Fenerbahçe vs Beşiktaş,Süper Lig,BTTS,1.67,WON,0.6699999999999999,0.6359281437125749,0.5645681944738912,0.5357142857142857,0.5988023952095809,,False,0.062000000000000055,-0.05717111522860174,-0.10535714285714293,,-0.034234200735689724,month:2026-09|train_n=1066
4f823317-650f-4034-8854-1c95edadc261,2026-09-05 17:00:00+00:00,2026-09-04 21:32:24.558675+00:00,Fenerbahçe vs Beşiktaş,Süper Lig,Over 1.5,1.22,WON,0.21999999999999997,0.8401639344262295,0.7278999736832282,0.7831325301204819,0.819672131147541,,False,0.02499999999999991,-0.1119620321064616,-0.04457831325301209,,-0.09177215746431278,month:2026-09|train_n=1066
f0494f3f-8034-46c9-84cc-dc0569dca928,2026-09-05 17:00:00+00:00,2026-09-04 21:32:24.558678+00:00,Fenerbahçe vs Beşiktaş,Süper Lig,Over 2.5,1.7,WON,0.7,0.6311764705882353,0.5604213782039729,0.5357142857142857,0.5882352941176471,,False,0.07299999999999995,-0.04728365705324611,-0.0892857142857143,,-0.027813915913674214,month:2026-09|train_n=1066
84332b3b-91c4-4b3c-9a88-92cbf96b9948,2026-09-05 18:30:00+00:00,2026-09-04 21:32:24.558682+00:00,Grasshoppers vs Zurich,Super League,BTTS,1.57,WON,0.5700000000000001,0.664968152866242,0.5896953418889871,0.5436241610738255,0.6369426751592356,,False,0.04400000000000004,-0.07417831323429025,-0.14651006711409398,,-0.04724733327024855,month:2026-09|train_n=1066
ff084c14-b709-4ba3-b69c-44e3a216eae5,2026-09-05 18:30:00+00:00,2026-09-04 21:32:24.558687+00:00,Grasshoppers vs Zurich,Super League,Over 2.5,1.67,WON,0.6699999999999999,0.6497005988023952,0.5765345982600845,0.5357142857142857,0.5988023952095809,,False,0.08499999999999996,-0.03718722090565896,-0.10535714285714293,,-0.022267796949496432,month:2026-09|train_n=1066
bf861d3f-3b02-4c56-8f80-e33c86afcb06,2026-09-05 18:45:00+00:00,2026-09-04 21:32:24.558690+00:00,Nice vs Le Mans,Ligue 1,BTTS,1.75,WON,0.75,0.6017142857142856,0.5345429200297008,0.5205479452054794,0.5714285714285714,,False,0.052999999999999936,-0.06454988994802358,-0.08904109589041098,,-0.03688565139887057,month:2026-09|train_n=1066
51cf125b-221f-4d7f-b542-2381df1510e4,2026-09-05 18:45:00+00:00,2026-09-04 21:32:24.558694+00:00,Nice vs Le Mans,Ligue 1,Over 1.5,1.28,WON,0.28,0.8007812499999999,0.6993770320711642,0.7831325301204819,0.78125,,False,0.02499999999999991,-0.10479739894890983,0.002409638554216942,,-0.0818729679288358,month:2026-09|train_n=1066
4b6d30ce-12b9-4c53-9aa1-8b0c6aadf5d6,2026-09-05 18:45:00+00:00,2026-09-04 21:32:24.558698+00:00,Nice vs Le Mans,Ligue 1,Over 2.5,1.91,LOST,-1.0,0.5811518324607331,0.5163622961214552,0.5100671140939598,0.5235602094240838,,False,0.1100000000000001,-0.013748014408020537,-0.025771812080536916,,-0.007197913302628534,month:2026-09|train_n=1066
767f6dd2-b44f-41b3-9b0a-a45393b6769b,2026-09-05 18:45:00+00:00,2026-09-04 21:32:24.558701+00:00,Standard vs Antwerp,Jupiler Pro League,Double Chance X2,1.67,LOST,-1.0,0.6341317365269461,0.5630014876373086,0.5357142857142857,0.5988023952095809,,False,0.05899999999999994,-0.05978751564569462,-0.10535714285714293,,-0.03580090757227228,month:2026-09|train_n=1066
12ae4b97-236d-4e00-b2fb-5bd4997c9680,2026-09-05 18:45:00+00:00,2026-09-04 21:32:24.558710+00:00,Standard vs Antwerp,Jupiler Pro League,Under 2.5,2.0,WON,1.0,0.583,0.5179988755148419,0.5100671140939598,0.5,,False,0.16599999999999993,0.03599775102968383,0.020134228187919545,,0.017998875514841917,month:2026-09|train_n=1066
18da724d-6ad5-4151-ba3b-835857b1cc0b,2026-09-05 19:00:00+00:00,2026-09-04 21:32:24.558713+00:00,Bragantino vs Bahia,Serie A,BTTS,1.7,WON,0.7,0.6358823529411765,0.5645282746827215,0.5357142857142857,0.5882352941176471,,False,0.08099999999999996,-0.04030193303937346,-0.0892857142857143,,-0.02370701943492559,month:2026-09|train_n=1066
fe88aaaa-6312-40cd-91e5-1767cd048a83,2026-09-05 19:00:00+00:00,2026-09-04 21:32:24.558717+00:00,Bragantino vs Bahia,Serie A,Over 1.5,1.28,WON,0.28,0.8257812499999999,0.717681360227658,0.7831325301204819,0.78125,,False,0.05699999999999994,-0.08136785890859766,0.002409638554216942,,-0.06356863977234195,month:2026-09|train_n=1066
82b6ce01-ba42-4396-b5a6-e9ad6a8c5dc7,2026-09-05 19:00:00+00:00,2026-09-04 21:32:24.558721+00:00,Bragantino vs Bahia,Serie A,Over 2.5,1.85,WON,0.8500000000000001,0.6167567567567568,0.547787808137828,0.5357142857142857,0.5405405405405405,,False,0.14100000000000001,0.013407445054981926,-0.008928571428571397,,0.007247267597287554,month:2026-09|train_n=1066
f84b1a2b-3a38-4e6f-a3cd-d3ae11c9c14e,2026-09-05 19:00:00+00:00,2026-09-04 21:32:24.558725+00:00,Willem II vs Excelsior,Eredivisie,BTTS,1.53,LOST,-1.0,0.7150326797385621,0.6318699548017571,0.6470588235294118,0.6535947712418301,,False,0.09400000000000008,-0.03323896915331159,-0.009999999999999898,,-0.021724816440072958,month:2026-09|train_n=1066
2d39eab0-3bce-4670-b982-bd8ce6dffbc8,2026-09-05 19:00:00+00:00,2026-09-04 21:32:24.558729+00:00,Willem II vs Excelsior,Eredivisie,Team Over 1.5,1.91,WON,0.9099999999999999,0.6329842931937173,0.562000103538809,0.5357142857142857,0.5235602094240838,,False,0.20900000000000007,0.07342019775912512,0.023214285714285632,,0.03843989411472526,month:2026-09|train_n=1066
65ded832-a73b-4690-8cc3-e59870ebe457,2026-09-05 19:00:00+00:00,2026-09-04 21:32:24.558762+00:00,Willem II vs Excelsior,Eredivisie,Moneyline,2.3,WON,1.2999999999999998,0.49478260869565216,0.440085717040552,0.40298507462686567,0.4347826086956522,,False,0.1379999999999999,0.01219714919326953,-0.07313432835820899,,0.005303108344899776,month:2026-09|train_n=1066
d4d410c0-b57e-453b-be76-23292357bf5c,2026-09-05 19:00:00+00:00,2026-09-04 21:32:24.558767+00:00,Willem II vs Excelsior,Eredivisie,Over 1.5,1.18,WON,0.17999999999999994,0.8847457627118644,0.7580635529524821,0.8235294117647058,0.8474576271186441,,False,0.04400000000000004,-0.10548500751607126,-0.028235294117647136,,-0.08939407416616207,month:2026-09|train_n=1066
d985826a-3c41-4564-b8d0-86f0553df734,2026-09-05 19:00:00+00:00,2026-09-04 21:32:24.558774+00:00,Willem II vs Excelsior,Eredivisie,Over 2.5,1.62,WON,0.6200000000000001,0.7259259259259259,0.6408090796383509,0.7093023255813954,0.6172839506172839,,False,0.17599999999999993,0.038110709014128386,0.14906976744186062,,0.02352512902106696,month:2026-09|train_n=1066
34ad8149-70dc-45d7-a8a2-696ff2a29287,2026-09-05 19:00:00+00:00,2026-09-04 21:32:24.558778+00:00,Willem II vs Excelsior,Eredivisie,Over 3.5,2.5,LOST,-1.0,0.5192,0.4615202291132808,0.40298507462686567,0.4,,False,0.29800000000000004,0.15380057278320192,0.00746268656716409,,0.061520229113280755,month:2026-09|train_n=1066
2e237c14-6e8c-4720-b32f-f5f07c0a9841,2026-09-05 21:30:00+00:00,2026-09-04 21:32:24.558781+00:00,Sao Paulo vs Atletico-MG,Serie A,Moneyline,2.15,WON,1.15,0.49581395348837215,0.4409871357866703,0.40298507462686567,0.46511627906976744,,False,0.06600000000000006,-0.05187765805865885,-0.13358208955223883,,-0.02412914328309712,month:2026-09|train_n=1066
018f0765-bb0c-4d92-822d-43eca3c32eef,2026-09-05 23:30:00+00:00,2026-09-04 21:32:24.558791+00:00,Charlotte vs Houston,Major League Soccer,BTTS,1.57,LOST,-1.0,0.7031847133757962,0.6220436396363898,0.6153846153846154,0.6369426751592356,,False,0.10400000000000009,-0.023391485770868026,-0.03384615384615375,,-0.014899035522845883,month:2026-09|train_n=1066
c967d5b9-a6f4-4f4a-9488-e7680ae94e7f,2026-09-05 23:30:00+00:00,2026-09-04 21:32:24.558795+00:00,Charlotte vs Houston,Major League Soccer,Team Over 1.5,1.91,LOST,-1.0,0.6277486910994765,0.5574246520003779,0.5357142857142857,0.5235602094240838,,False,0.19900000000000007,0.06468108532072181,0.023214285714285632,,0.033864442576294174,month:2026-09|train_n=1066
dd96b162-43dc-41ce-b08a-730d332da0d2,2026-09-05 23:30:00+00:00,2026-09-04 21:32:24.558799+00:00,Charlotte vs Houston,Major League Soccer,Moneyline,2.25,LOST,-1.0,0.5017777777777778,0.4462071047061285,0.40298507462686567,0.4444444444444444,,False,0.129,0.003965985588789245,-0.09328358208955223,,0.0017626602616840903,month:2026-09|train_n=1066
00b937da-9e18-4a80-b276-b9595351ad62,2026-09-05 23:30:00+00:00,2026-09-04 21:32:24.558804+00:00,Charlotte vs Houston,Major League Soccer,Over 1.5,1.2,LOST,-1.0,0.8841666666666667,0.7576867131435575,0.8235294117647058,0.8333333333333334,,False,0.06099999999999994,-0.09077594422773105,-0.01176470588235301,,-0.07564662018977586,month:2026-09|train_n=1066
2b1fbef9-cf1f-4bc0-aea4-1b88a59c12ca,2026-09-05 23:30:00+00:00,2026-09-04 21:32:24.558808+00:00,Charlotte vs Houston,Major League Soccer,Over 2.5,1.7,LOST,-1.0,0.7129411764705882,0.630143005063703,0.6470588235294118,0.5882352941176471,,False,0.21199999999999997,0.07124310860829519,0.10000000000000009,,0.04190771094605594,month:2026-09|train_n=1066
90a976e8-ef7a-4cf0-8293-c23ad869e889,2026-09-05 23:30:00+00:00,2026-09-04 21:32:24.558812+00:00,Charlotte vs Houston,Major League Soccer,Over 3.5,2.62,LOST,-1.0,0.5080152671755724,0.4516793078575938,0.40298507462686567,0.38167938931297707,,False,0.33099999999999974,0.1833997865868957,0.055820895522388,,0.06999991854461673,month:2026-09|train_n=1066
21d03524-4734-4fe0-9aad-696999c7281c,2026-09-05 23:30:00+00:00,2026-09-04 21:32:24.558819+00:00,Orlando City vs San Diego,Major League Soccer,Over 2.5,1.36,LOST,-1.0,0.763235294117647,0.6706631264716396,0.76,0.7352941176470588,,False,0.038000000000000034,-0.0878981479985701,0.033600000000000074,,-0.06463099117541915,month:2026-09|train_n=1066
95a9106d-d850-49c7-9e95-b2773dfd6c9a,2026-09-05 23:30:00+00:00,2026-09-04 21:32:24.558824+00:00,Orlando City vs San Diego,Major League Soccer,Over 3.5,1.83,LOST,-1.0,0.56775956284153,0.504494939823921,0.5100671140939598,0.5464480874316939,,False,0.038999999999999924,-0.07677426012222455,-0.06657718120805356,,-0.04195314760777291,month:2026-09|train_n=1066
c5ef23a6-5075-43db-8688-51075b0cd1a7,2026-09-05 23:30:00+00:00,2026-09-04 21:32:24.558827+00:00,Philadelphia vs Montreal,Major League Soccer,BTTS,1.62,LOST,-1.0,0.687037037037037,0.6084896219773458,0.5436241610738255,0.6172839506172839,,False,0.11299999999999999,-0.014246812396699782,-0.11932885906040269,,-0.00879432863993812,month:2026-09|train_n=1066
cfa9033f-73f9-49c9-9233-537f3d39e51f,2026-09-05 23:30:00+00:00,2026-09-04 21:32:24.558832+00:00,Philadelphia vs Montreal,Major League Soccer,Over 2.5,1.44,LOST,-1.0,0.7347222222222223,0.6479570802334276,0.7093023255813954,0.6944444444444444,,False,0.05800000000000005,-0.06694180446386433,0.021395348837209394,,-0.046487364211016846,month:2026-09|train_n=1066
e1804d5d-74f2-4d1b-b5f4-e7b6b9e10292,2026-09-05 23:30:00+00:00,2026-09-04 21:32:24.558835+00:00,Philadelphia vs Montreal,Major League Soccer,Over 3.5,2.1,LOST,-1.0,0.5328571428571428,0.4735765351484301,0.40298507462686567,0.47619047619047616,,False,0.119,-0.0054892761882967545,-0.15373134328358207,,-0.002613941042046042,month:2026-09|train_n=1066
a4a02a30-84dc-4b0a-8add-c8fce103af1a,2026-09-05 23:30:00+00:00,2026-09-04 21:32:24.558839+00:00,Toronto vs Chicago,Major League Soccer,Over 2.5,1.57,WON,0.5700000000000001,0.6598726114649681,0.5853162272922728,0.5436241610738255,0.6369426751592356,,False,0.03600000000000003,-0.08105352315113157,-0.14651006711409398,,-0.0516264478669628,month:2026-09|train_n=1066
fc26587a-06a4-4b73-b197-c9351a67ca2d,2026-09-06 00:00:00+00:00,2026-09-04 21:32:24.558843+00:00,Fluminense vs Vasco,Serie A,BTTS,1.95,LOST,-1.0,0.6241025641025642,0.5542324460366007,0.5357142857142857,0.5128205128205129,,False,0.21700000000000008,0.08075326977137132,0.044642857142856984,,0.041411933216087826,month:2026-09|train_n=1066
cda2a9d1-31a0-4eac-9104-27dfae022761,2026-09-06 00:00:00+00:00,2026-09-04 21:32:24.558847+00:00,Fluminense vs Vasco,Serie A,Team Over 1.5,1.91,LOST,-1.0,0.5790575916230367,0.5145073928323242,0.5100671140939598,0.5235602094240838,,False,0.1060000000000001,-0.017290879690260885,-0.025771812080536916,,-0.009052816591759605,month:2026-09|train_n=1066
b6b3db8a-166a-421c-a7c0-861bf4395716,2026-09-06 00:00:00+00:00,2026-09-04 21:32:24.558850+00:00,Fluminense vs Vasco,Serie A,Over 1.5,1.33,LOST,-1.0,0.8300751879699249,0.7207563992559031,0.7831325301204819,0.7518796992481203,,False,0.10400000000000009,-0.041393988989648856,0.04156626506024108,,-0.03112329999221719,month:2026-09|train_n=1066
dcd151eb-0986-4346-9b9b-eaef5ebab872,2026-09-06 00:00:00+00:00,2026-09-04 21:32:24.558854+00:00,Fluminense vs Vasco,Serie A,Over 2.5,2.05,LOST,-1.0,0.6229268292682927,0.5532021155206917,0.5357142857142857,0.48780487804878053,,False,0.2769999999999999,0.1340643368174177,0.09821428571428559,,0.06539723747191112,month:2026-09|train_n=1066
0ab81750-b9df-45c6-85fa-81f25a846769,2026-09-06 00:30:00+00:00,2026-09-04 21:32:24.558858+00:00,Austin vs San Jose,Major League Soccer,BTTS,1.5,WON,0.5,0.7273333333333333,0.641957066780067,0.7093023255813954,0.6666666666666666,,False,0.09099999999999997,-0.0370643998298994,0.06395348837209314,,-0.024709599886599598,month:2026-09|train_n=1066
ac403277-d861-4857-ac32-ab804ee368f8,2026-09-06 00:30:00+00:00,2026-09-04 21:32:24.558862+00:00,Austin vs San Jose,Major League Soccer,Double Chance X2,1.67,WON,0.6699999999999999,0.7089820359281437,0.6268648446801228,0.6153846153846154,0.5988023952095809,,False,0.18399999999999994,0.04686429061580499,0.027692307692307683,,0.028062449470541928,month:2026-09|train_n=1066
e17e7134-ae87-485d-b4ea-4fcc35bb0055,2026-09-06 00:30:00+00:00,2026-09-04 21:32:24.558866+00:00,Austin vs San Jose,Major League Soccer,Over 1.5,1.17,WON,0.16999999999999993,0.8965811965811966,0.76567765249091,0.8571428571428571,0.8547008547008548,,False,0.04899999999999993,-0.10415714658563535,0.0028571428571426694,,-0.08902320220994475,month:2026-09|train_n=1066
dd3ebdc7-89dd-4ec4-a05e-f7863840b9e8,2026-09-06 00:30:00+00:00,2026-09-04 21:32:24.558870+00:00,Austin vs San Jose,Major League Soccer,Over 2.5,1.53,LOST,-1.0,0.7398692810457517,0.6521093624911068,0.7093023255813954,0.6535947712418301,,False,0.13200000000000012,-0.0022726753886065376,0.08523255813953501,,-0.0014854087507232272,month:2026-09|train_n=1066
259327fa-4ab5-49aa-abfa-2c819fb8151f,2026-09-06 00:30:00+00:00,2026-09-04 21:32:24.558874+00:00,Austin vs San Jose,Major League Soccer,Over 3.5,2.25,LOST,-1.0,0.5422222222222222,0.48186258229922563,0.5100671140939598,0.4444444444444444,,False,0.21999999999999975,0.08419081017325758,0.1476510067114094,,0.03741813785478121,month:2026-09|train_n=1066
246d36ac-e456-4464-bf0c-d4e48d8ccd70,2026-09-06 00:30:00+00:00,2026-09-04 21:32:24.558878+00:00,Austin vs San Jose,Major League Soccer,Team Over 1.5,2.1,LOST,-1.0,0.6409523809523809,0.5689430636967383,0.5357142857142857,0.47619047619047616,,False,0.3460000000000001,0.19478043376315046,0.125,,0.09275258750626214,month:2026-09|train_n=1066
c7fe5d0d-ae76-4d61-ba84-0049283a49f4,2026-09-06 00:30:00+00:00,2026-09-04 21:32:24.558882+00:00,Austin vs San Jose,Major League Soccer,Moneyline,3.0,LOST,-1.0,0.49,0.43591086229041154,0.35294117647058826,0.3333333333333333,,False,0.47,0.3077325868712346,0.05882352941176472,,0.10257752895707822,month:2026-09|train_n=1066
4342ec48-f8e1-4bf8-9126-8ef7abefb4bc,2026-09-06 00:30:00+00:00,2026-09-04 21:32:24.558886+00:00,Dallas vs Kansas City,Major League Soccer,BTTS,1.62,WON,0.6200000000000001,0.7222222222222221,0.6377803736434893,0.7093023255813954,0.6172839506172839,,False,0.16999999999999993,0.033204205302452605,0.14906976744186062,,0.020496423026205357,month:2026-09|train_n=1066
bddd5c57-c738-4db2-9219-de25a5259ed0,2026-09-06 00:30:00+00:00,2026-09-04 21:32:24.558890+00:00,Dallas vs Kansas City,Major League Soccer,Over 2.5,1.44,WON,0.43999999999999995,0.7611111111111112,0.6689971742767579,0.76,0.6944444444444444,,False,0.09600000000000009,-0.03664406904146866,0.09440000000000004,,-0.025447270167686553,month:2026-09|train_n=1066
869d945d-bbc3-40f9-9fc4-f45d7d2b3d49,2026-09-06 00:30:00+00:00,2026-09-04 21:32:24.558893+00:00,Dallas vs Kansas City,Major League Soccer,Over 3.5,2.1,WON,1.1,0.5619047619047619,0.49930441628861066,0.5100671140939598,0.47619047619047616,,False,0.18000000000000016,0.048539274206082395,0.07114093959731549,,0.0231139400981345,month:2026-09|train_n=1066
d19cd0fa-4758-4366-be84-43d45873906b,2026-09-06 00:30:00+00:00,2026-09-04 21:32:24.558897+00:00,Seattle vs NY Red Bulls,Major League Soccer,BTTS,1.4,LOST,-1.0,0.7671428571428572,0.6737165509471633,0.76,0.7142857142857143,,False,0.07400000000000007,-0.0567968286739714,0.06399999999999983,,-0.040569163338550984,month:2026-09|train_n=1066
deb0eb04-c26f-4776-8897-d3392d13eae3,2026-09-06 00:30:00+00:00,2026-09-04 21:32:24.558901+00:00,Seattle vs NY Red Bulls,Major League Soccer,Team Over 1.5,2.2,LOST,-1.0,0.5818181818181818,0.5169524005250207,0.5100671140939598,0.45454545454545453,,False,0.28,0.13729528115504563,0.12214765100671165,,0.06240694597956614,month:2026-09|train_n=1066
cc510527-3876-4511-86e1-03634472c350,2026-09-06 00:30:00+00:00,2026-09-04 21:32:24.558904+00:00,Seattle vs NY Red Bulls,Major League Soccer,Over 2.5,1.4,LOST,-1.0,0.7807142857142857,0.6842063710488203,0.76,0.7142857142857143,,False,0.09299999999999997,-0.04211108053165158,0.06399999999999983,,-0.030079343236893985,month:2026-09|train_n=1066
17f7511b-dc46-4e60-a00a-a6ca34a4eb1f,2026-09-06 00:30:00+00:00,2026-09-04 21:32:24.558908+00:00,Seattle vs NY Red Bulls,Major League Soccer,Over 3.5,1.91,LOST,-1.0,0.5979057591623036,0.5311810226038155,0.5205479452054794,0.5235602094240838,,False,0.1419999999999999,0.014555753173287611,-0.005753424657534367,,0.0076208131797317336,month:2026-09|train_n=1066
1cb9ce8b-dc83-4b71-9ba5-094aa9fd1b29,2026-09-06 01:00:00+00:00,2026-09-04 21:32:24.558928+00:00,Tigres vs Necaxa,Liga MX,Double Chance 1X,1.17,WON,0.16999999999999993,0.888034188034188,0.7601958817345016,0.8235294117647058,0.8547008547008548,,False,0.038999999999999924,-0.1105708183706332,-0.036470588235294255,,-0.09450497296635318,month:2026-09|train_n=1066
aec20f43-f276-483f-854d-c3103f51025d,2026-09-06 01:00:00+00:00,2026-09-04 21:32:24.558932+00:00,Tigres vs Necaxa,Liga MX,Moneyline,1.6,LOST,-1.0,0.6968749999999999,0.6167687816585606,0.6153846153846154,0.625,,False,0.11499999999999999,-0.01316994934630289,-0.01538461538461533,,-0.008231218341439361,month:2026-09|train_n=1066
397bf992-3a72-4e93-90b3-2c0658b14f7c,2026-09-06 01:30:00+00:00,2026-09-04 21:32:24.558935+00:00,LA Galaxy vs New England,Major League Soccer,Double Chance X2,1.53,LOST,-1.0,0.7,0.6193847736434822,0.6153846153846154,0.6535947712418301,,False,0.07099999999999995,-0.05234129632547224,-0.05846153846153834,,-0.03420999759834786,month:2026-09|train_n=1066
b3707e3a-e4c7-41d8-86fb-ebd0690b23db,2026-09-06 01:30:00+00:00,2026-09-04 21:32:24.558940+00:00,LA Galaxy vs New England,Major League Soccer,Team Over 1.5,2.0,LOST,-1.0,0.579,0.5144563771105339,0.5100671140939598,0.5,,False,0.15799999999999992,0.02891275422106787,0.020134228187919545,,0.014456377110533936,month:2026-09|train_n=1066
cb4ddb9a-30c1-4c39-b16c-c98216b078c0,2026-09-06 01:30:00+00:00,2026-09-04 21:32:24.558944+00:00,LA Galaxy vs New England,Major League Soccer,Moneyline,2.7,LOST,-1.0,0.48,0.4272115827691263,0.35294117647058826,0.37037037037037035,,False,0.29600000000000004,0.15347127347664102,-0.0470588235294116,,0.05684121239875595,month:2026-09|train_n=1066
87651703-5325-4402-a5e6-a3db1ba9105e,2026-09-06 01:30:00+00:00,2026-09-04 21:32:24.558947+00:00,Salt Lake vs LAFC,Major League Soccer,Moneyline,2.6,LOST,-1.0,0.44307692307692303,0.3955180446821556,0.28125,0.3846153846153846,,False,0.1519999999999999,0.02834691617360474,-0.26874999999999993,,0.010902660066771042,month:2026-09|train_n=1066
a744c466-1d40-4955-88f0-ae2336f16d06,2026-09-06 02:30:00+00:00,2026-09-04 21:32:24.558951+00:00,Portland vs Minnesota,Major League Soccer,BTTS,1.5,WON,0.5,0.7366666666666667,0.6495283907215834,0.7093023255813954,0.6666666666666666,,False,0.10499999999999998,-0.025707413917624877,0.06395348837209314,,-0.017138275945083215,month:2026-09|train_n=1066
0997e6cb-be41-4bf2-b5f2-702068c47c5f,2026-09-06 02:30:00+00:00,2026-09-04 21:32:24.558955+00:00,Portland vs Minnesota,Major League Soccer,Over 1.5,1.17,WON,0.16999999999999993,0.9034188034188034,0.770000033591292,0.8571428571428571,0.8547008547008548,,False,0.05699999999999994,-0.09909996069818838,0.0028571428571426694,,-0.08470082110956278,month:2026-09|train_n=1066
c2efbdf2-ce24-40c0-bf00-6a79cc051878,2026-09-06 02:30:00+00:00,2026-09-04 21:32:24.558958+00:00,Portland vs Minnesota,Major League Soccer,Over 2.5,1.53,WON,0.53,0.7477124183006537,0.6583922719312879,0.7093023255813954,0.6535947712418301,,False,0.14400000000000013,0.007340176054870584,0.08523255813953501,,0.004797500689457834,month:2026-09|train_n=1066
87ca1849-398e-4814-b18c-a9db68e7b747,2026-09-06 02:30:00+00:00,2026-09-04 21:32:24.558962+00:00,Portland vs Minnesota,Major League Soccer,Over 3.5,2.25,WON,1.25,0.5502222222222222,0.4889489180268711,0.5100671140939598,0.4444444444444444,,False,0.238,0.10013506556046003,0.1476510067114094,,0.04450447358242671,month:2026-09|train_n=1066
74795a63-2a99-4a87-a4f4-9ae1014239db,2026-09-06 02:30:00+00:00,2026-09-04 21:32:24.558966+00:00,Portland vs Minnesota,Major League Soccer,Team Over 1.5,1.73,WON,0.73,0.6352601156069364,0.5639857336564326,0.5357142857142857,0.5780346820809249,,False,0.09899999999999998,-0.024304680774371645,-0.07321428571428579,,-0.014048948424492336,month:2026-09|train_n=1066
4ea5af63-d614-465e-8e98-7cbde1f5bec7,2026-09-06 03:00:00+00:00,2026-09-04 21:32:24.558970+00:00,Atlas vs Atlante,Liga MX,BTTS,1.67,WON,0.6699999999999999,0.6281437125748502,0.5577702158345215,0.5357142857142857,0.5988023952095809,,False,0.04899999999999993,-0.06852373955634916,-0.10535714285714293,,-0.04103217937505943,month:2026-09|train_n=1066
5c396671-b5a0-49a9-b46c-0469f1b14532,2026-09-06 03:00:00+00:00,2026-09-04 21:32:24.558973+00:00,Atlas vs Atlante,Liga MX,Over 2.5,1.85,LOST,-1.0,0.5989189189189189,0.5320756573017911,0.5205479452054794,0.5405405405405405,,False,0.1080000000000001,-0.015660033991686473,-0.03698630136986303,,-0.008464883238749388,month:2026-09|train_n=1066
f16b9d01-4dee-4e55-9e1c-687fb34cddbb,2026-09-06 11:00:00+00:00,2026-09-06 03:32:01.891359+00:00,Birmingham vs Wolves,Championship,BTTS,1.8,WON,0.8,0.6311111111111112,0.5603642783367772,0.5357142857142857,0.5555555555555556,,False,0.13600000000000012,0.008655701006198946,-0.0357142857142857,,0.004808722781221575,month:2026-09|train_n=1066
c1174874-1860-4fb0-9173-a0d0cb673adc,2026-09-06 11:00:00+00:00,2026-09-06 03:32:01.891380+00:00,Birmingham vs Wolves,Championship,Over 1.5,1.36,WON,0.3600000000000001,0.813970588235294,0.7091183134189772,0.7831325301204819,0.7352941176470588,,False,0.10699999999999998,-0.03559909375019088,0.06506024096385543,,-0.026175804228081523,month:2026-09|train_n=1066
3949709f-f003-4a81-a0bb-af8a36e08f75,2026-09-06 11:00:00+00:00,2026-09-06 03:32:01.891386+00:00,Birmingham vs Wolves,Championship,Over 2.5,2.1,WON,1.1,0.6009523809523809,0.5338706056916259,0.5205479452054794,0.47619047619047616,,False,0.262,0.12112827195241449,0.09315068493150691,,0.05768012950114976,month:2026-09|train_n=1066
bc8e3d05-c324-404f-bd13-a97028adc0ae,2026-09-06 11:30:00+00:00,2026-09-06 03:32:01.891390+00:00,Cercle Brugge vs Gent,Jupiler Pro League,BTTS,1.57,LOST,-1.0,0.664968152866242,0.5896953418889871,0.5436241610738255,0.6369426751592356,,False,0.04400000000000004,-0.07417831323429025,-0.14651006711409398,,-0.04724733327024855,month:2026-09|train_n=1066
68319079-4d74-43a9-bcfc-45247841dce9,2026-09-06 11:30:00+00:00,2026-09-06 03:32:01.891395+00:00,Cercle Brugge vs Gent,Jupiler Pro League,Over 1.5,1.22,WON,0.21999999999999997,0.8442622950819673,0.7307690091505717,0.7831325301204819,0.819672131147541,,False,0.030000000000000027,-0.10846180883630252,-0.04457831325301209,,-0.08890312199696926,month:2026-09|train_n=1066
3ffa868c-5d3d-4b03-ae6a-41b5c11ba28a,2026-09-06 11:30:00+00:00,2026-09-06 03:32:01.891399+00:00,Cercle Brugge vs Gent,Jupiler Pro League,Over 2.5,1.73,WON,0.73,0.646242774566474,0.573538074404972,0.5357142857142857,0.5780346820809249,,False,0.1180000000000001,-0.0077791312793985545,-0.07321428571428579,,-0.004496607675952946,month:2026-09|train_n=1066
add064c8-0022-4b19-b619-66533cfc969b,2026-09-06 11:30:00+00:00,2026-09-06 03:32:01.891402+00:00,Greuther vs Heidenheim,2. Bundesliga,BTTS,1.44,LOST,-1.0,0.7340277777777777,0.6473951186766189,0.7093023255813954,0.6944444444444444,,False,0.05699999999999994,-0.06775102910566877,0.021395348837209394,,-0.0470493257678255,month:2026-09|train_n=1066
473fa0e8-3ec9-4d25-863a-d77185332637,2026-09-06 11:30:00+00:00,2026-09-06 03:32:01.891407+00:00,Greuther vs Heidenheim,2. Bundesliga,Team Over 1.5,2.1,LOST,-1.0,0.5619047619047619,0.49930441628861066,0.5100671140939598,0.47619047619047616,,False,0.18000000000000016,0.048539274206082395,0.07114093959731549,,0.0231139400981345,month:2026-09|train_n=1066
851c132e-07a3-402c-b9da-d484f4135e97,2026-09-06 11:30:00+00:00,2026-09-06 03:32:01.891412+00:00,Greuther vs Heidenheim,2. Bundesliga,Team Over 1.5,1.8,LOST,-1.0,0.58,0.5153421518326439,0.5100671140939598,0.5555555555555556,,False,0.04400000000000004,-0.07238412670124106,-0.08187919463087234,,-0.04021340372291171,month:2026-09|train_n=1066
6a7a3d74-1197-4d65-a1d7-832265aa1ad8,2026-09-06 11:30:00+00:00,2026-09-06 03:32:01.891416+00:00,Greuther vs Heidenheim,2. Bundesliga,Over 2.5,1.5,LOST,-1.0,0.7366666666666667,0.6495283907215834,0.7093023255813954,0.6666666666666666,,False,0.10499999999999998,-0.025707413917624877,0.06395348837209314,,-0.017138275945083215,month:2026-09|train_n=1066
99683e53-90a8-4239-8cc7-246ff26d0e03,2026-09-06 11:30:00+00:00,2026-09-06 03:32:01.891420+00:00,Greuther vs Heidenheim,2. Bundesliga,Over 3.5,2.2,LOST,-1.0,0.535,0.4754713769128185,0.4140094979647286,0.45454545454545453,,False,0.17700000000000027,0.04603702920820085,-0.08917910447759703,,0.02092592236736396,month:2026-09|train_n=1066
d49a4bdc-40b3-467e-827a-91f3e82b174f,2026-09-06 11:30:00+00:00,2026-09-06 03:32:01.891423+00:00,Osnabruck vs Braunschweig,2. Bundesliga,Moneyline,2.8,LOST,-1.0,0.49892857142857144,0.44371172132454123,0.40298507462686567,0.35714285714285715,,False,0.397,0.2423928197087153,0.12835820895522376,,0.08656886418168408,month:2026-09|train_n=1066
fa0172f1-bfe2-4544-b39d-6f5759d8f425,2026-09-06 11:30:00+00:00,2026-09-06 03:32:01.891428+00:00,Osnabruck vs Braunschweig,2. Bundesliga,Double Chance X2,1.57,LOST,-1.0,0.7337579617834394,0.6471766667677055,0.7093023255813954,0.6369426751592356,,False,0.1519999999999999,0.016067366825297524,0.11360465116279084,,0.010233991608469828,month:2026-09|train_n=1066
5682a759-5627-43c8-a1b7-5f2c3ae5c9ef,2026-09-06 11:30:00+00:00,2026-09-06 03:32:01.891433+00:00,Osnabruck vs Braunschweig,2. Bundesliga,Over 2.5,1.7,WON,0.7,0.61,0.541845722894097,0.5357142857142857,0.5882352941176471,,False,0.03699999999999992,-0.07886227108003507,-0.0892857142857143,,-0.04638957122355003,month:2026-09|train_n=1066
2c284149-1555-4408-ab41-a486caf87e29,2026-09-06 12:00:00+00:00,2026-09-06 03:32:01.891437+00:00,Orgryte IS vs Hammarby,Allsvenskan,BTTS,1.75,WON,0.75,0.6731428571428572,0.5966908176269796,0.5436241610738255,0.5714285714285714,,False,0.17799999999999994,0.04420893084721422,-0.04865771812080544,,0.025262246198408222,month:2026-09|train_n=1066
c3f351b1-080a-4a75-a7df-c15b24daec81,2026-09-06 12:00:00+00:00,2026-09-06 03:32:01.891440+00:00,Sonderjyske vs AC Horsens,Superliga,Over 2.5,1.85,WON,0.8500000000000001,0.5681081081081081,0.5048039201458951,0.5100671140939598,0.5405405405405405,,False,0.050999999999999934,-0.0661127477300939,-0.05637583892617437,,-0.03573662039464531,month:2026-09|train_n=1066
668fcd75-66de-49b1-a291-5cc675ad1563,2026-09-06 12:30:00+00:00,2026-09-06 03:32:01.891444+00:00,Heerenveen vs AZ Alkmaar,Eredivisie,Double Chance 1X,2.0,LOST,-1.0,0.589,0.5233091215357232,0.5205479452054794,0.5,,False,0.17799999999999994,0.04661824307144635,0.041095890410958846,,0.023309121535723176,month:2026-09|train_n=1066
3305d04a-bc5e-4909-adb4-9ffd1b8fc282,2026-09-06 12:30:00+00:00,2026-09-06 03:32:01.891448+00:00,Telstar vs Cambuur,Eredivisie,BTTS,1.5,WON,0.5,0.7240000000000001,0.639235535425535,0.7093023255813954,0.6666666666666666,,False,0.08600000000000008,-0.041146696861697474,0.06395348837209314,,-0.027431131241131612,month:2026-09|train_n=1066
2386d49d-158d-4ca5-b62a-93cd59a710e4,2026-09-06 12:30:00+00:00,2026-09-06 03:32:01.891452+00:00,Telstar vs Cambuur,Eredivisie,Over 2.5,1.44,WON,0.43999999999999995,0.7583333333333334,0.6668122180159082,0.76,0.6944444444444444,,False,0.09200000000000008,-0.039790406057092276,0.09440000000000004,,-0.027632226428536244,month:2026-09|train_n=1066
f81336c3-7c6e-4063-bd63-7efa2e0e9f76,2026-09-06 12:30:00+00:00,2026-09-06 03:32:01.891457+00:00,Telstar vs Cambuur,Eredivisie,Over 3.5,2.0,WON,1.0,0.558,0.4958426974199572,0.5100671140939598,0.5,,False,0.1160000000000001,-0.008314605160085642,0.020134228187919545,,-0.004157302580042821,month:2026-09|train_n=1066
f8739e22-47e9-424d-ad96-884a139c4adc,2026-09-06 13:00:00+00:00,2026-09-06 03:32:01.891462+00:00,Frosinone vs Venezia,Serie A,Double Chance 1X,1.5,WON,0.5,0.694,0.6143560785790307,0.6153846153846154,0.6666666666666666,,False,0.040999999999999925,-0.07846588213145389,-0.07692307692307687,,-0.05231058808763589,month:2026-09|train_n=1066
a1149240-1072-477f-bbb4-f5c13db0a315,2026-09-06 13:00:00+00:00,2026-09-06 03:32:01.891468+00:00,Frosinone vs Venezia,Serie A,Under 2.5,2.0,LOST,-1.0,0.592,0.525962344912251,0.5205479452054794,0.5,,False,0.18399999999999994,0.051924689824502046,0.041095890410958846,,0.025962344912251023,month:2026-09|train_n=1066
f7189e4e-8ff7-490d-bd41-645af8594259,2026-09-06 13:00:00+00:00,2026-09-06 03:32:01.891473+00:00,Parma vs Monza,Serie A,Moneyline,2.62,LOST,-1.0,0.44083969465648853,0.3936227923768884,0.28125,0.38167938931297707,,False,0.15500000000000003,0.031291716027447736,-0.26312499999999994,,0.01194340306391134,month:2026-09|train_n=1066
a2e2be7a-d517-4879-910f-15a1b6d5bfe1,2026-09-06 14:00:00+00:00,2026-09-06 03:32:01.891479+00:00,Coritiba vs Mirassol,Serie A,Under 2.5,1.67,LOST,-1.0,0.6191616766467066,0.549899569506347,0.5357142857142857,0.5988023952095809,,False,0.03400000000000003,-0.0816677189244005,-0.10535714285714293,,-0.0489028257032339,month:2026-09|train_n=1066
61803eee-8a89-4196-8021-f085dd88b010,2026-09-06 14:00:00+00:00,2026-09-06 03:32:01.891485+00:00,Kasımpaşa vs Amed,Süper Lig,Double Chance 1X,1.4,WON,0.3999999999999999,0.7457142857142858,0.6567967903678618,0.7093023255813954,0.7142857142857143,,False,0.04400000000000004,-0.08048449348499365,-0.006976744186046546,,-0.05748892391785254,month:2026-09|train_n=1066
002f5a49-e4d5-4182-bb35-093a13c80800,2026-09-06 14:00:00+00:00,2026-09-06 03:32:01.891492+00:00,Kasımpaşa vs Amed,Süper Lig,Moneyline,2.3,LOST,-1.0,0.45608695652173914,0.406600051448633,0.35294117647058826,0.4347826086956522,,False,0.04899999999999993,-0.06481988166814423,-0.18823529411764706,,-0.028182557247019235,month:2026-09|train_n=1066
12cf60f3-9240-469e-83f6-baa17519d049,2026-09-06 14:00:00+00:00,2026-09-06 03:32:01.891498+00:00,Kasımpaşa vs Amed,Süper Lig,Under 2.5,1.7,LOST,-1.0,0.6147058823529411,0.5459855709825016,0.5357142857142857,0.5882352941176471,,False,0.04499999999999993,-0.07182452932974737,-0.0892857142857143,,-0.04224972313514552,month:2026-09|train_n=1066
a69e8508-06aa-41bc-85cf-e0b1cadba950,2026-09-06 14:00:00+00:00,2026-09-06 03:32:01.891503+00:00,Kortrijk vs Zulte,Jupiler Pro League,Over 2.5,1.7,LOST,-1.0,0.6147058823529411,0.5459855709825016,0.5357142857142857,0.5882352941176471,,False,0.04499999999999993,-0.07182452932974737,-0.0892857142857143,,-0.04224972313514552,month:2026-09|train_n=1066
26788505-1bcb-417c-bb3d-00c515c89ed4,2026-09-06 14:00:00+00:00,2026-09-06 03:32:01.891508+00:00,Kortrijk vs Zulte,Jupiler Pro League,Team Over 1.5,1.83,WON,0.8300000000000001,0.56775956284153,0.504494939823921,0.5100671140939598,0.5464480874316939,,False,0.038999999999999924,-0.07677426012222455,-0.06657718120805356,,-0.04195314760777291,month:2026-09|train_n=1066
c3400d0d-c17a-420d-9bae-cdb9095589b4,2026-09-06 14:00:00+00:00,2026-09-06 03:32:01.891513+00:00,Kortrijk vs Zulte,Jupiler Pro League,Moneyline,2.1,WON,1.1,0.5138095238095237,0.45677317805116374,0.40298507462686567,0.47619047619047616,,False,0.07899999999999996,-0.0407763260925561,-0.15373134328358207,,-0.019417298139312422,month:2026-09|train_n=1066
c4e299b9-dbec-4bde-87c6-9d9f1d79a381,2026-09-06 14:00:00+00:00,2026-09-06 03:32:01.891517+00:00,Odense vs Copenhagen,Superliga,BTTS,1.57,LOST,-1.0,0.7178343949044586,0.634178029883661,0.7093023255813954,0.6369426751592356,,False,0.127,-0.004340493082652164,0.11360465116279084,,-0.0027646452755746287,month:2026-09|train_n=1066
913814d3-371d-4041-a5be-a2040e236329,2026-09-06 14:00:00+00:00,2026-09-06 03:32:01.891521+00:00,Odense vs Copenhagen,Superliga,Double Chance 1X,1.95,LOST,-1.0,0.6317948717948718,0.5609615514382398,0.5357142857142857,0.5128205128205129,,False,0.23199999999999998,0.09387502530456748,0.044642857142856984,,0.048141038617726895,month:2026-09|train_n=1066
966a78d6-6fa6-420c-a80f-32ad901faeb3,2026-09-06 14:00:00+00:00,2026-09-06 03:32:01.891526+00:00,Odense vs Copenhagen,Superliga,Team Over 1.5,2.5,LOST,-1.0,0.5711999999999999,0.507544649702537,0.5100671140939598,0.4,,False,0.42799999999999994,0.2688616242563424,0.2751677852348995,,0.10754464970253697,month:2026-09|train_n=1066
27549da1-61d0-4cee-b9ab-2ad85f5bc215,2026-09-06 14:00:00+00:00,2026-09-06 03:32:01.891531+00:00,Odense vs Copenhagen,Superliga,Over 1.5,1.18,WON,0.17999999999999994,0.8889830508474577,0.7608087600921897,0.8235294117647058,0.8474576271186441,,False,0.04899999999999993,-0.10224566309121619,-0.028235294117647136,,-0.08664886702645447,month:2026-09|train_n=1066
773bf2b9-85cf-4b57-8ede-95996170a4fb,2026-09-06 14:00:00+00:00,2026-09-06 03:32:01.891536+00:00,Odense vs Copenhagen,Superliga,Over 2.5,1.6,WON,0.6000000000000001,0.7168749999999999,0.6333883602075832,0.7093023255813954,0.625,,False,0.14700000000000002,0.01342137633213314,0.1348837209302327,,0.008388360207583156,month:2026-09|train_n=1066
bc3a5a7a-6fd2-4f29-8087-521161edec99,2026-09-06 14:00:00+00:00,2026-09-06 03:32:01.891541+00:00,Odense vs Copenhagen,Superliga,Over 3.5,2.5,WON,1.5,0.516,0.45870129422409633,0.40298507462686567,0.4,,False,0.29000000000000004,0.14675323556024078,0.00746268656716409,,0.05870129422409631,month:2026-09|train_n=1066
6a9a0829-e754-462f-bc03-d01228d1df00,2026-09-06 14:00:00+00:00,2026-09-06 03:32:01.891546+00:00,ST Johnstone vs Hibernian,Premiership,BTTS,1.67,WON,0.6699999999999999,0.6640718562874252,0.5889260723378011,0.5436241610738255,0.5988023952095809,,False,0.10899999999999999,-0.016493459195872084,-0.0921476510067114,,-0.009876322871779752,month:2026-09|train_n=1066
31b2d192-d66b-4945-be96-73a4c4921886,2026-09-06 14:00:00+00:00,2026-09-06 03:32:01.891551+00:00,ST Johnstone vs Hibernian,Premiership,Over 1.5,1.25,WON,0.25,0.8455999999999999,0.7317013156198289,0.7831325301204819,0.8,,False,0.05699999999999994,-0.08537335547521385,-0.02108433734939763,,-0.06829868438017117,month:2026-09|train_n=1066
34b5ae36-712c-4aba-832e-435eb425fd3f,2026-09-06 14:00:00+00:00,2026-09-06 03:32:01.891556+00:00,ST Johnstone vs Hibernian,Premiership,Over 2.5,1.91,WON,0.9099999999999999,0.6450261780104712,0.572482484013567,0.5357142857142857,0.5235602094240838,,False,0.23199999999999998,0.09344154446591313,0.023214285714285632,,0.04892227458948328,month:2026-09|train_n=1066
93aedc14-502a-4c98-863d-91429c748316,2026-09-06 14:00:00+00:00,2026-09-06 03:32:01.891561+00:00,Çorum FK vs Eyüpspor,Süper Lig,Under 2.5,1.85,LOST,-1.0,0.6081081081081081,0.5401797297202078,0.5357142857142857,0.5405405405405405,,False,0.125,-0.0006675000176155077,-0.008928571428571397,,-0.00036081082033267986,month:2026-09|train_n=1066
6f8fd32a-1310-42ca-8c00-33beff9cb78a,2026-09-06 14:30:00+00:00,2026-09-06 03:32:01.891566+00:00,FC Basel vs Lugano,Super League,Double Chance X2,1.5,WON,0.5,0.6946666666666667,0.6149160514433177,0.6153846153846154,0.6666666666666666,,False,0.04200000000000004,-0.07762592283502334,-0.07692307692307687,,-0.051750615223348895,month:2026-09|train_n=1066
b492c5f3-0c45-453a-847d-0b748db909d5,2026-09-06 14:30:00+00:00,2026-09-06 03:32:01.891572+00:00,FC Basel vs Lugano,Super League,Moneyline,2.55,WON,1.5499999999999998,0.44705882352941184,0.3988990295311119,0.35294117647058826,0.3921568627450981,,False,0.14000000000000012,0.017192525304335238,-0.09999999999999998,,0.0067421667860138035,month:2026-09|train_n=1066
26dfa3b5-0804-4513-a220-d29a6ab63c14,2026-09-06 14:30:00+00:00,2026-09-06 03:32:01.891577+00:00,Santa Clara vs Rio Ave,Primeira Liga,Under 2.5,1.65,LOST,-1.0,0.6272727272727272,0.5570082061644502,0.5357142857142857,0.6060606060606061,,False,0.03499999999999992,-0.08093645982865716,-0.1160714285714286,,-0.04905239989615584,month:2026-09|train_n=1066
c7855e5d-7ace-42bd-8e6d-3a31ba4192e4,2026-09-06 14:45:00+00:00,2026-09-06 03:32:01.891582+00:00,ADO vs Sittard,Eredivisie,BTTS,1.4,WON,0.3999999999999999,0.7528571428571429,0.6624837338439847,0.7093023255813954,0.7142857142857143,,False,0.05400000000000005,-0.07252277261842144,-0.006976744186046546,,-0.05180198044172957,month:2026-09|train_n=1066
bdd4291a-b06b-4d80-9b12-a5b99e8221d1,2026-09-06 14:45:00+00:00,2026-09-06 03:32:01.891587+00:00,ADO vs Sittard,Eredivisie,Double Chance X2,1.73,WON,0.73,0.6699421965317919,0.5939563769711212,0.5436241610738255,0.5780346820809249,,False,0.15900000000000003,0.027544532160039825,-0.05953020134228193,,0.015921694890196347,month:2026-09|train_n=1066
dcd9663c-b7bb-4f7b-ab73-7faa636a5eb7,2026-09-06 14:45:00+00:00,2026-09-06 03:32:01.891592+00:00,ADO vs Sittard,Eredivisie,Over 2.5,1.44,WON,0.43999999999999995,0.7659722222222223,0.6728033305290749,0.76,0.6944444444444444,,False,0.10299999999999998,-0.03116320403813211,0.09440000000000004,,-0.021641113915369492,month:2026-09|train_n=1066
a14d7b82-c8da-44b5-9c11-3e03ff0f295d,2026-09-06 14:45:00+00:00,2026-09-06 03:32:01.891597+00:00,ADO vs Sittard,Eredivisie,Over 3.5,2.0,WON,1.0,0.5740000000000001,0.5100262523040214,0.5100671140939598,0.5,,False,0.14800000000000013,0.020052504608042865,0.020134228187919545,,0.010026252304021432,month:2026-09|train_n=1066
6188c7e5-27f0-4f0e-a62e-4a0159fecd11,2026-09-06 14:45:00+00:00,2026-09-06 03:32:01.891601+00:00,ADO vs Sittard,Eredivisie,Team Over 1.5,2.0,WON,1.0,0.638,0.5663735279754067,0.5357142857142857,0.5,,False,0.276,0.1327470559508135,0.0714285714285714,,0.06637352797540674,month:2026-09|train_n=1066
72c40819-f20f-44ca-996c-25aa6a33e4b1,2026-09-06 14:45:00+00:00,2026-09-06 03:32:01.891605+00:00,ADO vs Sittard,Eredivisie,Moneyline,3.1,WON,2.1,0.4519354838709677,0.40305288385889393,0.35294117647058826,0.3225806451612903,,False,0.401,0.24946393996257132,0.09411764705882364,,0.08047223869760362,month:2026-09|train_n=1066
181f717a-f6d0-412a-88e2-b6b287ead01c,2026-09-06 16:00:00+00:00,2026-09-06 03:32:01.891608+00:00,Brondby vs Randers,Superliga,BTTS,1.7,LOST,-1.0,0.6082352941176471,0.5402917578410884,0.5357142857142857,0.5882352941176471,,False,0.03400000000000003,-0.08150401167014976,-0.0892857142857143,,-0.047943536276558674,month:2026-09|train_n=1066
ac2101ff-f7f4-4c3f-bfdc-d32be46d1c51,2026-09-06 17:00:00+00:00,2026-09-06 03:32:01.891614+00:00,Guimaraes vs Casa Pia,Primeira Liga,Under 2.5,1.8,WON,0.8,0.615,0.5462441065070782,0.5357142857142857,0.5555555555555556,,False,0.10699999999999998,-0.016760608287259227,-0.0357142857142857,,-0.00931144904847736,month:2026-09|train_n=1066
5c2c8eab-d718-4a30-86b9-2bbbdfd34354,2026-09-06 17:15:00+00:00,2026-09-06 03:32:01.891620+00:00,Kristiansund vs Tromso,Eliteserien,BTTS,1.75,LOST,-1.0,0.6382857142857142,0.5666223510421368,0.5357142857142857,0.5714285714285714,,False,0.11699999999999999,-0.008410885676260693,-0.0625,,-0.004806220386434634,month:2026-09|train_n=1066
f2e2c255-2b5e-4457-a544-297d0b5818bf,2026-09-06 17:15:00+00:00,2026-09-06 03:32:01.891626+00:00,Kristiansund vs Tromso,Eliteserien,Over 2.5,1.7,LOST,-1.0,0.6147058823529411,0.5459855709825016,0.5357142857142857,0.5882352941176471,,False,0.04499999999999993,-0.07182452932974737,-0.0892857142857143,,-0.04224972313514552,month:2026-09|train_n=1066
139c8aac-4a0f-492b-895f-475490f2aefe,2026-09-06 17:15:00+00:00,2026-09-06 03:32:01.891632+00:00,SK Beveren vs OH Leuven,Jupiler Pro League,Double Chance 1X,1.4,WON,0.3999999999999999,0.745,0.656225580356921,0.7093023255813954,0.7142857142857143,,False,0.04299999999999993,-0.08128418750031063,-0.006976744186046546,,-0.05806013392879328,month:2026-09|train_n=1066
f5579469-3625-456e-bcc7-138944c7d52d,2026-09-06 17:15:00+00:00,2026-09-06 03:32:01.891637+00:00,SK Beveren vs OH Leuven,Jupiler Pro League,Moneyline,2.25,WON,1.25,0.4728888888888889,0.4210523802122021,0.35294117647058826,0.4444444444444444,,False,0.06400000000000006,-0.05263214452254528,-0.2058823529411764,,-0.023392064232242327,month:2026-09|train_n=1066
5ba4f607-2171-410b-b498-bc47805cc42e,2026-09-06 18:45:00+00:00,2026-09-06 03:32:01.891643+00:00,Marseille vs Paris FC,Ligue 1,Team Over 1.5,1.67,WON,0.6699999999999999,0.625748502994012,0.5556740455051232,0.5357142857142857,0.5988023952095809,,False,0.04499999999999993,-0.0720243440064442,-0.10535714285714293,,-0.04312834970445767,month:2026-09|train_n=1066
9a89bb1c-e36a-43dd-a434-c3f13c5fb37c,2026-09-06 18:45:00+00:00,2026-09-06 03:32:01.891648+00:00,Marseille vs Paris FC,Ligue 1,Moneyline,1.75,LOST,-1.0,0.5988571428571429,0.5320211139918135,0.5205479452054794,0.5714285714285714,,False,0.04800000000000004,-0.06896305051432638,-0.08904109589041098,,-0.03940745743675789,month:2026-09|train_n=1066
c5039db4-b11f-47e5-9fba-f6ca78b21a69,2026-09-06 18:45:00+00:00,2026-09-06 03:32:01.891653+00:00,Marseille vs Paris FC,Ligue 1,Over 2.5,1.67,WON,0.6699999999999999,0.6251497005988025,0.5551496901601671,0.5357142857142857,0.5988023952095809,,False,0.04400000000000004,-0.07290001743252095,-0.10535714285714293,,-0.043652705049413765,month:2026-09|train_n=1066
6b140eb4-3418-4a1b-9967-b118b1571612,2026-09-06 19:00:00+00:00,2026-09-06 03:32:01.891658+00:00,Cruzeiro vs Paranaense,Serie A,BTTS,1.91,WON,0.9099999999999999,0.5890052356020943,0.5233137531329286,0.5205479452054794,0.5235602094240838,,False,0.125,-0.0004707315161064374,-0.005753424657534367,,-0.00024645629115516154,month:2026-09|train_n=1066
e5a243a9-890f-4b83-93b7-50107d01e51b,2026-09-06 19:00:00+00:00,2026-09-06 03:32:01.891664+00:00,Cruzeiro vs Paranaense,Serie A,Team Over 1.5,2.0,WON,1.0,0.571,0.5073673766971522,0.5100671140939598,0.5,,False,0.1419999999999999,0.0147347533943043,0.020134228187919545,,0.00736737669715215,month:2026-09|train_n=1066
ab8e916a-2953-4dbd-92f0-06d2a5c39850,2026-09-06 19:00:00+00:00,2026-09-06 03:32:01.891669+00:00,Cruzeiro vs Paranaense,Serie A,Moneyline,1.9,WON,0.8999999999999999,0.5457894736842105,0.48502169370568726,0.5100671140939598,0.5263157894736842,,False,0.03699999999999992,-0.0784587819591942,-0.03087248322147651,,-0.04129409576799692,month:2026-09|train_n=1066
82bac089-57cd-45be-9c36-a2f02811bc32,2026-09-06 19:00:00+00:00,2026-09-06 03:32:01.891674+00:00,Cruzeiro vs Paranaense,Serie A,Over 1.5,1.33,WON,0.33000000000000007,0.806766917293233,0.7038209389327355,0.7831325301204819,0.7518796992481203,,False,0.07299999999999995,-0.06391815121946176,0.04156626506024108,,-0.04805876031538481,month:2026-09|train_n=1066
d2ffedfa-50c5-4546-8a64-68ad3fbfe6d1,2026-09-06 19:00:00+00:00,2026-09-06 03:32:01.891679+00:00,Cruzeiro vs Paranaense,Serie A,Over 2.5,2.05,WON,1.0499999999999998,0.5897560975609757,0.5239779500393378,0.5205479452054794,0.48780487804878053,,False,0.20900000000000007,0.07415479758064225,0.06712328767123266,,0.03617307199055725,month:2026-09|train_n=1066
482e93a0-90f6-4e6b-8ea1-7d730bd897c0,2026-09-06 19:00:00+00:00,2026-09-06 03:32:01.891684+00:00,Espanyol vs Sevilla,La Liga,BTTS,2.0,WON,1.0,0.551,0.48963815011217343,0.5100671140939598,0.5,,False,0.10200000000000009,-0.020723699775653137,0.020134228187919545,,-0.010361849887826569,month:2026-09|train_n=1066
9cbc0ab7-b650-4ac4-957c-a1aef742364a,2026-09-06 19:00:00+00:00,2026-09-06 03:32:01.891689+00:00,Espanyol vs Sevilla,La Liga,Over 1.5,1.44,WON,0.43999999999999995,0.7458333333333335,0.6568919479754456,0.7093023255813954,0.6944444444444444,,False,0.07400000000000007,-0.054075594915358405,0.021395348837209394,,-0.03755249646899883,month:2026-09|train_n=1066
8746a317-7d3b-49ff-a137-bbe5459218af,2026-09-06 19:00:00+00:00,2026-09-06 03:32:01.891694+00:00,Internacional vs Santos,Serie A,BTTS,1.75,WON,0.75,0.6,0.5330300399925362,0.5205479452054794,0.5714285714285714,,False,0.050000000000000044,-0.06719743001306167,-0.08904109589041098,,-0.03839853143603522,month:2026-09|train_n=1066
7933ea19-42db-43e9-8f66-e23a1a0b67dc,2026-09-06 19:00:00+00:00,2026-09-06 03:32:01.891700+00:00,Internacional vs Santos,Serie A,Over 1.5,1.3,WON,0.30000000000000004,0.7961538461538461,0.6959156178062171,0.76,0.7692307692307692,,False,0.03499999999999992,-0.0953096968519177,-0.0119999999999999,,-0.07331515142455203,month:2026-09|train_n=1066
d48e366e-bc23-4f15-8d40-eb96ab61c393,2026-09-06 19:00:00+00:00,2026-09-06 03:32:01.891705+00:00,Internacional vs Santos,Serie A,Over 2.5,1.95,WON,0.95,0.5651282051282052,0.5021621852124515,0.5100671140939598,0.5128205128205129,,False,0.10200000000000009,-0.0207837388357196,-0.005369127516778427,,-0.010658327608061402,month:2026-09|train_n=1066
b3dbd6f6-0b16-418c-b202-c267bf64baa7,2026-09-06 19:00:00+00:00,2026-09-06 03:32:01.891710+00:00,remo vs Flamengo,Serie A,BTTS,1.95,LOST,-1.0,0.5610256410256411,0.4985250247955573,0.5100671140939598,0.5128205128205129,,False,0.09400000000000008,-0.027876201648663224,-0.005369127516778427,,-0.01429548802495556,month:2026-09|train_n=1066
c2abaad1-087a-43a9-b894-083354013846,2026-09-06 19:30:00+00:00,2026-09-06 03:32:01.891715+00:00,GIL Vicente vs Viseu,Primeira Liga,BTTS,1.95,LOST,-1.0,0.5328205128205128,0.4735441511500812,0.40298507462686567,0.5128205128205129,,False,0.038999999999999924,-0.07658890525734174,-0.21417910447761201,,-0.03927636167043169,month:2026-09|train_n=1066
8b4e06ae-8424-4346-99fa-368357b133d5,2026-09-06 21:30:00+00:00,2026-09-06 03:32:01.891720+00:00,Botafogo vs Palmeiras,Serie A,BTTS,1.7,LOST,-1.0,0.6717647058823529,0.5955141387581263,0.5436241610738255,0.5882352941176471,,False,0.1419999999999999,0.012374035888814694,-0.07583892617449672,,0.007278844640479232,month:2026-09|train_n=1066
4b6de6bc-1223-4e98-a7af-8f89b5bc0d87,2026-09-06 21:30:00+00:00,2026-09-06 03:32:01.891725+00:00,Botafogo vs Palmeiras,Serie A,Over 1.5,1.28,LOST,-1.0,0.84609375,0.7320449150312212,0.7831325301204819,0.78125,,False,0.08299999999999996,-0.06298250876003686,0.002409638554216942,,-0.049205084968778845,month:2026-09|train_n=1066
a318cef7-bb54-47f4-b11b-e5822a7d6b4a,2026-09-06 21:30:00+00:00,2026-09-06 03:32:01.891730+00:00,Botafogo vs Palmeiras,Serie A,Over 2.5,1.9,LOST,-1.0,0.6578947368421053,0.5836127602374015,0.5436241610738255,0.5263157894736842,,False,0.25,0.1088642444510628,0.03288590604026842,,0.057296970763717314,month:2026-09|train_n=1066
0c01df8e-1785-4dff-835d-6fdf0fc7de1e,2026-09-06 22:00:00+00:00,2026-09-06 03:32:01.891735+00:00,Leon vs Club America,Leagues Cup,BTTS,1.73,LOST,-1.0,0.653179190751445,0.5795434490350551,0.5357142857142857,0.5780346820809249,,False,0.1299999999999999,0.0026101668306452996,-0.07321428571428579,,0.0015087669541301585,month:2026-09|train_n=1066
afdc8332-8340-4e28-8538-a0f34eb14cc3,2026-09-06 22:00:00+00:00,2026-09-06 03:32:01.891740+00:00,Leon vs Club America,Leagues Cup,Double Chance 1X,1.83,WON,0.8300000000000001,0.6142076502732241,0.545547558109199,0.5357142857142857,0.5464480874316939,,False,0.12400000000000011,-0.0016479686601658106,-0.019642857142857184,,-0.0009005293224949584,month:2026-09|train_n=1066
05fb2f48-1b7a-4318-bb31-fb2567dc17cd,2026-09-06 22:00:00+00:00,2026-09-06 03:32:01.891745+00:00,Leon vs Club America,Leagues Cup,Over 1.5,1.25,LOST,-1.0,0.836,0.7249655054166612,0.7831325301204819,0.8,,False,0.04499999999999993,-0.09379311822917358,-0.02108433734939763,,-0.07503449458333888,month:2026-09|train_n=1066
1bd1c9e0-fb39-41d2-9750-98ae45af2d79,2026-09-06 22:00:00+00:00,2026-09-06 03:32:01.891750+00:00,Leon vs Club America,Leagues Cup,Over 2.5,1.8,LOST,-1.0,0.6299999999999999,0.5593933373248055,0.5357142857142857,0.5555555555555556,,False,0.1339999999999999,0.0069080071846499,-0.0357142857142857,,0.0038377817692498706,month:2026-09|train_n=1066
185db079-929e-4281-8de4-cfb79d1ecff5,2026-09-06 22:30:00+00:00,2026-09-06 03:32:01.891755+00:00,Corinthians vs Chapecoense,Serie A,Under 2.5,1.85,LOST,-1.0,0.7281081081081081,0.642588338196773,0.7093023255813954,0.5405405405405405,,False,0.347,0.18878842566402998,0.31220930232558164,,0.10204779765623251,month:2026-09|train_n=1066
2fded8ca-f911-4c26-8694-cbcb2b66480d,2026-09-07 15:30:00+00:00,2026-09-06 21:31:08.290791+00:00,Al Khaleej vs Al Riyadh,Pro League,BTTS,1.62,LOST,-1.0,0.6858024691358025,0.6074461368534727,0.5436241610738255,0.6172839506172839,,False,0.11099999999999999,-0.015937258297374135,-0.11932885906040269,,-0.00983781376381121,month:2026-09|train_n=1066
2a81d90c-7f37-4444-9067-9ec6b306daad,2026-09-07 15:30:00+00:00,2026-09-06 21:31:08.290813+00:00,Al Khaleej vs Al Riyadh,Pro League,Over 1.5,1.22,LOST,-1.0,0.8631147540983606,0.7437179394470802,0.7831325301204819,0.819672131147541,,False,0.052999999999999936,-0.09266411387456219,-0.04457831325301209,,-0.0759541917004608,month:2026-09|train_n=1066
19a9aa08-b5f7-4eb9-b298-8a4dd97ee550,2026-09-07 15:30:00+00:00,2026-09-06 21:31:08.290819+00:00,Al Khaleej vs Al Riyadh,Pro League,Over 2.5,1.8,LOST,-1.0,0.6788888888888889,0.6015847149264081,0.5436241610738255,0.5555555555555556,,False,0.22199999999999998,0.08285248686753466,-0.02147651006711404,,0.0460291593708525,month:2026-09|train_n=1066
00f979a2-16da-4c44-aab4-7856fc7ad3e3,2026-09-07 17:00:00+00:00,2026-09-06 21:31:08.290825+00:00,Kalmar FF vs Djurgardens,Allsvenskan,Double Chance 1X,1.95,LOST,-1.0,0.6471794871794871,0.5743503653308696,0.5357142857142857,0.5128205128205129,,False,0.262,0.1199832123951956,0.044642857142856984,,0.0615298525103567,month:2026-09|train_n=1066
85df58b0-e5d7-4788-833d-fb0cad6c13ec,2026-09-07 17:00:00+00:00,2026-09-06 21:31:08.290831+00:00,Malmo vs AIK,Allsvenskan,BTTS,1.53,LOST,-1.0,0.7098039215686275,0.627546335178112,0.6153846153846154,0.6535947712418301,,False,0.08600000000000008,-0.03985410717748861,-0.05846153846153834,,-0.026048436063718095,month:2026-09|train_n=1066
d5e9fdf9-ec1c-44fd-851f-0f24529ae238,2026-09-07 17:00:00+00:00,2026-09-06 21:31:08.290837+00:00,Malmo vs AIK,Allsvenskan,Team Over 1.5,1.57,LOST,-1.0,0.675796178343949,0.5989531079742725,0.5436241610738255,0.6369426751592356,,False,0.06099999999999994,-0.05964362048039218,-0.14651006711409398,,-0.03798956718496316,month:2026-09|train_n=1066
db514dc9-4b4e-4742-aff0-946b4377e593,2026-09-07 17:00:00+00:00,2026-09-06 21:31:08.290843+00:00,Malmo vs AIK,Allsvenskan,Over 2.5,1.5,LOST,-1.0,0.738,0.6506039916171185,0.7093023255813954,0.6666666666666666,,False,0.10699999999999998,-0.02409401257432231,0.06395348837209314,,-0.01606267504954817,month:2026-09|train_n=1066
ffd11726-6f5a-4eeb-b7ec-5144f01e7d64,2026-09-07 17:00:00+00:00,2026-09-06 21:31:08.290847+00:00,Malmo vs AIK,Allsvenskan,Over 3.5,2.2,LOST,-1.0,0.5318181818181817,0.47265809449498397,0.40298507462686567,0.45454545454545453,,False,0.16999999999999993,0.039847807888964804,-0.11343283582089547,,0.01811263994952944,month:2026-09|train_n=1066
a9e43fc7-d7fb-47c4-8b11-5f4a65a441c3,2026-09-07 17:00:00+00:00,2026-09-06 21:31:08.290852+00:00,Midtjylland vs Nordsjaelland,Superliga,Over 2.5,1.6,WON,0.6000000000000001,0.6718749999999999,0.5956083495675922,0.5436241610738255,0.625,,False,0.07499999999999996,-0.04702664069185236,-0.13020134228187918,,-0.029391650432407768,month:2026-09|train_n=1066
6bdd939e-55cf-4d86-ab63-923a102f8525,2026-09-07 17:00:00+00:00,2026-09-06 21:31:08.290858+00:00,Mjallby vs Goteborg,Allsvenskan,Team Over 1.5,2.0,LOST,-1.0,0.567,0.5038215868127099,0.5100671140939598,0.5,,False,0.1339999999999999,0.007643173625419886,0.020134228187919545,,0.003821586812709943,month:2026-09|train_n=1066
491e991e-742a-41bc-924b-fcc54d2f1199,2026-09-07 17:00:00+00:00,2026-09-06 21:31:08.290863+00:00,Mjallby vs Goteborg,Allsvenskan,Moneyline,2.35,LOST,-1.0,0.47702127659574467,0.42462873514108107,0.35294117647058826,0.425531914893617,,False,0.121,-0.00212247241845942,-0.1705882352941176,,-0.0009031797525359542,month:2026-09|train_n=1066
c593bf12-5f61-4e72-90a5-48c36ab59f0b,2026-09-07 17:00:00+00:00,2026-09-06 21:31:08.290868+00:00,Mjallby vs Goteborg,Allsvenskan,Over 2.5,1.67,WON,0.6699999999999999,0.6479041916167665,0.5749785336989144,0.5357142857142857,0.5988023952095809,,False,0.08200000000000007,-0.03978584872281299,-0.10535714285714293,,-0.02382386151066651,month:2026-09|train_n=1066
16cbd141-c73e-4c97-9a73-2a04fcf09151,2026-09-07 18:00:00+00:00,2026-09-06 21:31:08.290873+00:00,Jong PSV vs Den Bosch,Eerste Divisie,Moneyline,2.0,WON,1.0,0.53,0.4710512722863427,0.40298507462686567,0.5,,False,0.06000000000000005,-0.057897455427314615,-0.19402985074626866,,-0.028948727713657307,month:2026-09|train_n=1066
d58087ab-ba02-439f-8c4f-9cca0d042b7f,2026-09-07 18:00:00+00:00,2026-09-06 21:31:08.290878+00:00,Jong Utrecht vs FC Eindhoven,Eerste Divisie,BTTS,1.44,LOST,-1.0,0.7208333333333334,0.6366417668649612,0.7093023255813954,0.6944444444444444,,False,0.038000000000000034,-0.08323585571445591,0.021395348837209394,,-0.05780267757948321,month:2026-09|train_n=1066
33e902ac-2ecf-46f5-ad15-3b51b5c526d1,2026-09-07 18:00:00+00:00,2026-09-06 21:31:08.290882+00:00,Jong Utrecht vs FC Eindhoven,Eerste Divisie,Double Chance X2,1.57,WON,0.5700000000000001,0.6592356687898089,0.5847678737404483,0.5436241610738255,0.6369426751592356,,False,0.03499999999999992,-0.08191443822749622,-0.14651006711409398,,-0.05217480141878739,month:2026-09|train_n=1066
9eb875e3-1619-4e8d-9f1d-885917246ea5,2026-09-07 18:00:00+00:00,2026-09-06 21:31:08.290887+00:00,Jong Utrecht vs FC Eindhoven,Eerste Divisie,Team Over 1.5,2.0,LOST,-1.0,0.594,0.5277303556518471,0.5205479452054794,0.5,,False,0.18799999999999994,0.05546071130369423,0.041095890410958846,,0.027730355651847116,month:2026-09|train_n=1066
1cd62ba4-6a53-469e-b516-dbbc93354426,2026-09-07 18:00:00+00:00,2026-09-06 21:31:08.290892+00:00,Jong Utrecht vs FC Eindhoven,Eerste Divisie,Moneyline,2.8,LOST,-1.0,0.4360714285714286,0.3895941199805504,0.28125,0.35714285714285715,,False,0.22100000000000009,0.09086353594554097,-0.21250000000000002,,0.03245126283769323,month:2026-09|train_n=1066
87bddc85-f8be-4d2e-ae5d-9eb541ad6bbb,2026-09-07 18:00:00+00:00,2026-09-06 21:31:08.290896+00:00,Jong Utrecht vs FC Eindhoven,Eerste Divisie,Over 2.5,1.53,LOST,-1.0,0.7228758169934641,0.6383156548877249,0.7093023255813954,0.6535947712418301,,False,0.1060000000000001,-0.023377048021780866,0.08523255813953501,,-0.015279116354105171,month:2026-09|train_n=1066
f1c0d6ae-d46f-4aea-9937-ad605a7ecd4b,2026-09-07 18:00:00+00:00,2026-09-06 21:31:08.290900+00:00,Jong Utrecht vs FC Eindhoven,Eerste Divisie,Over 3.5,2.25,LOST,-1.0,0.516,0.45870129422409633,0.40298507462686567,0.4444444444444444,,False,0.16100000000000003,0.032077912004216724,-0.09328358208955223,,0.014256849779651914,month:2026-09|train_n=1066
eebe00fa-a13b-4d2b-95c9-b5c5ce4445be,2026-09-07 18:45:00+00:00,2026-09-06 21:31:08.290905+00:00,Udinese vs Lazio,Serie A,Under 2.5,1.62,LOST,-1.0,0.674074074074074,0.5974852711137515,0.5436241610738255,0.6172839506172839,,False,0.09200000000000008,-0.0320738607957225,-0.11932885906040269,,-0.019798679503532424,month:2026-09|train_n=1066
be5daea7-9660-4c8a-8911-85484585937b,2026-09-07 19:15:00+00:00,2026-09-06 21:31:08.290910+00:00,Estoril vs Arouca,Primeira Liga,BTTS,1.7,LOST,-1.0,0.6082352941176471,0.5402917578410884,0.5357142857142857,0.5882352941176471,,False,0.03400000000000003,-0.08150401167014976,-0.0892857142857143,,-0.047943536276558674,month:2026-09|train_n=1066
cba5e096-01bd-4f30-ba04-fcbb26b22dff,2026-09-07 19:15:00+00:00,2026-09-06 21:31:08.290915+00:00,Estoril vs Arouca,Primeira Liga,Moneyline,2.35,LOST,-1.0,0.45404255319148934,0.40485199753545437,0.35294117647058826,0.425531914893617,,False,0.06699999999999995,-0.04859780579168216,-0.1705882352941176,,-0.02067991735816266,month:2026-09|train_n=1066
c929deea-1590-45b2-9759-cd524166e404,2026-09-07 19:15:00+00:00,2026-09-06 21:31:08.290920+00:00,Estoril vs Arouca,Primeira Liga,Over 2.5,1.9,LOST,-1.0,0.5810526315789475,0.5162744420498266,0.5100671140939598,0.5263157894736842,,False,0.10400000000000009,-0.01907856010532938,-0.03087248322147651,,-0.010041347423857538,month:2026-09|train_n=1066
fc303171-aa20-43a7-88ae-623fc8ed002e,2026-09-07 23:00:00+00:00,2026-09-06 21:31:08.290924+00:00,Vitoria vs Gremio,Serie A,Double Chance 1X,1.28,WON,0.28,0.88828125,0.7603555645613186,0.8235294117647058,0.78125,,False,0.137,-0.02674487736151221,0.054117647058823604,,-0.020894435438681414,month:2026-09|train_n=1066
d23e814a-0dce-4d3c-9b28-8eeb8d39c77c,2026-09-07 23:00:00+00:00,2026-09-06 21:31:08.290929+00:00,Vitoria vs Gremio,Serie A,Under 2.5,1.7,WON,0.7,0.658235294117647,0.583906212620243,0.5436241610738255,0.5882352941176471,,False,0.119,-0.00735943854558696,-0.07583892617449672,,-0.004329081497404075,month:2026-09|train_n=1066
3b8c49ad-7586-4aaf-9a7d-63076141e445,2026-09-07 23:00:00+00:00,2026-09-06 21:31:08.290934+00:00,Vitoria vs Gremio,Serie A,Moneyline,2.15,WON,1.15,0.6288372093023257,0.5583767496237476,0.5357142857142857,0.46511627906976744,,False,0.3520000000000001,0.20051001169105742,0.1517857142857142,,0.09326047055398018,month:2026-09|train_n=1066
25bfe6ed-52f7-42dc-8a68-5dd4eae83907,2026-09-08 12:00:00+00:00,2026-09-07 21:30:56.491556+00:00,Utrecht vs GO Ahead,Eredivisie,Over 2.5,1.53,WON,0.53,0.6830065359477123,0.6050793324646003,0.5436241610738255,0.6535947712418301,,False,0.04499999999999993,-0.07422862132916153,-0.16825503355704696,,-0.04851543877722975,month:2026-09|train_n=1066
0d583017-f065-4016-8390-a1901b427f96,2026-09-08 12:00:00+00:00,2026-09-07 21:30:56.491579+00:00,Utrecht vs GO Ahead,Eredivisie,Team Over 1.5,1.8,WON,0.8,0.585,0.5197694687414459,0.5100671140939598,0.5555555555555556,,False,0.052999999999999936,-0.06441495626539728,-0.08187919463087234,,-0.03578608681410966,month:2026-09|train_n=1066
e222bd4b-abdd-461d-961d-5099b7ec8f0e,2026-09-08 15:30:00+00:00,2026-09-07 21:30:56.491586+00:00,Al Ettifaq vs Al Faisaly,Pro League,Team Over 1.5,1.73,LOST,-1.0,0.6947976878612716,0.6150260681896943,0.6153846153846154,0.5780346820809249,,False,0.20199999999999996,0.06399509796817116,0.06461538461538474,,0.0369913861087694,month:2026-09|train_n=1066
6f2efee8-0159-4243-9923-03f7a57b235c,2026-09-08 15:30:00+00:00,2026-09-07 21:30:56.491593+00:00,Al Ettifaq vs Al Faisaly,Pro League,Moneyline,1.85,LOST,-1.0,0.572972972972973,0.5091160628775356,0.5100671140939598,0.5405405405405405,,False,0.06000000000000005,-0.05813528367655907,-0.05637583892617437,,-0.031424477663004824,month:2026-09|train_n=1066
c1b38bfa-eace-498e-a287-6484af4872b4,2026-09-08 15:30:00+00:00,2026-09-07 21:30:56.491599+00:00,Al Ettifaq vs Al Faisaly,Pro League,BTTS,1.53,LOST,-1.0,0.7117647058823529,0.6291701268844005,0.6470588235294118,0.6535947712418301,,False,0.08899999999999997,-0.037369705866867164,-0.009999999999999898,,-0.024424644357429526,month:2026-09|train_n=1066
e2c37110-81c6-4429-b51e-f037b35bed51,2026-09-08 15:30:00+00:00,2026-09-07 21:30:56.491604+00:00,Al Ettifaq vs Al Faisaly,Pro League,Over 1.5,1.17,LOST,-1.0,0.9068376068376068,0.7721401490877581,0.8571428571428571,0.8547008547008548,,False,0.06099999999999994,-0.09659602556732305,0.0028571428571426694,,-0.0825607056130967,month:2026-09|train_n=1066
decec3c8-576f-416b-911e-166e3585ba1d,2026-09-08 15:30:00+00:00,2026-09-07 21:30:56.491610+00:00,Al Ettifaq vs Al Faisaly,Pro League,Over 2.5,1.57,LOST,-1.0,0.7477707006369426,0.6584387560216884,0.7093023255813954,0.6369426751592356,,False,0.17399999999999993,0.033748846954051004,0.11360465116279084,,0.021496080862452804,month:2026-09|train_n=1066
a745d13c-5265-4e99-9901-daafaeffb67e,2026-09-08 15:30:00+00:00,2026-09-07 21:30:56.491615+00:00,Al Ettifaq vs Al Faisaly,Pro League,Over 3.5,2.38,LOST,-1.0,0.5478991596638656,0.4868905837510824,0.5100671140939598,0.42016806722689076,,False,0.30400000000000005,0.15879958932757599,0.21395973154362413,,0.06672251652419164,month:2026-09|train_n=1066
8ebf3757-0476-4c65-a1e1-1012d80d879d,2026-09-08 16:45:00+00:00,2026-09-07 21:30:56.491622+00:00,Nijmegen vs Excelsior,Eredivisie,BTTS,1.44,WON,0.43999999999999995,0.7458333333333335,0.6568919479754456,0.7093023255813954,0.6944444444444444,,False,0.07400000000000007,-0.054075594915358405,0.021395348837209394,,-0.03755249646899883,month:2026-09|train_n=1066
d836b1fd-d5d8-4b4d-a673-96259d736e9d,2026-09-08 16:45:00+00:00,2026-09-07 21:30:56.491627+00:00,Nijmegen vs Excelsior,Eredivisie,Over 2.5,1.36,WON,0.3600000000000001,0.775735294117647,0.6803789646234377,0.76,0.7352941176470588,,False,0.05499999999999994,-0.07468460811212463,0.033600000000000074,,-0.054915153023621044,month:2026-09|train_n=1066
f323100c-7046-4ef2-befc-b1bd46c6c297,2026-09-08 16:45:00+00:00,2026-09-07 21:30:56.491635+00:00,Nijmegen vs Excelsior,Eredivisie,Over 3.5,1.83,WON,0.8300000000000001,0.5841530054644808,0.5190196853844038,0.5100671140939598,0.5464480874316939,,False,0.06899999999999995,-0.05019397574654105,-0.06657718120805356,,-0.027428402047290135,month:2026-09|train_n=1066
98814219-3d31-4814-a2cd-27b0864bb848,2026-09-08 18:45:00+00:00,2026-09-07 21:30:56.491641+00:00,Southampton vs Swansea,Championship,Over 2.5,1.73,WON,0.73,0.6358381502890174,0.5644897385993898,0.5357142857142857,0.5780346820809249,,False,0.10000000000000009,-0.02343275222305574,-0.07321428571428579,,-0.013544943481535121,month:2026-09|train_n=1066
3dffc79f-fbd1-46da-a921-b2213b247923,2026-09-08 18:45:00+00:00,2026-09-07 21:30:56.491646+00:00,Southampton vs Swansea,Championship,Team Over 1.5,1.8,WON,0.8,0.6288888888888889,0.5584219417558456,0.5357142857142857,0.5555555555555556,,False,0.13200000000000012,0.005159495160522054,-0.0357142857142857,,0.0028663862002900053,month:2026-09|train_n=1066
06c193db-9b17-4c4c-a6f8-86e166489639,2026-09-08 18:45:00+00:00,2026-09-07 21:30:56.491652+00:00,Southampton vs Swansea,Championship,Moneyline,1.85,WON,0.8500000000000001,0.5929729729729729,0.5268225423196247,0.5205479452054794,0.5405405405405405,,False,0.09699999999999998,-0.025378296708694292,-0.03698630136986303,,-0.013717998220915795,month:2026-09|train_n=1066
cb82377e-46fa-492a-a8c0-9341491ae6d5,2026-09-08 18:45:00+00:00,2026-09-07 21:30:56.491656+00:00,Watford vs Preston,Championship,Under 2.5,1.91,LOST,-1.0,0.6031413612565445,0.5358018498961464,0.5205479452054794,0.5235602094240838,,False,0.1519999999999999,0.023381533301639612,-0.005753424657534367,,0.012241640472062665,month:2026-09|train_n=1066
d04fdf4f-8b5a-43a6-ae20-1d13560b9395,2026-09-08 18:45:00+00:00,2026-09-07 21:30:56.491661+00:00,Wrexham vs Burnley,Championship,Over 2.5,1.8,LOST,-1.0,0.6038888888888888,0.5364611187926223,0.5357142857142857,0.5555555555555556,,False,0.08699999999999997,-0.03436998617327991,-0.0357142857142857,,-0.01909443676293332,month:2026-09|train_n=1066
9341f177-793a-4a1e-a203-05c9300acbeb,2026-09-08 19:00:00+00:00,2026-09-07 21:30:56.491667+00:00,Dortmund vs Villarreal,UEFA Champions League,Moneyline,1.73,WON,0.73,0.6017341040462427,0.5345604063109124,0.5205479452054794,0.5780346820809249,,False,0.040999999999999925,-0.07521049708212157,-0.09945205479452057,,-0.043474275770012505,month:2026-09|train_n=1066
f4352927-317a-4c71-9137-e2227d1d2598,2026-09-09 15:55:00+00:00,2026-09-08 21:31:08.212703+00:00,Al Kholood vs Al Shabab,Pro League,Double Chance 1X,1.67,LOST,-1.0,0.662874251497006,0.5878975189758091,0.5436241610738255,0.5988023952095809,,False,0.10699999999999998,-0.01821114331039886,-0.0921476510067114,,-0.010904876233771787,month:2026-09|train_n=1066
5018bd28-2674-4c22-8f3f-38e6581d74f3,2026-09-09 16:45:00+00:00,2026-09-08 21:31:08.212730+00:00,Barcelona vs Feyenoord,UEFA Champions League,BTTS,1.8,WON,0.8,0.6188888888888889,0.5496601233848866,0.5357142857142857,0.5555555555555556,,False,0.1140000000000001,-0.010611777907204134,-0.0357142857142857,,-0.005895432170669013,month:2026-09|train_n=1066
674176e6-039c-40a6-ab01-51fb183743d3,2026-09-09 16:45:00+00:00,2026-09-08 21:31:08.212738+00:00,Stuttgart vs Viking,UEFA Champions League,BTTS,1.57,WON,0.5700000000000001,0.7229299363057324,0.6383599621726939,0.7093023255813954,0.6369426751592356,,False,0.135,0.002225140611129328,0.11360465116279084,,0.0014172870134582238,month:2026-09|train_n=1066
3966de50-975d-489c-a5e4-361abcc265ea,2026-09-09 16:45:00+00:00,2026-09-08 21:31:08.212744+00:00,Stuttgart vs Viking,UEFA Champions League,Over 2.5,1.25,WON,0.25,0.8328,0.7226970557987498,0.7831325301204819,0.8,,False,0.040999999999999925,-0.09662868025156279,-0.02108433734939763,,-0.07730294420125028,month:2026-09|train_n=1066
ec33d731-002e-4a4e-9bfa-8a26734a42d2,2026-09-09 16:45:00+00:00,2026-09-08 21:31:08.212751+00:00,Stuttgart vs Viking,UEFA Champions League,Over 3.5,1.67,WON,0.6699999999999999,0.6778443113772457,0.6006965254789702,0.5436241610738255,0.5988023952095809,,False,0.13200000000000012,0.003163197549880259,-0.0921476510067114,,0.001894130269389338,month:2026-09|train_n=1066
9439e97f-6e28-4a6d-87a6-35ace9a783a5,2026-09-09 19:00:00+00:00,2026-09-08 21:31:08.212756+00:00,Chelsea vs Leeds,League Cup,BTTS,1.7,WON,0.7,0.61,0.541845722894097,0.5357142857142857,0.5882352941176471,,False,0.03699999999999992,-0.07886227108003507,-0.0892857142857143,,-0.04638957122355003,month:2026-09|train_n=1066
8a7be962-97ef-40ca-96e0-b6bbf5144ba5,2026-09-09 19:00:00+00:00,2026-09-08 21:31:08.212762+00:00,ST Johnstone vs Celtic,Premiership,BTTS,1.62,LOST,-1.0,0.6999999999999998,0.6193847736434821,0.6153846153846154,0.6172839506172839,,False,0.1339999999999999,0.003403333302441025,-0.003076923076922977,,0.002100823026198184,month:2026-09|train_n=1066
20fcfc8b-4dba-4674-9afe-b94dc0476d71,2026-09-09 19:00:00+00:00,2026-09-08 21:31:08.212768+00:00,ST Johnstone vs Celtic,Premiership,Over 1.5,1.14,LOST,-1.0,0.9000000000000001,0.7678458610837242,0.8571428571428571,0.8771929824561404,,False,0.026000000000000023,-0.12465571836455447,-0.02285714285714302,,-0.1093471213724162,month:2026-09|train_n=1066
55c3ec50-98f0-4909-aba2-73d76d2cb79c,2026-09-09 19:00:00+00:00,2026-09-08 21:31:08.212774+00:00,ST Johnstone vs Celtic,Premiership,Over 2.5,1.5,LOST,-1.0,0.7393333333333333,0.651678061722712,0.7093023255813954,0.6666666666666666,,False,0.10899999999999999,-0.022482907415931952,0.06395348837209314,,-0.014988604943954598,month:2026-09|train_n=1066
93afd138-9a9b-4582-b018-7b8452e93d6a,2026-09-09 19:00:00+00:00,2026-09-08 21:31:08.212781+00:00,ST Johnstone vs Celtic,Premiership,Over 3.5,2.2,LOST,-1.0,0.5381818181818181,0.4782862170049564,0.5100671140939598,0.45454545454545453,,False,0.18399999999999994,0.05222967741090412,0.12214765100671165,,0.023740762459501852,month:2026-09|train_n=1066
c67f9f41-e22f-4a64-ac32-518ab41a25ad,2026-09-09 19:00:00+00:00,2026-09-08 21:31:08.212786+00:00,Sporting vs Galatasaray,UEFA Champions League,Over 2.5,1.62,WON,0.6200000000000001,0.6481481481481481,0.5751899390328942,0.5357142857142857,0.6172839506172839,,False,0.050000000000000044,-0.0681922987667114,-0.13214285714285712,,-0.042094011584389746,month:2026-09|train_n=1066
fa133255-3391-4e5d-8b05-c830f05cc263,2026-09-09 22:00:00+00:00,2026-09-08 21:31:08.212792+00:00,Santos vs Atletico-MG,CONMEBOL Sudamericana,Double Chance 1X,1.36,WON,0.3600000000000001,0.7823529411764706,0.685460613402987,0.76,0.7352941176470588,,False,0.06400000000000006,-0.0677735657719376,0.033600000000000074,,-0.049833504244071736,month:2026-09|train_n=1066
30715eaa-4051-44fd-91d9-f833f0018765,2026-09-09 22:00:00+00:00,2026-09-08 21:31:08.212798+00:00,Santos vs Atletico-MG,CONMEBOL Sudamericana,Moneyline,2.38,WON,1.38,0.4911764705882353,0.43693701312541666,0.35294117647058826,0.42016806722689076,,False,0.16900000000000004,0.03991009123849154,-0.16000000000000003,,0.0167689458985259,month:2026-09|train_n=1066
0e1c98d8-3c14-41c4-ad26-ce819b1dba5e,2026-09-09 23:30:00+00:00,2026-09-08 21:31:08.212804+00:00,Atlanta vs Orlando City,Major League Soccer,BTTS,1.4,WON,0.3999999999999999,0.7378571428571429,0.6504888217298141,0.7093023255813954,0.7142857142857143,,False,0.03299999999999992,-0.08931564957826021,-0.006976744186046546,,-0.06379689255590015,month:2026-09|train_n=1066
13e31dc4-c1ef-4ed7-a6ec-fd40f67ec78b,2026-09-09 23:30:00+00:00,2026-09-08 21:31:08.212829+00:00,Atlanta vs Orlando City,Major League Soccer,Over 2.5,1.44,WON,0.43999999999999995,0.74375,0.6552248753617772,0.7093023255813954,0.6944444444444444,,False,0.07099999999999995,-0.05647617947904082,0.021395348837209394,,-0.039219569082667216,month:2026-09|train_n=1066
9e196b3f-72d9-4b94-a3e0-ccba3451123e,2026-09-09 23:30:00+00:00,2026-09-08 21:31:08.212835+00:00,Atlanta vs Orlando City,Major League Soccer,Over 3.5,2.1,WON,1.1,0.549047619047619,0.48790811740130724,0.5100671140939598,0.47619047619047616,,False,0.15300000000000002,0.02460704654274526,0.07114093959731549,,0.011717641210831076,month:2026-09|train_n=1066
5923ec10-5df9-4ce9-885b-4a1fc1442121,2026-09-09 23:30:00+00:00,2026-09-08 21:31:08.212841+00:00,DC United vs Columbus,Major League Soccer,Moneyline,2.6,LOST,-1.0,0.4838461538461538,0.43055243855438374,0.35294117647058826,0.3846153846153846,,False,0.258,0.11943634024139782,-0.08235294117647052,,0.04593705393899916,month:2026-09|train_n=1066
3793d039-86bc-4432-8e83-5cde20f6fc29,2026-09-09 23:30:00+00:00,2026-09-08 21:31:08.212847+00:00,DC United vs Columbus,Major League Soccer,Double Chance X2,1.5,LOST,-1.0,0.7360000000000001,0.648990018967278,0.7093023255813954,0.6666666666666666,,False,0.10400000000000009,-0.02651497154908289,0.06395348837209314,,-0.017676647699388592,month:2026-09|train_n=1066
ff1bdc8c-1ccf-49cf-a793-7349d76d3d67,2026-09-10 00:00:00+00:00,2026-09-08 21:31:08.212853+00:00,NYCFC vs New England,Major League Soccer,BTTS,1.57,WON,0.5700000000000001,0.6898089171974522,0.6108288561820922,0.5436241610738255,0.6369426751592356,,False,0.08299999999999996,-0.0409986957941153,-0.14651006711409398,,-0.026113818977143488,month:2026-09|train_n=1066
038ce6e9-46f8-4964-ae6a-36b7e49eb5b9,2026-09-10 00:00:00+00:00,2026-09-08 21:31:08.212859+00:00,NYCFC vs New England,Major League Soccer,Team Over 1.5,1.91,LOST,-1.0,0.598952879581152,0.5321056415174822,0.5205479452054794,0.5235602094240838,,False,0.14400000000000013,0.01632177529839085,-0.005753424657534367,,0.00854543209339842,month:2026-09|train_n=1066
905af473-aaa6-42bd-af0d-692478d09d7d,2026-09-10 00:00:00+00:00,2026-09-08 21:31:08.212864+00:00,NYCFC vs New England,Major League Soccer,Moneyline,2.2,WON,1.2000000000000002,0.4809090909090909,0.4280006523477795,0.35294117647058826,0.45454545454545453,,False,0.05800000000000005,-0.058398564834885036,-0.22352941176470575,,-0.02654480219767502,month:2026-09|train_n=1066
2b7b5554-be4f-4e6d-b3c2-ce49d2c75b47,2026-09-10 00:00:00+00:00,2026-09-08 21:31:08.212870+00:00,NYCFC vs New England,Major League Soccer,Over 1.5,1.2,WON,0.19999999999999996,0.8683333333333334,0.7472293465964097,0.7831325301204819,0.8333333333333334,,False,0.04200000000000004,-0.10332478408430834,-0.06024096385542177,,-0.08610398673692365,month:2026-09|train_n=1066
01385c2f-a77a-46de-9ee8-e556400c1ca2,2026-09-10 00:00:00+00:00,2026-09-08 21:31:08.212875+00:00,NYCFC vs New England,Major League Soccer,Over 2.5,1.67,WON,0.6699999999999999,0.6910179640718562,0.6118476012505275,0.5436241610738255,0.5988023952095809,,False,0.15399999999999991,0.02178549408838082,-0.0921476510067114,,0.01304520604094661,month:2026-09|train_n=1066
5d1b7731-8b43-448e-b7c9-11ca3b62782a,2026-09-10 00:30:00+00:00,2026-09-08 21:31:08.212881+00:00,Austin vs Colorado,Major League Soccer,BTTS,1.7,WON,0.7,0.6311764705882353,0.5604213782039729,0.5357142857142857,0.5882352941176471,,False,0.07299999999999995,-0.04728365705324611,-0.0892857142857143,,-0.027813915913674214,month:2026-09|train_n=1066
c9a5f1d8-8233-4034-8ba9-7e8806bac115,2026-09-10 00:30:00+00:00,2026-09-08 21:31:08.212887+00:00,Austin vs Colorado,Major League Soccer,Over 1.5,1.28,WON,0.28,0.8250000000000001,0.7171196760881923,0.7831325301204819,0.78125,,False,0.05600000000000005,-0.08208681460711387,0.002409638554216942,,-0.06413032391180773,month:2026-09|train_n=1066
539b6eca-45e3-4542-bcb4-b49f69b246fb,2026-09-10 00:30:00+00:00,2026-09-08 21:31:08.212893+00:00,Austin vs Colorado,Major League Soccer,Over 2.5,1.9,LOST,-1.0,0.6031578947368421,0.5358164326711937,0.520938268367195,0.5263157894736842,,False,0.1459999999999999,0.018051222075267992,-0.010217290102329524,,0.00950064319750954,month:2026-09|train_n=1066
31c7cd88-831a-47c1-a9a4-f90750d45652,2026-09-10 00:30:00+00:00,2026-09-08 21:31:08.212898+00:00,Minnesota vs Dallas,Major League Soccer,Double Chance X2,1.91,WON,0.9099999999999999,0.6397905759162303,0.5679323488262864,0.5357142857142857,0.5235602094240838,,False,0.22199999999999998,0.08475078625820709,0.023214285714285632,,0.04437213940220264,month:2026-09|train_n=1066
337db9aa-1ab0-4b11-94e7-2506abc8ce6a,2026-09-10 02:30:00+00:00,2026-09-08 21:31:08.212904+00:00,LAFC vs NY Red Bulls,Major League Soccer,BTTS,1.53,LOST,-1.0,0.7202614379084967,0.6361724824124733,0.7093023255813954,0.6535947712418301,,False,0.10200000000000009,-0.026656101908915875,0.08523255813953501,,-0.017422288829356813,month:2026-09|train_n=1066
368a9085-e001-4450-9e68-2c434fe45c74,2026-09-10 02:30:00+00:00,2026-09-08 21:31:08.212910+00:00,LAFC vs NY Red Bulls,Major League Soccer,Over 2.5,1.36,LOST,-1.0,0.7779411764705882,0.6820776900466058,0.76,0.7352941176470588,,False,0.05800000000000005,-0.07237434153661604,0.033600000000000074,,-0.053216427600452976,month:2026-09|train_n=1066
6824b523-04e1-43fc-a3e9-31cff54052e1,2026-09-10 02:30:00+00:00,2026-09-08 21:31:08.212916+00:00,LAFC vs NY Red Bulls,Major League Soccer,Over 3.5,1.83,LOST,-1.0,0.585792349726776,0.5204707984358001,0.5100671140939598,0.5464480874316939,,False,0.07200000000000006,-0.047538438862485766,-0.06657718120805356,,-0.0259772889958938,month:2026-09|train_n=1066
58bbf729-b942-4693-b36e-facd3614bedb,2026-09-10 02:30:00+00:00,2026-09-08 21:31:08.212921+00:00,Portland vs St. Louis,Major League Soccer,Over 2.5,1.53,WON,0.53,0.696078431372549,0.6161008705898959,0.6153846153846154,0.6535947712418301,,False,0.06499999999999995,-0.057365667997459235,-0.05846153846153834,,-0.03749390065193414,month:2026-09|train_n=1066
34dda8aa-c2e7-4a4c-ab30-383bcadb9c58,2026-09-10 02:30:00+00:00,2026-09-08 21:31:08.212926+00:00,Portland vs St. Louis,Major League Soccer,Team Over 1.5,1.83,WON,0.8300000000000001,0.5737704918032787,0.509822859185552,0.5100671140939598,0.5464480874316939,,False,0.050000000000000044,-0.06702416769043973,-0.06657718120805356,,-0.036625228246141894,month:2026-09|train_n=1066
ec4cf47d-98ea-479c-88f7-6ea59d0f3653,2026-09-10 02:30:00+00:00,2026-09-08 21:31:08.212931+00:00,San Diego vs San Jose,Major League Soccer,Double Chance X2,1.95,WON,0.95,0.6,0.5330300399925362,0.5205479452054794,0.5128205128205129,,False,0.16999999999999993,0.039408577985445614,0.015068493150684814,,0.02020952717202329,month:2026-09|train_n=1066
5b3555c3-ee3e-4b7f-b011-2b2d866c9e96,2026-09-10 02:30:00+00:00,2026-09-08 21:31:08.212937+00:00,Vancouver vs LA Galaxy,Major League Soccer,BTTS,1.53,LOST,-1.0,0.7019607843137255,0.6210226592919056,0.6153846153846154,0.6535947712418301,,False,0.07400000000000007,-0.049835331283384465,-0.05846153846153834,,-0.03257211194992449,month:2026-09|train_n=1066
cc68d3a5-0a48-4347-ad43-91722420ba95,2026-09-10 02:30:00+00:00,2026-09-08 21:31:08.212943+00:00,Vancouver vs LA Galaxy,Major League Soccer,Over 2.5,1.36,WON,0.3600000000000001,0.7897058823529411,0.6910552021980305,0.76,0.7352941176470588,,False,0.07400000000000007,-0.06016492501067838,0.033600000000000074,,-0.04423891544902825,month:2026-09|train_n=1066
456a0ac8-7e00-40d5-ac56-db0034d9a32d,2026-09-10 02:30:00+00:00,2026-09-08 21:31:08.212949+00:00,Vancouver vs LA Galaxy,Major League Soccer,Over 3.5,1.83,LOST,-1.0,0.6202185792349727,0.5508270723215907,0.5357142857142857,0.5464480874316939,,False,0.135,0.008013542348511038,-0.019642857142857184,,0.004378984889896742,month:2026-09|train_n=1066
62b57f7a-fda5-4423-b321-28274572c20f,2026-09-10 16:45:00+00:00,2026-09-09 21:31:08.064094+00:00,PSV vs Shakhtar,UEFA Champions League,BTTS,1.57,WON,0.5700000000000001,0.6777070063694267,0.6005797275709722,0.5436241610738255,0.6369426751592356,,False,0.06400000000000006,-0.057089827713573627,-0.14651006711409398,,-0.03636294758826342,month:2026-09|train_n=1066
14dd6548-f834-49e0-b002-153316916cbe,2026-09-10 16:45:00+00:00,2026-09-09 21:31:08.064116+00:00,PSV vs Shakhtar,UEFA Champions League,Over 2.5,1.44,LOST,-1.0,0.7500000000000001,0.660214480808976,0.7093023255813954,0.6944444444444444,,False,0.08000000000000007,-0.049291147635074584,0.021395348837209394,,-0.034229963635468375,month:2026-09|train_n=1066
0143b338-e5a0-42f5-85c3-67d7ec258d94,2026-09-10 16:45:00+00:00,2026-09-09 21:31:08.064123+00:00,PSV vs Shakhtar,UEFA Champions League,Over 3.5,2.1,LOST,-1.0,0.5580952380952381,0.4959271261938278,0.5100671140939598,0.47619047619047616,,False,0.17199999999999993,0.04144696500703837,0.07114093959731549,,0.01973665000335162,month:2026-09|train_n=1066
655775fc-dfdb-46e8-889f-54c5f391bc53,2026-09-10 19:00:00+00:00,2026-09-09 21:31:08.064128+00:00,Bayern vs Bodo/Glimt,UEFA Champions League,BTTS,1.67,LOST,-1.0,0.6718562874251497,0.5955923661938403,0.5436241610738255,0.5988023952095809,,False,0.12199999999999989,-0.005360748456286757,-0.0921476510067114,,-0.003210029015740634,month:2026-09|train_n=1066
c3dbf986-5936-4e0f-8e15-894718fa5685,2026-09-10 19:00:00+00:00,2026-09-09 21:31:08.064134+00:00,Bayern vs Bodo/Glimt,UEFA Champions League,Over 3.5,1.36,WON,0.3600000000000001,0.7617647058823529,0.6695102287401653,0.76,0.7352941176470588,,False,0.03600000000000003,-0.08946608891337515,0.033600000000000074,,-0.06578388890689346,month:2026-09|train_n=1066
f77029ac-86e0-4684-a973-0cc5189615ce,2026-09-10 19:00:00+00:00,2026-09-09 21:31:08.064140+00:00,Slavia Praha vs Lens,UEFA Champions League,Over 2.5,1.8,WON,0.8,0.59,0.5241936829400234,0.5205479452054794,0.5555555555555556,,False,0.062000000000000055,-0.056451370707957804,-0.06301369863013706,,-0.03136187261553214,month:2026-09|train_n=1066
46954f42-f9e1-4475-ad43-ca8f920635a1,2026-09-10 19:15:00+00:00,2026-09-09 21:31:08.064145+00:00,Estrela vs SC Braga,Primeira Liga,BTTS,1.95,WON,0.95,0.5851282051282052,0.5198829518467519,0.5100671140939598,0.5128205128205129,,False,0.14100000000000001,0.013771756101166321,-0.005369127516778427,,0.007062439026239042,month:2026-09|train_n=1066
809946dd-68e8-4cdf-b5a9-65c1e1c69ee4,2026-09-10 19:15:00+00:00,2026-09-09 21:31:08.064150+00:00,Estrela vs SC Braga,Primeira Liga,Over 2.5,1.95,WON,0.95,0.5748717948717949,0.510798817317664,0.5100671140939598,0.5128205128205129,,False,0.121,-0.003942306230555248,-0.005369127516778427,,-0.002021695502848919,month:2026-09|train_n=1066
148dc759-ebd8-4912-b0b4-2ac71903844b,2026-09-11 16:30:00+00:00,2026-09-11 03:32:04.626124+00:00,Darmstadt vs Arminia,2. Bundesliga,Double Chance 1X,1.53,WON,0.53,0.7091503267973855,0.6270044290966,0.6153846153846154,0.6535947712418301,,False,0.08499999999999996,-0.04068322348220188,-0.05846153846153834,,-0.02659034214523004,month:2026-09|train_n=1066
adcafb22-77e2-408c-af6d-a14c6cc53ee2,2026-09-11 16:30:00+00:00,2026-09-11 03:32:04.626143+00:00,Darmstadt vs Arminia,2. Bundesliga,Moneyline,2.7,WON,1.7000000000000002,0.46814814814814815,0.416959730791738,0.35294117647058826,0.37037037037037035,,False,0.264,0.12579127313769267,-0.0470588235294116,,0.04658936042136763,month:2026-09|train_n=1066
fe7c2b7d-cbdc-4e67-a0a8-db3df514064f,2026-09-11 17:00:00+00:00,2026-09-11 03:32:04.626147+00:00,Copenhagen vs AC Horsens,Superliga,BTTS,1.95,LOST,-1.0,0.6358974358974359,0.5645414238976805,0.5357142857142857,0.5128205128205129,,False,0.24,0.10085577660047695,0.044642857142856984,,0.051720911077167586,month:2026-09|train_n=1066
1bd22cff-b871-4621-8b68-a4bc9f3639ac,2026-09-11 18:00:00+00:00,2026-09-11 03:32:04.626152+00:00,AZ Alkmaar vs Willem II,Eredivisie,BTTS,1.8,WON,0.8,0.615,0.5462441065070782,0.5357142857142857,0.5555555555555556,,False,0.10699999999999998,-0.016760608287259227,-0.0357142857142857,,-0.00931144904847736,month:2026-09|train_n=1066
5d5a73c2-3ab8-4dac-984a-26e58e6dcc0b,2026-09-11 18:00:00+00:00,2026-09-11 03:32:04.626157+00:00,AZ Alkmaar vs Willem II,Eredivisie,Over 2.5,1.25,LOST,-1.0,0.8320000000000001,0.7221281450703052,0.7831325301204819,0.8,,False,0.040000000000000036,-0.0973398186621185,-0.02108433734939763,,-0.07787185492969484,month:2026-09|train_n=1066
ccc84caa-c5fa-4f70-ba8e-2ea0c925a076,2026-09-11 18:00:00+00:00,2026-09-11 03:32:04.626161+00:00,AZ Alkmaar vs Willem II,Eredivisie,Over 3.5,1.67,LOST,-1.0,0.6682634730538923,0.5925198383641982,0.5436241610738255,0.5988023952095809,,False,0.1160000000000001,-0.010491869931789077,-0.0921476510067114,,-0.006282556845382703,month:2026-09|train_n=1066
df20725a-7b76-4a26-832a-d6511f95e8aa,2026-09-11 18:00:00+00:00,2026-09-11 03:32:04.626165+00:00,Al Ahli vs Al Hazm,Pro League,Team Over 1.5,1.4,WON,0.3999999999999999,0.7600000000000001,0.6681240593841117,0.76,0.7142857142857143,,False,0.06400000000000006,-0.06462631686224374,0.06399999999999983,,-0.04616165490160262,month:2026-09|train_n=1066
de0bf08a-729c-428a-88a5-a2811c60b1e8,2026-09-11 18:00:00+00:00,2026-09-11 03:32:04.626169+00:00,Emmen vs De Graafschap,Eerste Divisie,Team Over 1.5,1.5,LOST,-1.0,0.7000000000000001,0.6193847736434822,0.6153846153846154,0.6666666666666666,,False,0.050000000000000044,-0.07092283953477674,-0.07692307692307687,,-0.04728189302318442,month:2026-09|train_n=1066
be50262d-288a-4beb-a737-1aa855a75a46,2026-09-11 18:00:00+00:00,2026-09-11 03:32:04.626173+00:00,Emmen vs De Graafschap,Eerste Divisie,Moneyline,2.0,LOST,-1.0,0.544,0.4834367936855829,0.5100671140939598,0.5,,False,0.08800000000000008,-0.0331264126288342,0.020134228187919545,,-0.0165632063144171,month:2026-09|train_n=1066
222d8f7b-fe0d-4b18-ab6b-1d49af4d33da,2026-09-11 18:00:00+00:00,2026-09-11 03:32:04.626178+00:00,FC Eindhoven vs Dordrecht,Eerste Divisie,Over 2.5,1.53,WON,0.53,0.7013071895424836,0.6204770018317849,0.6153846153846154,0.6535947712418301,,False,0.07299999999999995,-0.050670187197369154,-0.05846153846153834,,-0.033117769410045184,month:2026-09|train_n=1066
5954487d-cbcf-434a-a47b-574fb82362e2,2026-09-11 18:00:00+00:00,2026-09-11 03:32:04.626182+00:00,Helmond Sport vs Jong PSV,Eerste Divisie,Over 2.5,1.48,WON,0.48,0.6979729729729729,0.6176886933633651,0.6153846153846154,0.6756756756756757,,False,0.03299999999999992,-0.08582073382221966,-0.08923076923076922,,-0.057986982312310587,month:2026-09|train_n=1066
055cc190-effc-493d-9d9b-213c77c47e6d,2026-09-11 18:00:00+00:00,2026-09-11 03:32:04.626187+00:00,Heracles vs Jong AZ,Eerste Divisie,BTTS,1.4,WON,0.3999999999999999,0.7878571428571429,0.6896537402559497,0.76,0.7142857142857143,,False,0.10299999999999998,-0.03448476364167041,0.06399999999999983,,-0.02463197402976458,month:2026-09|train_n=1066
d22edd1e-a5c0-4f5e-a6b7-d05a7d0b0ecf,2026-09-11 18:00:00+00:00,2026-09-11 03:32:04.626191+00:00,Heracles vs Jong AZ,Eerste Divisie,Over 2.5,1.28,WON,0.28,0.84609375,0.7320449150312212,0.7831325301204819,0.78125,,False,0.08299999999999996,-0.06298250876003686,0.002409638554216942,,-0.049205084968778845,month:2026-09|train_n=1066
57b7e089-83fe-43e7-8491-f978d77ae510,2026-09-11 18:00:00+00:00,2026-09-11 03:32:04.626195+00:00,Heracles vs Jong AZ,Eerste Divisie,Over 3.5,1.67,WON,0.6699999999999999,0.6898203592814371,0.6108385018553467,0.5436241610738255,0.5988023952095809,,False,0.1519999999999999,0.02010029809842906,-0.0921476510067114,,0.01203610664576582,month:2026-09|train_n=1066
017a2c3c-6ff7-449f-8e6f-af08e4c8cb6d,2026-09-11 18:30:00+00:00,2026-09-11 03:32:04.626199+00:00,Union Berlin vs Schalke,Bundesliga,Moneyline,2.3,LOST,-1.0,0.49000000000000005,0.43591086229041165,0.35294117647058826,0.4347826086956522,,False,0.127,0.0025949832679468265,-0.18823529411764706,,0.0011282535947594319,month:2026-09|train_n=1066
00a38dc2-e69c-45af-8129-8aed7e22363d,2026-09-11 18:45:00+00:00,2026-09-11 03:32:04.626203+00:00,Mechelen vs Anderlecht,Jupiler Pro League,BTTS,1.7,LOST,-1.0,0.6617647058823529,0.5869439087991901,0.5436241610738255,0.5882352941176471,,False,0.125,-0.002195355041376801,-0.07583892617449672,,-0.0012913853184569613,month:2026-09|train_n=1066
858b9096-2324-4ee1-987d-ba3fd6d52370,2026-09-11 18:45:00+00:00,2026-09-11 03:32:04.626207+00:00,Mechelen vs Anderlecht,Jupiler Pro League,Over 1.5,1.22,LOST,-1.0,0.8450819672131147,0.731340518057935,0.7831325301204819,0.819672131147541,,False,0.030999999999999917,-0.10776456796931932,-0.04457831325301209,,-0.08833161308960602,month:2026-09|train_n=1066
982190bb-7a4c-4c04-acfb-4f553c73ef79,2026-09-11 18:45:00+00:00,2026-09-11 03:32:04.626226+00:00,Mechelen vs Anderlecht,Jupiler Pro League,Over 2.5,1.75,LOST,-1.0,0.644,0.5715915980798698,0.5357142857142857,0.5714285714285714,,False,0.127,0.0002852966397721701,-0.0625,,0.00016302665129841465,month:2026-09|train_n=1066
8c9824b9-53d7-4920-9838-52a498fb5853,2026-09-11 19:00:00+00:00,2026-09-11 03:32:04.626230+00:00,Sevilla vs Valencia,La Liga,BTTS,2.0,LOST,-1.0,0.521,0.46310697376596544,0.40298507462686567,0.5,,False,0.04200000000000004,-0.07378605246806913,-0.19402985074626866,,-0.036893026234034565,month:2026-09|train_n=1066
441fb142-8f26-452e-8995-5d257cdacdd9,2026-09-11 19:00:00+00:00,2026-09-11 03:32:04.626234+00:00,Sevilla vs Valencia,La Liga,Over 1.5,1.44,LOST,-1.0,0.7298611111111111,0.644014823230337,0.7093023255813954,0.6944444444444444,,False,0.050999999999999934,-0.07261865454831473,0.021395348837209394,,-0.050429621214107434,month:2026-09|train_n=1066
ae64702e-5d40-486a-8c6a-7438105df015,2026-09-11 19:00:00+00:00,2026-09-11 03:32:04.626237+00:00,West Ham vs Wrexham,Championship,BTTS,1.67,LOST,-1.0,0.6311377245508982,0.5603875287750311,0.5357142857142857,0.5988023952095809,,False,0.05400000000000005,-0.06415282694569813,-0.10535714285714293,,-0.03841486643454983,month:2026-09|train_n=1066
760b6b6b-abb0-4ee0-9bbd-163b85cb8581,2026-09-11 19:00:00+00:00,2026-09-11 03:32:04.626241+00:00,West Ham vs Wrexham,Championship,Over 2.5,1.67,WON,0.6699999999999999,0.6281437125748502,0.5577702158345215,0.5357142857142857,0.5988023952095809,,False,0.04899999999999993,-0.06852373955634916,-0.10535714285714293,,-0.04103217937505943,month:2026-09|train_n=1066
28ccfcf5-27e5-4d39-85b7-881aac14a561,2026-09-12 00:00:00+00:00,2026-09-11 03:32:04.626244+00:00,Coritiba vs Paranaense,Serie A,BTTS,1.91,WON,0.9099999999999999,0.5712041884816754,0.5075483622060838,0.5100671140939598,0.5235602094240838,,False,0.09099999999999997,-0.030582628186380023,-0.025771812080536916,,-0.016011847217999975,month:2026-09|train_n=1066
a4998343-3890-43f3-99c1-b164741206c3,2026-09-12 00:00:00+00:00,2026-09-11 03:32:04.626248+00:00,Coritiba vs Paranaense,Serie A,Over 1.5,1.36,WON,0.3600000000000001,0.7551470588235293,0.6642970921309997,0.7093023255813954,0.7352941176470588,,False,0.026999999999999913,-0.09655595470184031,-0.03534883720930215,,-0.07099702551605902,month:2026-09|train_n=1066
c8d824c8-eea0-4b26-b250-84512a1db6ab,2026-09-12 01:00:00+00:00,2026-09-11 03:32:04.626251+00:00,Necaxa vs Puebla,Liga MX,Double Chance 1X,1.3,LOST,-1.0,0.8161538461538461,0.7107127401448786,0.7831325301204819,0.7692307692307692,,False,0.06099999999999994,-0.07607343781165776,0.01807228915662651,,-0.058518029085890544,month:2026-09|train_n=1066
4e9f0098-15dc-4f3c-b119-97e719da43a8,2026-09-12 01:00:00+00:00,2026-09-11 03:32:04.626256+00:00,Necaxa vs Puebla,Liga MX,Moneyline,1.95,LOST,-1.0,0.5851282051282052,0.5198829518467519,0.5100671140939598,0.5128205128205129,,False,0.14100000000000001,0.013771756101166321,-0.005369127516778427,,0.007062439026239042,month:2026-09|train_n=1066
6bf93be4-375a-4013-8356-a4e77b04679c,2026-09-12 03:00:00+00:00,2026-09-11 03:32:04.626259+00:00,Atlante vs Pachuca,Liga MX,Moneyline,2.2,WON,1.2000000000000002,0.49,0.43591086229041154,0.35294117647058826,0.45454545454545453,,False,0.07800000000000007,-0.04099610296109457,-0.22352941176470575,,-0.018634592255042992,month:2026-09|train_n=1066
6c87ee76-001f-4f78-bb40-36529cf5d819,2026-09-12 11:30:00+00:00,2026-09-11 21:32:49.223040+00:00,West Brom vs QPR,Championship,Double Chance X2,1.73,WON,0.73,0.6179190751445086,0.548808660123372,0.5357142857142857,0.5780346820809249,,False,0.06899999999999995,-0.050561017986566426,-0.07321428571428579,,-0.02922602195755286,month:2026-09|train_n=1066
5c223cb7-6d5b-40bd-a4ec-a1e98c6bc297,2026-09-12 13:00:00+00:00,2026-09-11 21:32:49.223063+00:00,AIK vs Vasteras,Allsvenskan,BTTS,1.57,WON,0.5700000000000001,0.6732484076433121,0.596780891996397,0.5436241610738255,0.6369426751592356,,False,0.05699999999999994,-0.06305399956565672,-0.14651006711409398,,-0.04016178316283869,month:2026-09|train_n=1066
34d5b494-6441-4c3a-9a7b-e137f336f577,2026-09-12 13:00:00+00:00,2026-09-11 21:32:49.223069+00:00,AIK vs Vasteras,Allsvenskan,Double Chance X2,1.8,WON,0.8,0.6261111111111111,0.5559915116059321,0.5357142857142857,0.5555555555555556,,False,0.127,0.0007847208906777148,-0.0357142857142857,,0.0004359560503764959,month:2026-09|train_n=1066
c26918cf-2745-4052-8915-e40d238d2c41,2026-09-12 13:00:00+00:00,2026-09-11 21:32:49.223075+00:00,AIK vs Vasteras,Allsvenskan,Over 2.5,1.65,WON,0.6499999999999999,0.6569696969696971,0.5828153706084818,0.5436241610738255,0.6060606060606061,,False,0.08400000000000007,-0.03835463849600518,-0.10302013422818801,,-0.023245235452124313,month:2026-09|train_n=1066
cbb9c887-d293-446e-88ad-f28c954a8e8f,2026-09-12 13:00:00+00:00,2026-09-11 21:32:49.223081+00:00,Genoa vs Frosinone,Serie A,Double Chance X2,1.7,WON,0.7,0.6741176470588235,0.5975224322461624,0.5436241610738255,0.5882352941176471,,False,0.1459999999999999,0.015788134818476074,-0.07583892617449672,,0.009287138128515338,month:2026-09|train_n=1066
8052b692-97e9-4bb9-98b2-57f8430716b6,2026-09-12 13:30:00+00:00,2026-09-11 21:32:49.223088+00:00,Hoffenheim vs Stuttgart,Bundesliga,BTTS,1.33,WON,0.33000000000000007,0.7977443609022555,0.697107893787931,0.76,0.7518796992481203,,False,0.06099999999999994,-0.07284650126205172,0.010800000000000143,,-0.05477180546018923,month:2026-09|train_n=1066
05ec9f74-67a1-4317-8424-b8265bbbfa1a,2026-09-12 13:30:00+00:00,2026-09-11 21:32:49.223094+00:00,Hoffenheim vs Stuttgart,Bundesliga,Team Over 1.5,1.67,WON,0.6699999999999999,0.6880239520958085,0.6093230730496845,0.5436241610738255,0.5988023952095809,,False,0.14900000000000002,0.017569531992972953,-0.0921476510067114,,0.010520677840103576,month:2026-09|train_n=1066
e2164c29-c244-4cf7-b1d2-f5812102cbe0,2026-09-12 13:30:00+00:00,2026-09-11 21:32:49.223099+00:00,Hoffenheim vs Stuttgart,Bundesliga,Moneyline,2.35,WON,1.35,0.45489361702127656,0.40557940372840895,0.35294117647058826,0.425531914893617,,False,0.06899999999999995,-0.0468884012382389,-0.1705882352941176,,-0.019952511165208076,month:2026-09|train_n=1066
6d908f46-d268-47f9-b2e5-ce71e3577dc4,2026-09-12 13:30:00+00:00,2026-09-11 21:32:49.223105+00:00,Hoffenheim vs Stuttgart,Bundesliga,Over 1.5,1.1,WON,0.10000000000000009,0.9381818181818181,0.7911034669363097,0.999999,0.9090909090909091,,False,0.03200000000000003,-0.12978618637005923,0.09999890000000011,,-0.11798744215459933,month:2026-09|train_n=1066
6aa5eefa-9e01-40e2-aaa5-f1e5839af71c,2026-09-12 13:30:00+00:00,2026-09-11 21:32:49.223112+00:00,Hoffenheim vs Stuttgart,Bundesliga,Over 2.5,1.36,WON,0.3600000000000001,0.8220588235294117,0.7149990440319938,0.7831325301204819,0.7352941176470588,,False,0.1180000000000001,-0.027601300116488425,0.06506024096385543,,-0.020295073615064996,month:2026-09|train_n=1066
70ef7da3-d3be-4bc5-b398-e74f9e2dd8e2,2026-09-12 13:30:00+00:00,2026-09-11 21:32:49.223117+00:00,Hoffenheim vs Stuttgart,Bundesliga,Over 3.5,1.91,LOST,-1.0,0.6492146596858639,0.5761138217042124,0.5357142857142857,0.5235602094240838,,False,0.24,0.10037739945504565,0.023214285714285632,,0.05255361228012867,month:2026-09|train_n=1066
2981ca4b-b005-4f72-bfc5-64d2aa5d1a82,2026-09-12 13:30:00+00:00,2026-09-11 21:32:49.223124+00:00,Hoffenheim vs Stuttgart,Bundesliga,Team Over 1.5,1.8,LOST,-1.0,0.6127777777777778,0.5442901190512955,0.5357142857142857,0.5555555555555556,,False,0.10299999999999998,-0.020277785707668028,-0.0357142857142857,,-0.01126543650426004,month:2026-09|train_n=1066
fbbdd4c6-8065-4936-9cdb-55305fe4060a,2026-09-12 14:00:00+00:00,2026-09-11 21:32:49.223130+00:00,Aston Villa vs N. Forest,Premier League,Moneyline,2.25,LOST,-1.0,0.46977777777777774,0.41836531874444427,0.35294117647058826,0.4444444444444444,,False,0.05699999999999994,-0.05867803282500039,-0.2058823529411764,,-0.02607912570000015,month:2026-09|train_n=1066
25da70a0-36f0-45fb-9391-cd0e0694c785,2026-09-12 14:00:00+00:00,2026-09-11 21:32:49.223137+00:00,Charlton vs Portsmouth,Championship,Double Chance X2,1.4,WON,0.3999999999999999,0.7507142857142857,0.6607824890316233,0.7093023255813954,0.7142857142857143,,False,0.050999999999999934,-0.07490451535572751,-0.006976744186046546,,-0.053503225254091014,month:2026-09|train_n=1066
3e9961c3-5f78-4cfe-bd43-31f948770665,2026-09-12 14:00:00+00:00,2026-09-11 21:32:49.223143+00:00,Charlton vs Portsmouth,Championship,Moneyline,2.62,LOST,-1.0,0.4721374045801527,0.4204028895836892,0.35294117647058826,0.38167938931297707,,False,0.2370000000000001,0.1014555707092657,-0.07529411764705873,,0.03872350027071214,month:2026-09|train_n=1066
874fefe2-c57b-415a-94e6-e59674d9c60a,2026-09-12 14:00:00+00:00,2026-09-11 21:32:49.223162+00:00,Chelsea vs Hull City,Premier League,BTTS,1.91,WON,0.9099999999999999,0.5858638743455498,0.5205341028382262,0.5100671140939598,0.5235602094240838,,False,0.119,-0.005779863578987965,-0.025771812080536916,,-0.0030261065858575575,month:2026-09|train_n=1066
df433da5-2e9d-4faf-91fe-4bfc33bd3d18,2026-09-12 14:00:00+00:00,2026-09-11 21:32:49.223168+00:00,Eyüpspor vs Rizespor,Süper Lig,Double Chance 1X,1.91,LOST,-1.0,0.6198952879581152,0.5505433997873533,0.5357142857142857,0.5235602094240838,,False,0.18399999999999994,0.05153789359384486,0.023214285714285632,,0.02698319036326957,month:2026-09|train_n=1066
ed514064-d710-404b-bfad-254035dd2f11,2026-09-12 14:00:00+00:00,2026-09-11 21:32:49.223174+00:00,Palace vs Ipswich,Premier League,BTTS,1.7,WON,0.7,0.6258823529411766,0.5557912374349109,0.5357142857142857,0.5882352941176471,,False,0.06400000000000006,-0.05515489636065152,-0.0892857142857143,,-0.0324440566827362,month:2026-09|train_n=1066
c90e93a0-19cc-4139-a03b-65b5d6f8edc0,2026-09-12 14:00:00+00:00,2026-09-11 21:32:49.223180+00:00,Palace vs Ipswich,Premier League,Over 1.5,1.25,WON,0.25,0.8352,0.7243994738349213,0.7831325301204819,0.8,,False,0.04400000000000004,-0.0945006577063483,-0.02108433734939763,,-0.07560052616507873,month:2026-09|train_n=1066
7e9d1a69-c415-4869-99bd-69b775f8a611,2026-09-12 14:00:00+00:00,2026-09-11 21:32:49.223186+00:00,Palace vs Ipswich,Premier League,Over 2.5,1.8,WON,0.8,0.6222222222222222,0.5525844282867365,0.5357142857142857,0.5555555555555556,,False,0.1200000000000001,-0.005348029083874328,-0.0357142857142857,,-0.002971127268819096,month:2026-09|train_n=1066
217dd7a2-dcf6-4847-bd52-bbc3a675e088,2026-09-12 14:00:00+00:00,2026-09-11 21:32:49.223191+00:00,Preston vs Lincoln,Championship,Double Chance 1X,1.36,LOST,-1.0,0.7580882352941175,0.6666190814120311,0.76,0.7352941176470588,,False,0.030999999999999917,-0.09339804927963768,0.033600000000000074,,-0.06867503623502769,month:2026-09|train_n=1066
414eea58-f34c-446e-b209-45e388ddb8c3,2026-09-12 14:00:00+00:00,2026-09-11 21:32:49.223197+00:00,Preston vs Lincoln,Championship,Moneyline,2.3,LOST,-1.0,0.47608695652173916,0.4238194276125873,0.35294117647058826,0.4347826086956522,,False,0.09499999999999997,-0.025215316491049355,-0.18823529411764706,,-0.010963181083064932,month:2026-09|train_n=1066
9d9b597c-fe67-408d-b237-71853f6526f9,2026-09-12 14:00:00+00:00,2026-09-11 21:32:49.223202+00:00,Preston vs Lincoln,Championship,Under 2.5,1.91,WON,0.9099999999999999,0.6162303664921467,0.5473253522779361,0.5357142857142857,0.5235602094240838,,False,0.17700000000000005,0.04539142285085784,0.023214285714285632,,0.02376514285385234,month:2026-09|train_n=1066
2c4b9cc3-1090-4b15-9cc0-17d127c1e43b,2026-09-12 14:00:00+00:00,2026-09-11 21:32:49.223208+00:00,Samsunspor vs Çorum FK,Süper Lig,BTTS,1.73,WON,0.73,0.6127167630057804,0.5442364495894587,0.5357142857142857,0.5780346820809249,,False,0.06000000000000005,-0.05847094221023641,-0.07321428571428579,,-0.033798232491466185,month:2026-09|train_n=1066
4df79320-0130-4742-86f9-0b6472d112e4,2026-09-12 14:00:00+00:00,2026-09-11 21:32:49.223212+00:00,Samsunspor vs Çorum FK,Süper Lig,Over 1.5,1.28,WON,0.28,0.828125,0.719362346466126,0.7831325301204819,0.78125,,False,0.06000000000000005,-0.07921619652335876,0.002409638554216942,,-0.06188765353387404,month:2026-09|train_n=1066
563d5dcc-fb0a-4195-8ee1-b3ee92657d87,2026-09-12 14:00:00+00:00,2026-09-11 21:32:49.223217+00:00,Samsunspor vs Çorum FK,Süper Lig,Over 2.5,1.9,WON,0.8999999999999999,0.6178947368421053,0.5487872882291899,0.5357142857142857,0.5263157894736842,,False,0.17399999999999993,0.04269584763546064,0.017857142857142794,,0.022471498755505692,month:2026-09|train_n=1066
f30aea87-3a44-4a72-8322-883a6432740e,2026-09-12 14:00:00+00:00,2026-09-11 21:32:49.223221+00:00,Samsunspor vs Çorum FK,Süper Lig,Team Over 1.5,2.0,LOST,-1.0,0.588,0.5224244138838978,0.5205479452054794,0.5,,False,0.17599999999999993,0.04484882776779564,0.041095890410958846,,0.02242441388389782,month:2026-09|train_n=1066
ba4e87e0-397e-46bd-8ee2-47540c899c7b,2026-09-12 14:00:00+00:00,2026-09-11 21:32:49.223225+00:00,Samsunspor vs Çorum FK,Süper Lig,Moneyline,2.0,LOST,-1.0,0.543,0.48255125732501264,0.5100671140939598,0.5,,False,0.08600000000000008,-0.03489748534997472,0.020134228187919545,,-0.01744874267498736,month:2026-09|train_n=1066
6438f648-7f6b-4aa2-b0aa-8ebf0415c9af,2026-09-12 14:00:00+00:00,2026-09-11 21:32:49.223229+00:00,Swansea vs Burnley,Championship,Double Chance X2,1.67,LOST,-1.0,0.6592814371257485,0.584807283409761,0.5436241610738255,0.5988023952095809,,False,0.10099999999999998,-0.0233718367056992,-0.0921476510067114,,-0.013995111799819937,month:2026-09|train_n=1066
191ebff6-dfce-4bce-aa22-0bafcbff4d9d,2026-09-12 14:30:00+00:00,2026-09-11 21:32:49.223234+00:00,Nacional vs Alverca,Primeira Liga,Double Chance 1X,1.44,LOST,-1.0,0.7569444444444445,0.6657170382800313,0.76,0.6944444444444444,,False,0.09000000000000008,-0.04136746487675502,0.09440000000000004,,-0.02872740616441316,month:2026-09|train_n=1066
83cdce24-16eb-4ab7-be1e-0d95c59818ba,2026-09-12 14:30:00+00:00,2026-09-11 21:32:49.223239+00:00,Nacional vs Alverca,Primeira Liga,Moneyline,2.62,LOST,-1.0,0.5030534351145038,0.44732523403871316,0.40298507462686567,0.38167938931297707,,False,0.31800000000000006,0.1719921131814286,0.055820895522388,,0.06564584472573609,month:2026-09|train_n=1066
008d3d7a-335d-4d69-87d7-15f0b198f543,2026-09-12 14:30:00+00:00,2026-09-11 21:32:49.223243+00:00,Roda vs Vitesse,Eerste Divisie,Double Chance X2,1.67,LOST,-1.0,0.6497005988023952,0.5765345982600845,0.5357142857142857,0.5988023952095809,,False,0.08499999999999996,-0.03718722090565896,-0.10535714285714293,,-0.022267796949496432,month:2026-09|train_n=1066
139ea584-1f9b-41b6-a7e8-b74a8bd154c8,2026-09-12 14:30:00+00:00,2026-09-11 21:32:49.223248+00:00,Roda vs Vitesse,Eerste Divisie,Over 2.5,1.62,LOST,-1.0,0.6567901234567901,0.5826605268671495,0.5436241610738255,0.6172839506172839,,False,0.06400000000000006,-0.0560899464752177,-0.11932885906040269,,-0.034623423750134386,month:2026-09|train_n=1066
b110c78f-82e2-4a9a-9adc-c8b869dd0e36,2026-09-12 15:00:00+00:00,2026-09-11 21:32:49.223253+00:00,SCR Altach vs Grazer,Bundesliga,Over 2.5,1.85,WON,0.8500000000000001,0.5637837837837837,0.5009702843547705,0.5100671140939598,0.5405405405405405,,False,0.04299999999999993,-0.07320497394367442,-0.05637583892617437,,-0.039570256185769925,month:2026-09|train_n=1066
de242dbe-773e-436b-a5c1-13f9dd9cee29,2026-09-12 15:00:00+00:00,2026-09-11 21:32:49.223257+00:00,SCR Altach vs Grazer,Bundesliga,Moneyline,2.15,LOST,-1.0,0.5330232558139535,0.47372339560134663,0.40298507462686567,0.46511627906976744,,False,0.1459999999999999,0.01850530054289523,-0.13358208955223883,,0.008607116531579195,month:2026-09|train_n=1066
d0ec4a42-0039-4068-8d6f-248cbba9ede9,2026-09-12 15:15:00+00:00,2026-09-11 21:32:49.223261+00:00,Strasbourg vs Monaco,Ligue 1,Double Chance 1X,1.67,WON,0.6699999999999999,0.6251497005988025,0.5551496901601671,0.5357142857142857,0.5988023952095809,,False,0.04400000000000004,-0.07290001743252095,-0.10535714285714293,,-0.043652705049413765,month:2026-09|train_n=1066
d305cbe1-4a1a-4b50-a6a8-eed1eb8f1628,2026-09-12 15:30:00+00:00,2026-09-11 21:32:49.223265+00:00,Goteborg vs Halmstad,Allsvenskan,BTTS,1.7,WON,0.7,0.618235294117647,0.5490863212053844,0.5357142857142857,0.5882352941176471,,False,0.050999999999999934,-0.06655325395084666,-0.0892857142857143,,-0.039148972912262714,month:2026-09|train_n=1066
17c82628-c600-4d6d-b000-ffb3900739ff,2026-09-12 15:30:00+00:00,2026-09-11 21:32:49.223269+00:00,Goteborg vs Halmstad,Allsvenskan,Over 2.5,1.57,WON,0.5700000000000001,0.6687898089171974,0.5929704126493385,0.5436241610738255,0.6369426751592356,,False,0.050000000000000044,-0.06903645214053855,-0.14651006711409398,,-0.043972262509897164,month:2026-09|train_n=1066
124ddaa9-5410-49ff-9a61-e1181d46cd5a,2026-09-12 16:00:00+00:00,2026-09-11 21:32:49.223274+00:00,FC Thun vs Grasshoppers,Super League,Double Chance X2,2.0,WON,1.0,0.594,0.5277303556518471,0.5205479452054794,0.5,,False,0.18799999999999994,0.05546071130369423,0.041095890410958846,,0.027730355651847116,month:2026-09|train_n=1066
cbe2c2e5-4de5-410c-b836-13196221f8d7,2026-09-12 16:00:00+00:00,2026-09-11 21:32:49.223278+00:00,ST. Gallen vs FC Sion,Super League,Over 2.5,1.4,WON,0.3999999999999999,0.7342857142857143,0.647603894963417,0.7093023255813954,0.7142857142857143,,False,0.028000000000000025,-0.09335454705121626,-0.006976744186046546,,-0.06668181932229733,month:2026-09|train_n=1066
f4c16e49-f18f-4795-a62e-a9446cc81cbe,2026-09-12 16:15:00+00:00,2026-09-11 21:32:49.223282+00:00,Westerlo vs Standard,Jupiler Pro League,BTTS,1.5,WON,0.5,0.7026666666666667,0.6216116255730277,0.6153846153846154,0.6666666666666666,,False,0.05400000000000005,-0.0675825616404584,-0.07692307692307687,,-0.04505504109363889,month:2026-09|train_n=1066
1a4ad3c2-0d19-4fbe-bfd6-3b5ea01aa6b3,2026-09-12 16:15:00+00:00,2026-09-11 21:32:49.223286+00:00,Westerlo vs Standard,Jupiler Pro League,Double Chance X2,1.53,LOST,-1.0,0.7130718954248366,0.6302510375834115,0.6470588235294118,0.6535947712418301,,False,0.09099999999999997,-0.035715912497380375,-0.009999999999999898,,-0.023343733658418575,month:2026-09|train_n=1066
4bd8a805-7b0c-4dd3-a60d-a16af94e7588,2026-09-12 16:15:00+00:00,2026-09-11 21:32:49.223290+00:00,Westerlo vs Standard,Jupiler Pro League,Over 1.5,1.17,WON,0.16999999999999993,0.8811965811965812,0.755747697350953,0.8235294117647058,0.8547008547008548,,False,0.030999999999999917,-0.11577519409938497,-0.036470588235294255,,-0.09895315734990173,month:2026-09|train_n=1066
1eb45f3c-b1a8-4316-9ac5-3cb44bd20dc8,2026-09-12 16:15:00+00:00,2026-09-11 21:32:49.223294+00:00,Westerlo vs Standard,Jupiler Pro League,Over 2.5,1.6,WON,0.6000000000000001,0.713125,0.6302949220688058,0.6470588235294118,0.625,,False,0.14100000000000001,0.008471875310089194,0.03529411764705892,,0.005294922068805774,month:2026-09|train_n=1066
78287d7d-adf7-4a65-a671-9178d3d9f33d,2026-09-12 16:15:00+00:00,2026-09-11 21:32:49.223298+00:00,Westerlo vs Standard,Jupiler Pro League,Over 3.5,2.38,WON,1.38,0.5029411764705883,0.4472268164082178,0.40298507462686567,0.42016806722689076,,False,0.19700000000000029,0.06439982305155834,-0.04089552238805971,,0.027058749181327058,month:2026-09|train_n=1066
13840c51-46c4-4ed2-90a7-b4eb0318bd20,2026-09-12 16:15:00+00:00,2026-09-11 21:32:49.223302+00:00,Westerlo vs Standard,Jupiler Pro League,Team Over 1.5,2.0,WON,1.0,0.627,0.5567695465425303,0.5357142857142857,0.5,,False,0.254,0.1135390930850606,0.0714285714285714,,0.0567695465425303,month:2026-09|train_n=1066
4e680262-e6e0-4f48-b71b-36f696d4c3d6,2026-09-12 16:15:00+00:00,2026-09-11 21:32:49.223307+00:00,Westerlo vs Standard,Jupiler Pro League,Moneyline,2.55,LOST,-1.0,0.4988235294117647,0.44361977720823004,0.40298507462686567,0.3921568627450981,,False,0.272,0.1312304318809865,0.02761194029850733,,0.05146291446313195,month:2026-09|train_n=1066
baf4cd58-3524-4d1a-adb5-58674a429eaa,2026-09-12 16:30:00+00:00,2026-09-11 21:32:49.223313+00:00,Athletic Club vs Elche,La Liga,BTTS,1.95,WON,0.95,0.5379487179487179,0.47807995261533903,0.5,0.5128205128205129,,False,0.04899999999999993,-0.06774409240008894,-0.025000000000000022,,-0.034740560205173854,month:2026-09|train_n=1066
66686dc7-a274-4d9a-8ea2-568b2e9bf7ea,2026-09-12 16:30:00+00:00,2026-09-11 21:32:49.223318+00:00,FC Köln vs Bremen,Bundesliga,Team Over 1.5,1.73,LOST,-1.0,0.6179190751445086,0.548808660123372,0.5357142857142857,0.5780346820809249,,False,0.06899999999999995,-0.050561017986566426,-0.07321428571428579,,-0.02922602195755286,month:2026-09|train_n=1066
a5058731-40df-4c2f-b896-170dd0873b2d,2026-09-12 16:30:00+00:00,2026-09-11 21:32:49.223324+00:00,FC Köln vs Bremen,Bundesliga,Moneyline,2.05,LOST,-1.0,0.5190243902439026,0.46136546596891514,0.40298507462686567,0.48780487804878053,,False,0.06400000000000028,-0.05420079476372408,-0.17388059701492542,,-0.026439412079865388,month:2026-09|train_n=1066
030179fe-d39d-43b7-a372-d21020d8fcc0,2026-09-12 16:30:00+00:00,2026-09-11 21:32:49.223330+00:00,FC Köln vs Bremen,Bundesliga,Over 2.5,1.57,LOST,-1.0,0.6840764331210192,0.6059856070079901,0.5436241610738255,0.6369426751592356,,False,0.07400000000000007,-0.048602596997455505,-0.14651006711409398,,-0.030957068151245548,month:2026-09|train_n=1066
16fd319d-32f8-4932-8f3b-d850770d8665,2026-09-12 16:45:00+00:00,2026-09-11 21:32:49.223335+00:00,GO Ahead vs Groningen,Eredivisie,BTTS,1.4,WON,0.3999999999999999,0.7478571428571429,0.6585076939108016,0.7093023255813954,0.7142857142857143,,False,0.04699999999999993,-0.07808922852487787,-0.006976744186046546,,-0.05577802037491275,month:2026-09|train_n=1066
429ffe44-7ff4-4eed-ba35-aa46732839c0,2026-09-12 16:45:00+00:00,2026-09-11 21:32:49.223340+00:00,GO Ahead vs Groningen,Eredivisie,Team Over 1.5,1.73,LOST,-1.0,0.6890173410404624,0.6101613474953416,0.5436241610738255,0.5780346820809249,,False,0.19199999999999995,0.05557913116694091,-0.05953020134228193,,0.032126665414416666,month:2026-09|train_n=1066
751196b2-d6bc-4ef0-b668-1723435f907b,2026-09-12 16:45:00+00:00,2026-09-11 21:32:49.223346+00:00,GO Ahead vs Groningen,Eredivisie,Moneyline,2.3,LOST,-1.0,0.5269565217391304,0.46836295039255643,0.40298507462686567,0.4347826086956522,,False,0.21199999999999997,0.07723478590287969,-0.07313432835820899,,0.033580341696904215,month:2026-09|train_n=1066
a9d1e7c8-801e-4248-a05a-446e0661e2f7,2026-09-12 16:45:00+00:00,2026-09-11 21:32:49.223351+00:00,GO Ahead vs Groningen,Eredivisie,Over 2.5,1.4,LOST,-1.0,0.775,0.6798116544320045,0.76,0.7142857142857143,,False,0.08499999999999996,-0.048263683795193746,0.06399999999999983,,-0.03447405985370977,month:2026-09|train_n=1066
9699b5c0-9337-4108-9b3f-5ddf5f4ffea1,2026-09-12 16:45:00+00:00,2026-09-11 21:32:49.223356+00:00,GO Ahead vs Groningen,Eredivisie,Over 3.5,2.0,LOST,-1.0,0.584,0.5188842314147861,0.5100671140939598,0.5,,False,0.16799999999999993,0.03776846282957225,0.020134228187919545,,0.018884231414786123,month:2026-09|train_n=1066
bb9cda0f-c513-44a1-93c8-53dbb53a964d,2026-09-12 16:45:00+00:00,2026-09-11 21:32:49.223361+00:00,Kilmarnock vs Aberdeen,League Cup,BTTS,1.7,WON,0.7,0.6129411764705883,0.5444338417977135,0.5357142857142857,0.5882352941176471,,False,0.04200000000000004,-0.07446246894388708,-0.0892857142857143,,-0.0438014523199336,month:2026-09|train_n=1066
b0814318-80e3-406a-be88-7971e252af0b,2026-09-12 16:45:00+00:00,2026-09-11 21:32:49.223388+00:00,Kilmarnock vs Aberdeen,League Cup,Over 1.5,1.28,WON,0.28,0.8007812499999999,0.6993770320711642,0.7831325301204819,0.78125,,False,0.02499999999999991,-0.10479739894890983,0.002409638554216942,,-0.0818729679288358,month:2026-09|train_n=1066
ab4c5032-2bad-49e4-b9fd-ee1c49c25bd7,2026-09-12 16:45:00+00:00,2026-09-11 21:32:49.223392+00:00,Kilmarnock vs Aberdeen,League Cup,Over 2.5,1.9,WON,0.8999999999999999,0.5789473684210527,0.514409754823797,0.5100671140939598,0.5263157894736842,,False,0.10000000000000009,-0.022621465834785748,-0.03087248322147651,,-0.011906034649887154,month:2026-09|train_n=1066
9df23d92-c332-44c8-9e8e-76ddfc30b6c9,2026-09-12 17:00:00+00:00,2026-09-11 21:32:49.223398+00:00,Casa Pia vs FC Porto,Primeira Liga,BTTS,2.38,WON,1.38,0.5819327731092437,0.5170538753453909,0.5100671140939598,0.42016806722689076,,False,0.385,0.23058822332203044,0.21395973154362413,,0.09688580811850017,month:2026-09|train_n=1066
2170cd8a-f827-49f3-989e-a91d083ddccc,2026-09-12 17:00:00+00:00,2026-09-11 21:32:49.223403+00:00,Casa Pia vs FC Porto,Primeira Liga,Over 2.5,1.75,WON,0.75,0.6308571428571429,0.5601423894135591,0.5357142857142857,0.5714285714285714,,False,0.10400000000000009,-0.019750818526271585,-0.0625,,-0.011286182015012303,month:2026-09|train_n=1066
55fc42c2-bc64-496e-aadd-e7e87896981d,2026-09-12 17:30:00+00:00,2026-09-11 21:32:49.223408+00:00,Wolfsberger vs Rapid,Bundesliga,Double Chance 1X,2.1,LOST,-1.0,0.6328571428571428,0.5618891070493071,0.5357142857142857,0.47619047619047616,,False,0.32899999999999996,0.17996712480354482,0.125,,0.0856986308588309,month:2026-09|train_n=1066
b6641742-2e99-4738-aa7b-f0101276baee,2026-09-12 18:00:00+00:00,2026-09-11 21:32:49.223414+00:00,Al Khaleej vs Al Nassr,Pro League,BTTS,1.8,LOST,-1.0,0.5822222222222222,0.5173101869429293,0.5100671140939598,0.5555555555555556,,False,0.04800000000000004,-0.06884166350272725,-0.08187919463087234,,-0.038245368612626285,month:2026-09|train_n=1066
a45c1b31-90bd-4d93-8128-061229bb2b32,2026-09-12 18:00:00+00:00,2026-09-11 21:32:49.223420+00:00,Al Shabab vs Al Fayha,Pro League,BTTS,1.67,LOST,-1.0,0.6760479041916168,0.5991675187419622,0.5436241610738255,0.5988023952095809,,False,0.129,0.0006097562990767802,-0.0921476510067114,,0.00036512353238127293,month:2026-09|train_n=1066
660edad9-4dc5-41bb-8677-cae670fcce19,2026-09-12 18:00:00+00:00,2026-09-11 21:32:49.223427+00:00,Al Shabab vs Al Fayha,Pro League,Over 2.5,1.6,LOST,-1.0,0.66625,0.5907947572124908,0.5436241610738255,0.625,,False,0.06600000000000006,-0.05472838846001471,-0.13020134228187918,,-0.03420524278750925,month:2026-09|train_n=1066
08998dc1-70de-4fdd-a8af-04bc0757c646,2026-09-12 18:00:00+00:00,2026-09-11 21:32:49.223432+00:00,Sittard vs Ajax,Eredivisie,BTTS,1.53,WON,0.53,0.6738562091503267,0.5972994486660194,0.5436241610738255,0.6535947712418301,,False,0.030999999999999917,-0.08613184354099035,-0.16825503355704696,,-0.05629532257581071,month:2026-09|train_n=1066
a93838f9-625e-4cd7-b7f9-ea74648fa8d3,2026-09-12 18:30:00+00:00,2026-09-11 21:32:49.223438+00:00,St. Pauli vs Wolfsburg,2. Bundesliga,Double Chance X2,1.44,LOST,-1.0,0.71875,0.6349309845339983,0.7093023255813954,0.6944444444444444,,False,0.03499999999999992,-0.08569938227104246,0.021395348837209394,,-0.0595134599104461,month:2026-09|train_n=1066
deb72b2c-5f00-4f67-9d7f-1ffdfa5a3b6a,2026-09-12 18:30:00+00:00,2026-09-11 21:32:49.223443+00:00,St. Pauli vs Wolfsburg,2. Bundesliga,Moneyline,2.38,LOST,-1.0,0.48613445378151265,0.4325431319055241,0.35294117647058826,0.42016806722689076,,False,0.15700000000000003,0.0294526539351474,-0.16000000000000003,,0.012375064678633363,month:2026-09|train_n=1066
f9652e80-c5a3-47ef-bc0f-1540b1fc55a7,2026-09-12 18:45:00+00:00,2026-09-11 21:32:49.223449+00:00,Auxerre vs Nice,Ligue 1,Moneyline,2.62,WON,1.62,0.44083969465648853,0.3936227923768884,0.28125,0.38167938931297707,,False,0.15500000000000003,0.031291716027447736,-0.26312499999999994,,0.01194340306391134,month:2026-09|train_n=1066
a50c14f3-a85f-4f37-bb4f-4faaa9a26fbd,2026-09-12 18:45:00+00:00,2026-09-11 21:32:49.223455+00:00,OH Leuven vs Cercle Brugge,Jupiler Pro League,Moneyline,2.5,LOST,-1.0,0.4372,0.3905463036037071,0.28125,0.4,,False,0.09299999999999997,-0.02363424099073219,-0.296875,,-0.009453696396292899,month:2026-09|train_n=1066
4a91f962-3e49-4456-a733-288480d0fada,2026-09-12 19:00:00+00:00,2026-09-11 21:32:49.223460+00:00,Atletico-MG vs Fluminense,Serie A,BTTS,1.95,WON,0.95,0.5738461538461539,0.5098899122246124,0.5100671140939598,0.5128205128205129,,False,0.119,-0.005714671162005747,-0.005369127516778427,,-0.0029306005959004455,month:2026-09|train_n=1066
8149e9df-61e9-402c-98a2-ba71f3f903f2,2026-09-12 19:00:00+00:00,2026-09-11 21:32:49.223466+00:00,Atletico-MG vs Fluminense,Serie A,Over 1.5,1.4,WON,0.3999999999999999,0.7628571428571429,0.6703668624787242,0.76,0.7142857142857143,,False,0.06800000000000006,-0.06148639252978616,0.06399999999999983,,-0.04391885180699007,month:2026-09|train_n=1066
92d68449-ac5c-4c80-82b2-8d9e09741fc9,2026-09-12 19:00:00+00:00,2026-09-11 21:32:49.223471+00:00,Cambuur vs Nijmegen,Eredivisie,BTTS,1.44,LOST,-1.0,0.7208333333333334,0.6366417668649612,0.7093023255813954,0.6944444444444444,,False,0.038000000000000034,-0.08323585571445591,0.021395348837209394,,-0.05780267757948321,month:2026-09|train_n=1066
40701b82-86ef-43c2-9f69-fbc934ea5759,2026-09-12 19:00:00+00:00,2026-09-11 21:32:49.223477+00:00,Cambuur vs Nijmegen,Eredivisie,Team Over 1.5,1.36,LOST,-1.0,0.7867647058823529,0.6888239623694371,0.76,0.7352941176470588,,False,0.07000000000000006,-0.06319941117756545,0.033600000000000074,,-0.04647015527762166,month:2026-09|train_n=1066
d2090083-0010-49b1-a9ca-7d0ba75cdff7,2026-09-12 19:00:00+00:00,2026-09-11 21:32:49.223482+00:00,Cambuur vs Nijmegen,Eredivisie,Moneyline,1.53,LOST,-1.0,0.6758169934640523,0.5989708389615632,0.5436241610738255,0.6535947712418301,,False,0.03400000000000003,-0.08357461638880825,-0.16825503355704696,,-0.05462393228026685,month:2026-09|train_n=1066
59616827-28ee-41a8-9cc5-7df87eb82856,2026-09-12 19:00:00+00:00,2026-09-11 21:32:49.223488+00:00,Cambuur vs Nijmegen,Eredivisie,Over 1.5,1.1,WON,0.10000000000000009,0.9290909090909091,0.7857257484996208,0.999999,0.9090909090909091,,False,0.02200000000000002,-0.135701676650417,0.09999890000000011,,-0.12336516059128821,month:2026-09|train_n=1066
d8ebe809-68e0-4da9-af7d-ed5c4d149e78,2026-09-12 19:00:00+00:00,2026-09-11 21:32:49.223493+00:00,Cambuur vs Nijmegen,Eredivisie,Over 2.5,1.36,WON,0.3600000000000001,0.8058823529411765,0.7031666153629073,0.7831325301204819,0.7352941176470588,,False,0.09600000000000009,-0.043693403106446094,0.06506024096385543,,-0.03212750228415151,month:2026-09|train_n=1066
ef379fe3-5e1a-42ec-9523-2e868583a932,2026-09-12 19:00:00+00:00,2026-09-11 21:32:49.223498+00:00,Cambuur vs Nijmegen,Eredivisie,Over 3.5,1.83,LOST,-1.0,0.625136612021858,0.5551382274652641,0.5357142857142857,0.5464480874316939,,False,0.14400000000000013,0.015902956261433232,-0.019642857142857184,,0.00869014003357016,month:2026-09|train_n=1066
5d1e6286-b28b-4cf1-82c0-371369c43231,2026-09-12 19:00:00+00:00,2026-09-11 21:32:49.223504+00:00,Gremio vs Vasco,Serie A,BTTS,1.8,WON,0.8,0.585,0.5197694687414459,0.5100671140939598,0.5555555555555556,,False,0.052999999999999936,-0.06441495626539728,-0.08187919463087234,,-0.03578608681410966,month:2026-09|train_n=1066
5d8bf2a3-0c18-4db7-92d0-d53ab0bbc232,2026-09-12 19:00:00+00:00,2026-09-11 21:32:49.223510+00:00,Gremio vs Vasco,Serie A,Over 1.5,1.33,WON,0.33000000000000007,0.7789473684210526,0.6828509443653963,0.76,0.7518796992481203,,False,0.03600000000000003,-0.09180824399402288,0.010800000000000143,,-0.06902875488272397,month:2026-09|train_n=1066
3477571c-f6e6-4fd1-a08f-17427df40979,2026-09-12 19:00:00+00:00,2026-09-11 21:32:49.223515+00:00,Gremio vs Vasco,Serie A,Over 2.5,2.08,WON,1.08,0.5442307692307693,0.4836411632064871,0.5100671140939598,0.4807692307692307,,False,0.13200000000000012,0.005973619469493263,0.0609395973154363,,0.0028719324372563637,month:2026-09|train_n=1066
19d081d8-c2e7-4953-8441-357c65d61c59,2026-09-12 20:00:00+00:00,2026-09-11 21:32:49.223520+00:00,Chapecoense vs Internacional,Serie A,Double Chance 1X,1.67,LOST,-1.0,0.6592814371257485,0.584807283409761,0.5436241610738255,0.5988023952095809,,False,0.10099999999999998,-0.0233718367056992,-0.0921476510067114,,-0.013995111799819937,month:2026-09|train_n=1066
f25bd5e5-4e03-49cc-a1b8-f7928254f3e4,2026-09-12 23:05:00+00:00,2026-09-11 21:32:49.223526+00:00,Toluca vs Atlas,Liga MX,BTTS,1.75,WON,0.75,0.6771428571428572,0.6000997165439402,0.5436241610738255,0.5714285714285714,,False,0.18500000000000005,0.05017450395189549,-0.04865771812080544,,0.028671145115368835,month:2026-09|train_n=1066
12277356-6cfe-4e2c-b0ed-af35e3d85b92,2026-09-12 23:05:00+00:00,2026-09-11 21:32:49.223531+00:00,Toluca vs Atlas,Liga MX,Over 1.5,1.18,WON,0.17999999999999994,0.8838983050847458,0.7575119447398272,0.8235294117647058,0.8474576271186441,,False,0.04299999999999993,-0.106135905207004,-0.028235294117647136,,-0.08994568237881695,month:2026-09|train_n=1066
6f99aa4d-ab06-478e-8900-6d98a17c0481,2026-09-12 23:05:00+00:00,2026-09-11 21:32:49.223537+00:00,Toluca vs Atlas,Liga MX,Over 2.5,1.62,WON,0.6200000000000001,0.7240740740740741,0.6392961119286493,0.7093023255813954,0.6172839506172839,,False,0.17300000000000004,0.035659701324411985,0.14906976744186062,,0.022012161311365408,month:2026-09|train_n=1066
42c8936e-c405-476a-9eff-a99321ef9ca1,2026-09-12 23:05:00+00:00,2026-09-11 21:32:49.223542+00:00,Toluca vs Atlas,Liga MX,Over 3.5,2.5,WON,1.5,0.514,0.45694078975937485,0.40298507462686567,0.4,,False,0.28500000000000014,0.14235197439843716,0.00746268656716409,,0.05694078975937483,month:2026-09|train_n=1066
f866ca2b-158c-4e04-a157-b070ae612749,2026-09-12 23:05:00+00:00,2026-09-11 21:32:49.223547+00:00,Toluca vs Atlas,Liga MX,Team Over 1.5,1.5,WON,0.5,0.6973333333333334,0.6171528879186722,0.6153846153846154,0.6666666666666666,,False,0.04600000000000004,-0.07427066812199179,-0.07692307692307687,,-0.04951377874799445,month:2026-09|train_n=1066
4b561c60-b3e8-4846-8d6f-af280bc0a6e7,2026-09-12 23:30:00+00:00,2026-09-11 21:32:49.223552+00:00,Botafogo vs Bragantino,Serie A,BTTS,1.67,WON,0.6699999999999999,0.6580838323353294,0.5837757079224789,0.5436241610738255,0.5988023952095809,,False,0.09899999999999998,-0.025094567769460285,-0.0921476510067114,,-0.015026687287101992,month:2026-09|train_n=1066
6cfed4e2-a3c1-475b-a22e-47488dcae05e,2026-09-12 23:30:00+00:00,2026-09-11 21:32:49.223557+00:00,Botafogo vs Bragantino,Serie A,Moneyline,2.38,LOST,-1.0,0.44579831932773106,0.3978276904435887,0.35294117647058826,0.42016806722689076,,False,0.06099999999999994,-0.05317009674425899,-0.16000000000000003,,-0.022340376783302085,month:2026-09|train_n=1066
909b4f96-044c-4917-9c6f-2cdc4a5b84f9,2026-09-12 23:30:00+00:00,2026-09-11 21:32:49.223562+00:00,Botafogo vs Bragantino,Serie A,Over 1.5,1.25,WON,0.25,0.8408,0.7283465009553993,0.7831325301204819,0.8,,False,0.050999999999999934,-0.0895668738057509,-0.02108433734939763,,-0.07165349904460072,month:2026-09|train_n=1066
ccb906a9-97ba-4512-81d2-874c29af878e,2026-09-12 23:30:00+00:00,2026-09-11 21:32:49.223567+00:00,Botafogo vs Bragantino,Serie A,Over 2.5,1.85,LOST,-1.0,0.6432432432432432,0.5709343149251338,0.5357142857142857,0.5405405405405405,,False,0.18999999999999995,0.0562284826114976,-0.008928571428571397,,0.03039377438459334,month:2026-09|train_n=1066
c51dffc0-89fd-4cea-8165-5e2b0301f636,2026-09-12 23:30:00+00:00,2026-09-11 21:32:49.223573+00:00,Cincinnati vs Charlotte,Major League Soccer,Team Over 1.5,1.53,WON,0.53,0.6849673202614379,0.6067396923887581,0.5436241610738255,0.6535947712418301,,False,0.04800000000000004,-0.0716882706452,-0.16825503355704696,,-0.04685507885307194,month:2026-09|train_n=1066
b8aed06f-f39e-44dc-9308-29b7d4533446,2026-09-12 23:30:00+00:00,2026-09-11 21:32:49.223580+00:00,Cincinnati vs Charlotte,Major League Soccer,Moneyline,2.05,LOST,-1.0,0.5487804878048781,0.48767143018355896,0.5100671140939598,0.48780487804878053,,False,0.125,-0.00027356812370415984,0.04563758389261752,,-0.00013344786522156982,month:2026-09|train_n=1066
b1775d8b-1a4f-4b3b-b951-4266517a2c94,2026-09-12 23:30:00+00:00,2026-09-11 21:32:49.223585+00:00,Columbus vs NY Red Bulls,Major League Soccer,Moneyline,1.73,LOST,-1.0,0.6167630057803468,0.5477932976724088,0.5357142857142857,0.5780346820809249,,False,0.06699999999999995,-0.05231759502673272,-0.07321428571428579,,-0.030241384408516092,month:2026-09|train_n=1066
0f6ac003-08a3-40d6-a294-d4bd073da941,2026-09-12 23:30:00+00:00,2026-09-11 21:32:49.223591+00:00,Orlando City vs Toronto,Major League Soccer,Double Chance 1X,1.25,WON,0.25,0.8240000000000001,0.7163997338827949,0.7831325301204819,0.8,,False,0.030000000000000027,-0.10450033264650638,-0.02108433734939763,,-0.08360026611720517,month:2026-09|train_n=1066
7ba030a5-05bd-4444-b215-304e8c957b5c,2026-09-12 23:30:00+00:00,2026-09-11 21:32:49.223598+00:00,Orlando City vs Toronto,Major League Soccer,Moneyline,1.85,WON,0.8500000000000001,0.5989189189189189,0.5320756573017911,0.5205479452054794,0.5405405405405405,,False,0.1080000000000001,-0.015660033991686473,-0.03698630136986303,,-0.008464883238749388,month:2026-09|train_n=1066
97035de3-7c10-46e2-a912-9bae672d2cf2,2026-09-13 00:00:00+00:00,2026-09-11 21:32:49.223603+00:00,Santos vs Cruzeiro,Serie A,Double Chance 1X,1.53,WON,0.53,0.7490196078431371,0.6594341109755197,0.7093023255813954,0.6535947712418301,,False,0.1459999999999999,0.008934189792545233,0.08523255813953501,,0.0058393397336896635,month:2026-09|train_n=1066
70c8d19c-8ef0-43e9-8eff-f009758ce56f,2026-09-13 00:00:00+00:00,2026-09-11 21:32:49.223609+00:00,Santos vs Cruzeiro,Serie A,Moneyline,3.1,WON,2.1,0.5009677419354839,0.4454973800616503,0.40298507462686567,0.3225806451612903,,False,0.5530000000000002,0.381041878191116,0.24925373134328366,,0.12291673490035998,month:2026-09|train_n=1066
5dcc7536-7f68-49f1-ad95-40f31a72a1cf,2026-09-13 00:30:00+00:00,2026-09-11 21:32:49.223614+00:00,Dallas vs Portland,Major League Soccer,Moneyline,1.8,WON,0.8,0.6211111111111112,0.5516100539163852,0.5357142857142857,0.5555555555555556,,False,0.1180000000000001,-0.007101902950506611,-0.0357142857142857,,-0.003945501639170401,month:2026-09|train_n=1066
662c7f44-dcb1-4b78-9c52-123a67d7ae14,2026-09-13 00:30:00+00:00,2026-09-11 21:32:49.223620+00:00,Kansas City vs LAFC,Major League Soccer,BTTS,1.53,LOST,-1.0,0.6738562091503267,0.5972994486660194,0.5436241610738255,0.6535947712418301,,False,0.030999999999999917,-0.08613184354099035,-0.16825503355704696,,-0.05629532257581071,month:2026-09|train_n=1066
a0ee06e0-eaae-4b61-a84c-9548c2c11a0e,2026-09-13 00:30:00+00:00,2026-09-11 21:32:49.223625+00:00,St. Louis vs Minnesota,Major League Soccer,Double Chance X2,1.7,LOST,-1.0,0.6188235294117648,0.5496027490857299,0.5357142857142857,0.5882352941176471,,False,0.052000000000000046,-0.06567532655425912,-0.0892857142857143,,-0.038632545031917154,month:2026-09|train_n=1066
33ff1602-7c96-4a1f-8390-378ef13a2f68,2026-09-13 01:30:00+00:00,2026-09-11 21:32:49.223631+00:00,Colorado vs Montreal,Major League Soccer,Team Over 1.5,1.67,LOST,-1.0,0.6808383233532934,0.6032405001464707,0.5436241610738255,0.5988023952095809,,False,0.137,0.007411635244606085,-0.0921476510067114,,0.004438104936889786,month:2026-09|train_n=1066
1824377f-ce91-4d25-9b16-8cde92631159,2026-09-13 01:30:00+00:00,2026-09-11 21:32:49.223636+00:00,Colorado vs Montreal,Major League Soccer,Moneyline,1.73,WON,0.73,0.653179190751445,0.5795434490350551,0.5357142857142857,0.5780346820809249,,False,0.1299999999999999,0.0026101668306452996,-0.07321428571428579,,0.0015087669541301585,month:2026-09|train_n=1066
3c5511cf-5e72-4065-941a-5d66aaa273dc,2026-09-13 01:30:00+00:00,2026-09-11 21:32:49.223642+00:00,Colorado vs Montreal,Major League Soccer,Over 1.5,1.2,LOST,-1.0,0.8591666666666666,0.7410402527319827,0.7831325301204819,0.8333333333333334,,False,0.030999999999999917,-0.11075169672162077,-0.06024096385542177,,-0.09229308060135066,month:2026-09|train_n=1066
2566f7a4-a5ea-425a-b922-973d4b95667c,2026-09-13 01:30:00+00:00,2026-09-11 21:32:49.223647+00:00,Colorado vs Montreal,Major League Soccer,Over 2.5,1.67,LOST,-1.0,0.6640718562874252,0.5889260723378011,0.5436241610738255,0.5988023952095809,,False,0.10899999999999999,-0.016493459195872084,-0.0921476510067114,,-0.009876322871779752,month:2026-09|train_n=1066
c4dc4003-5d5e-4761-8174-f20bde63862d,2026-09-13 02:30:00+00:00,2026-09-11 21:32:49.223652+00:00,LA Galaxy vs Seattle,Major League Soccer,Double Chance X2,1.67,WON,0.6699999999999999,0.6622754491017965,0.5873829536911835,0.5436241610738255,0.5988023952095809,,False,0.1060000000000001,-0.019070467335723484,-0.0921476510067114,,-0.011419441518397355,month:2026-09|train_n=1066
93b2243d-aaea-4e7f-8cf8-a0b7cdda0a63,2026-09-13 02:30:00+00:00,2026-09-11 21:32:49.223657+00:00,San Jose vs Houston,Major League Soccer,BTTS,1.53,LOST,-1.0,0.7013071895424836,0.6204770018317849,0.6153846153846154,0.6535947712418301,,False,0.07299999999999995,-0.050670187197369154,-0.05846153846153834,,-0.033117769410045184,month:2026-09|train_n=1066
edc64d43-9dde-4990-99dc-b66001cd7344,2026-09-13 02:30:00+00:00,2026-09-11 21:32:49.223663+00:00,San Jose vs Houston,Major League Soccer,Double Chance 1X,1.4,WON,0.3999999999999999,0.7478571428571429,0.6585076939108016,0.7093023255813954,0.7142857142857143,,False,0.04699999999999993,-0.07808922852487787,-0.006976744186046546,,-0.05577802037491275,month:2026-09|train_n=1066
adcd22a0-6612-4c08-ac58-bbbf250920be,2026-09-13 02:30:00+00:00,2026-09-11 21:32:49.223668+00:00,San Jose vs Houston,Major League Soccer,Over 1.5,1.2,LOST,-1.0,0.8916666666666667,0.762536309321369,0.8235294117647058,0.8333333333333334,,False,0.07000000000000006,-0.08495642881435728,-0.01176470588235301,,-0.07079702401196442,month:2026-09|train_n=1066
0a903a73-702e-420f-94b4-3da8496e73f6,2026-09-13 02:30:00+00:00,2026-09-11 21:32:49.223673+00:00,San Jose vs Houston,Major League Soccer,Over 2.5,1.67,LOST,-1.0,0.7179640718562875,0.634284710657584,0.7093023255813954,0.5988023952095809,,False,0.19900000000000007,0.05925546679816507,0.1845348837209302,,0.035482315448003066,month:2026-09|train_n=1066
695b85f8-6a0b-4ba3-a929-d278dd41fba7,2026-09-13 02:30:00+00:00,2026-09-11 21:32:49.223679+00:00,San Jose vs Houston,Major League Soccer,Over 3.5,2.62,LOST,-1.0,0.5198473282442748,0.4620907769415599,0.40298507462686567,0.38167938931297707,,False,0.3620000000000001,0.21067783558688702,0.055820895522388,,0.08041138762858285,month:2026-09|train_n=1066
a6d2e7e4-3481-4873-a9a5-edcf064e6df3,2026-09-13 02:30:00+00:00,2026-09-11 21:32:49.223684+00:00,San Jose vs Houston,Major League Soccer,Team Over 1.5,2.0,LOST,-1.0,0.648,0.5750615616139283,0.5357142857142857,0.5,,False,0.29600000000000004,0.1501231232278566,0.0714285714285714,,0.0750615616139283,month:2026-09|train_n=1066
1a4ceba5-142d-4331-8f01-a0758a41a951,2026-09-13 02:30:00+00:00,2026-09-11 21:32:49.223690+00:00,San Jose vs Houston,Major League Soccer,Moneyline,2.45,WON,1.4500000000000002,0.5281632653061225,0.46942866298125624,0.40298507462686567,0.4081632653061224,,False,0.29400000000000004,0.15010022430407788,-0.012686567164179041,,0.06126539767513384,month:2026-09|train_n=1066
ed5f78f7-2229-4cc1-8c97-9ea9fd06e204,2026-09-13 03:15:00+00:00,2026-09-11 21:32:49.223694+00:00,Cruz Azul vs Club America,Liga MX,BTTS,1.7,WON,0.7,0.6170588235294118,0.5480531492247532,0.5357142857142857,0.5882352941176471,,False,0.04899999999999993,-0.06830964631791958,-0.0892857142857143,,-0.040182144892893845,month:2026-09|train_n=1066
5f3cc914-db36-46cc-a574-930bfc97f043,2026-09-13 03:15:00+00:00,2026-09-11 21:32:49.223700+00:00,Cruz Azul vs Club America,Liga MX,Moneyline,2.9,WON,1.9,0.5,0.4446497704781612,0.40298507462686567,0.3448275862068966,,False,0.44999999999999996,0.2894843343866673,0.16865671641791047,,0.0998221842712646,month:2026-09|train_n=1066
baf163d8-e831-48b6-bd94-304ddd7fb377,2026-09-13 03:15:00+00:00,2026-09-11 21:32:49.223705+00:00,Cruz Azul vs Club America,Liga MX,Double Chance 1X,1.57,WON,0.5700000000000001,0.7369426751592356,0.6497511721715756,0.7093023255813954,0.6369426751592356,,False,0.15700000000000003,0.020109340309373724,0.11360465116279084,,0.012808497012339992,month:2026-09|train_n=1066
9344cb2b-6fce-4b3b-b4f5-e8d24d3cda54,2026-09-13 03:15:00+00:00,2026-09-11 21:32:49.223710+00:00,Cruz Azul vs Club America,Liga MX,Over 1.5,1.25,WON,0.25,0.8224,0.7152455270665768,0.7831325301204819,0.8,,False,0.028000000000000025,-0.10594309116677891,-0.02108433734939763,,-0.0847544729334232,month:2026-09|train_n=1066
99e4ccad-e980-44b4-b8c0-e799c650c82b,2026-09-13 03:15:00+00:00,2026-09-11 21:32:49.223714+00:00,Cruz Azul vs Club America,Liga MX,Over 2.5,1.85,WON,0.8500000000000001,0.6059459459459459,0.5382746395313593,0.5357142857142857,0.5405405405405405,,False,0.121,-0.004191916866985168,-0.008928571428571397,,-0.002265901009181115,month:2026-09|train_n=1066
854bfb7a-9e65-4902-a3d5-67efa3f0307d,2026-09-13 11:00:00+00:00,2026-09-13 03:32:17.526965+00:00,Rangers vs Celtic,League Cup,BTTS,1.62,LOST,-1.0,0.7302469135802468,0.64432842343866,0.7093023255813954,0.6172839506172839,,False,0.18300000000000005,0.043812045970629265,0.14906976744186062,,0.02704447282137612,month:2026-09|train_n=1066
fdc822bb-036b-4138-a6a4-90a669705d71,2026-09-13 11:00:00+00:00,2026-09-13 03:32:17.527022+00:00,Rangers vs Celtic,League Cup,Team Over 1.5,2.1,LOST,-1.0,0.5647619047619047,0.5018374423676789,0.5100671140939598,0.47619047619047616,,False,0.18599999999999994,0.05385862897212568,0.07114093959731549,,0.025646966177202746,month:2026-09|train_n=1066
5d56390a-803e-4ec9-ac8f-b11475e94c19,2026-09-13 11:00:00+00:00,2026-09-13 03:32:17.527027+00:00,Rangers vs Celtic,League Cup,Over 1.5,1.2,WON,0.19999999999999996,0.8941666666666667,0.7641379107132042,0.8381512605042013,0.8333333333333334,,False,0.07299999999999995,-0.08303450714415495,0.005781512605041561,,-0.06919542262012912,month:2026-09|train_n=1066
13741c4b-c5f9-49dd-9d8b-227274bbd597,2026-09-13 11:00:00+00:00,2026-09-13 03:32:17.527031+00:00,Rangers vs Celtic,League Cup,Over 2.5,1.67,WON,0.6699999999999999,0.7317365269461078,0.6455380942576472,0.7093023255813954,0.5988023952095809,,False,0.22199999999999998,0.0780486174102708,0.1845348837209302,,0.04673569904806629,month:2026-09|train_n=1066
5ebbf84c-7154-41bb-bf1e-40e650ab212b,2026-09-13 11:00:00+00:00,2026-09-13 03:32:17.527035+00:00,Rangers vs Celtic,League Cup,Over 3.5,2.62,LOST,-1.0,0.533969465648855,0.4745600256014518,0.40298507462686567,0.38167938931297707,,False,0.399,0.24334726707580367,0.055820895522388,,0.0928806362884747,month:2026-09|train_n=1066
3076ccbb-d7a4-4601-87e7-ebeef0682ff9,2026-09-13 11:00:00+00:00,2026-09-13 03:32:17.527039+00:00,Rangers vs Celtic,League Cup,Team Over 1.5,2.1,WON,1.1,0.569047619047619,0.505636764023191,0.5100671140939598,0.47619047619047616,,False,0.19500000000000006,0.06183720444870122,0.07114093959731549,,0.029446287832714857,month:2026-09|train_n=1066
9c86f246-5165-4100-bf02-228db1c49ca1,2026-09-13 11:00:00+00:00,2026-09-13 03:32:17.527043+00:00,Sheffield Utd vs Wolves,Championship,BTTS,1.62,LOST,-1.0,0.6907407407407407,0.6116140983780818,0.5436241610738255,0.6172839506172839,,False,0.119,-0.009185160627507405,-0.11932885906040269,,-0.005669852239202133,month:2026-09|train_n=1066
cbba61ed-0edb-40ed-b0f9-bb5cbaafd5d5,2026-09-13 11:00:00+00:00,2026-09-13 03:32:17.527047+00:00,Sheffield Utd vs Wolves,Championship,Over 1.5,1.22,LOST,-1.0,0.8663934426229508,0.7459277854492351,0.7831325301204819,0.819672131147541,,False,0.05699999999999994,-0.08996810175193315,-0.04457831325301209,,-0.0737443456983059,month:2026-09|train_n=1066
ef407695-0918-400c-986a-7d30c0498f45,2026-09-13 11:00:00+00:00,2026-09-13 03:32:17.527051+00:00,Sheffield Utd vs Wolves,Championship,Over 2.5,1.73,LOST,-1.0,0.6832369942196531,0.6052746073339377,0.5436241610738255,0.5780346820809249,,False,0.18199999999999994,0.04712507068771221,-0.05953020134228193,,0.027239925253012776,month:2026-09|train_n=1066
4a93f5ad-c9d1-41f5-90db-9858e49d528f,2026-09-13 11:30:00+00:00,2026-09-13 03:32:17.527055+00:00,Club Brugge vs Antwerp,Jupiler Pro League,BTTS,1.8,WON,0.8,0.6261111111111111,0.5559915116059321,0.5357142857142857,0.5555555555555556,,False,0.127,0.0007847208906777148,-0.0357142857142857,,0.0004359560503764959,month:2026-09|train_n=1066
460c7f28-02a6-459a-a1de-8bcf0aa8eaa2,2026-09-13 11:30:00+00:00,2026-09-13 03:32:17.527059+00:00,Heidenheim vs Holstein Kiel,2. Bundesliga,Double Chance 1X,1.36,WON,0.3600000000000001,0.7676470588235293,0.6741094769328668,0.76,0.7352941176470588,,False,0.04400000000000004,-0.0832111113713011,0.033600000000000074,,-0.06118464071419194,month:2026-09|train_n=1066
5220dc45-6477-4488-af71-a5ec5ab71164,2026-09-13 11:30:00+00:00,2026-09-13 03:32:17.527063+00:00,Heidenheim vs Holstein Kiel,2. Bundesliga,Team Over 1.5,1.73,LOST,-1.0,0.6768786127167631,0.599874815812378,0.5436241610738255,0.5780346820809249,,False,0.17100000000000004,0.037783431355413954,-0.05953020134228193,,0.021840133731453104,month:2026-09|train_n=1066
348d0f41-b0c7-4572-bf3f-1ac37eb8d7bb,2026-09-13 11:30:00+00:00,2026-09-13 03:32:17.527066+00:00,Heidenheim vs Holstein Kiel,2. Bundesliga,Moneyline,2.15,WON,1.15,0.5609302325581396,0.49844044003574206,0.5100671140939598,0.46511627906976744,,False,0.20599999999999996,0.07164694607684541,0.09664429530201346,,0.033324160965974625,month:2026-09|train_n=1066
18869354-ca53-46ab-8a7b-1f216650bf92,2026-09-13 11:30:00+00:00,2026-09-13 03:32:17.527070+00:00,Heidenheim vs Holstein Kiel,2. Bundesliga,Over 2.5,1.5,LOST,-1.0,0.7326666666666667,0.6462924913335604,0.7093023255813954,0.6666666666666666,,False,0.09899999999999998,-0.030561262999659444,0.06395348837209314,,-0.02037417533310626,month:2026-09|train_n=1066
ba8a8d7a-be4e-4ecf-a4f4-1de299c2b642,2026-09-13 11:30:00+00:00,2026-09-13 03:32:17.527074+00:00,Heidenheim vs Holstein Kiel,2. Bundesliga,Over 3.5,2.2,LOST,-1.0,0.5340909090909091,0.4746674152136442,0.40298507462686567,0.45454545454545453,,False,0.17500000000000004,0.04426831347001725,-0.11343283582089547,,0.020121960668189665,month:2026-09|train_n=1066
c5e6d6cb-8164-488a-8c95-ab50e0d71edb,2026-09-13 11:30:00+00:00,2026-09-13 03:32:17.527077+00:00,Karlsruher vs Cottbus,2. Bundesliga,BTTS,1.4,LOST,-1.0,0.7607142857142857,0.6686854806945058,0.76,0.7142857142857143,,False,0.06499999999999995,-0.06384032702769193,0.06399999999999983,,-0.04560023359120846,month:2026-09|train_n=1066
02f8a968-3dbb-4869-afc1-d61dac733c30,2026-09-13 11:30:00+00:00,2026-09-13 03:32:17.527082+00:00,Karlsruher vs Cottbus,2. Bundesliga,Over 2.5,1.36,WON,0.3600000000000001,0.7941176470588235,0.6943854006605948,0.76,0.7352941176470588,,False,0.08000000000000007,-0.05563585510159097,0.033600000000000074,,-0.04090871698646392,month:2026-09|train_n=1066
b5c78a22-9dff-4f3b-9c2c-a2b778aa5e48,2026-09-13 11:30:00+00:00,2026-09-13 03:32:17.527085+00:00,Karlsruher vs Cottbus,2. Bundesliga,Over 3.5,1.83,LOST,-1.0,0.607103825136612,0.53929499437383,0.5357142857142857,0.5464480874316939,,False,0.11099999999999999,-0.013090160295891051,-0.019642857142857184,,-0.007153093057863935,month:2026-09|train_n=1066
796340ed-8ec4-4c40-913e-4679f8732f45,2026-09-13 11:30:00+00:00,2026-09-13 03:32:17.527151+00:00,Osnabruck vs Hertha,2. Bundesliga,Over 2.5,1.57,WON,0.5700000000000001,0.6789808917197452,0.6016629116883201,0.5436241610738255,0.6369426751592356,,False,0.06600000000000006,-0.055389228649337374,-0.14651006711409398,,-0.03527976347091555,month:2026-09|train_n=1066
f7cd4daa-083c-420e-a4a9-340e5c6c2e9c,2026-09-13 12:00:00+00:00,2026-09-13 03:32:17.527155+00:00,Elfsborg vs Kalmar FF,Allsvenskan,BTTS,1.75,LOST,-1.0,0.5937142857142856,0.5274778242319695,0.5205479452054794,0.5714285714285714,,False,0.038999999999999924,-0.07691380759405331,-0.08904109589041098,,-0.04395074719660186,month:2026-09|train_n=1066
c2510cf0-4270-48db-83b3-ef0ff73a51ab,2026-09-13 12:00:00+00:00,2026-09-13 03:32:17.527160+00:00,Elfsborg vs Kalmar FF,Allsvenskan,Double Chance X2,1.91,LOST,-1.0,0.5979057591623036,0.5311810226038155,0.5205479452054794,0.5235602094240838,,False,0.1419999999999999,0.014555753173287611,-0.005753424657534367,,0.0076208131797317336,month:2026-09|train_n=1066
0b974685-41d0-4c59-8cb2-abf43d588cbb,2026-09-13 12:00:00+00:00,2026-09-13 03:32:17.527192+00:00,Silkeborg vs Viborg,Superliga,Double Chance 1X,1.91,WON,0.9099999999999999,0.5848167539267016,0.5196072616018133,0.5100671140939598,0.5235602094240838,,False,0.11699999999999999,-0.007550130340536754,-0.025771812080536916,,-0.003952947822270514,month:2026-09|train_n=1066
22a975ef-baf7-4e65-a056-924bf8e704ee,2026-09-13 12:00:00+00:00,2026-09-13 03:32:17.527196+00:00,Silkeborg vs Viborg,Superliga,Over 2.5,1.53,LOST,-1.0,0.6738562091503267,0.5972994486660194,0.5436241610738255,0.6535947712418301,,False,0.030999999999999917,-0.08613184354099035,-0.16825503355704696,,-0.05629532257581071,month:2026-09|train_n=1066
08e1c79e-4925-46e2-9dc9-a30cbadbc4f2,2026-09-13 12:00:00+00:00,2026-09-13 03:32:17.527199+00:00,Zurich vs FC Vaduz,Super League,Moneyline,2.38,WON,1.38,0.46806722689075636,0.4168899695620329,0.35294117647058826,0.42016806722689076,,False,0.1140000000000001,-0.007801872442361746,-0.16000000000000003,,-0.003278097664857871,month:2026-09|train_n=1066
2f3e3643-16e4-43a7-a948-78b5c1c9c33c,2026-09-13 12:30:00+00:00,2026-09-13 03:32:17.527203+00:00,Viking vs Kristiansund,Eliteserien,BTTS,1.67,WON,0.6699999999999999,0.6329341317365269,0.5619563155974026,0.5357142857142857,0.5988023952095809,,False,0.05699999999999994,-0.06153295295233774,-0.10535714285714293,,-0.03684607961217834,month:2026-09|train_n=1066
4164ff0a-5d88-4203-bb11-2bbe7db8a7c9,2026-09-13 12:30:00+00:00,2026-09-13 03:32:17.527207+00:00,Viking vs Kristiansund,Eliteserien,Over 2.5,1.36,WON,0.3600000000000001,0.775735294117647,0.6803789646234377,0.76,0.7352941176470588,,False,0.05499999999999994,-0.07468460811212463,0.033600000000000074,,-0.054915153023621044,month:2026-09|train_n=1066
666c4816-e86e-4b81-a03e-6c10c7d38602,2026-09-13 12:30:00+00:00,2026-09-13 03:32:17.527211+00:00,Viking vs Kristiansund,Eliteserien,Over 3.5,1.83,WON,0.8300000000000001,0.5890710382513661,0.523371964121779,0.5205479452054794,0.5464480874316939,,False,0.07800000000000007,-0.042229305657144445,-0.04739726027397262,,-0.02307612330991493,month:2026-09|train_n=1066
53d560d5-d69e-4be8-962f-611365323054,2026-09-13 12:30:00+00:00,2026-09-13 03:32:17.527215+00:00,Wattens vs Hartberg,Bundesliga,Double Chance X2,1.67,WON,0.6699999999999999,0.670059880239521,0.5940570227912516,0.5436241610738255,0.5988023952095809,,False,0.119,-0.007924771938609854,-0.0921476510067114,,-0.004745372418329286,month:2026-09|train_n=1066
114fad9f-5527-4ddf-b3a0-40a3c6723552,2026-09-13 13:00:00+00:00,2026-09-13 03:32:17.527219+00:00,Lille vs Estac Troyes,Ligue 1,BTTS,1.91,LOST,-1.0,0.556020942408377,0.4940883194932996,0.5100671140939598,0.5235602094240838,,False,0.062000000000000055,-0.056291309767797726,-0.025771812080536916,,-0.029471889930784145,month:2026-09|train_n=1066
461b900f-9e8c-4a4f-a3b0-f6c52e0bf6c0,2026-09-13 14:00:00+00:00,2026-09-13 03:32:17.527223+00:00,Genk vs Gent,Jupiler Pro League,BTTS,1.7,WON,0.7,0.62,0.550635283172538,0.5357142857142857,0.5882352941176471,,False,0.05400000000000005,-0.0639200186066855,-0.0892857142857143,,-0.03760001094510912,month:2026-09|train_n=1066
6dbc0e05-feda-4e36-a937-221ea6f09f1c,2026-09-13 14:00:00+00:00,2026-09-13 03:32:17.527227+00:00,Genk vs Gent,Jupiler Pro League,Over 2.5,1.8,LOST,-1.0,0.596111111111111,0.5295958339935734,0.5205479452054794,0.5555555555555556,,False,0.07299999999999995,-0.0467274988115679,-0.06301369863013706,,-0.02595972156198223,month:2026-09|train_n=1066
89b19967-49b1-40f7-bf56-4981169bc6a2,2026-09-13 14:00:00+00:00,2026-09-13 03:32:17.527231+00:00,Randers vs Odense,Superliga,BTTS,1.57,WON,0.5700000000000001,0.6700636942675159,0.5940602845037876,0.5436241610738255,0.6369426751592356,,False,0.052000000000000046,-0.06732535332905354,-0.14651006711409398,,-0.04288239065544808,month:2026-09|train_n=1066
bc10e0e2-5bcc-4421-9b08-22241ab82652,2026-09-13 14:00:00+00:00,2026-09-13 03:32:17.527235+00:00,Randers vs Odense,Superliga,Double Chance X2,1.67,WON,0.6699999999999999,0.6508982035928144,0.5775711338785747,0.5357142857142857,0.5988023952095809,,False,0.08699999999999997,-0.035456206422780245,-0.10535714285714293,,-0.021231261331006168,month:2026-09|train_n=1066
78de5223-6a94-45a0-9876-edf3ae97cd96,2026-09-13 14:00:00+00:00,2026-09-13 03:32:17.527239+00:00,Randers vs Odense,Superliga,Over 2.5,1.7,WON,0.7,0.6541176470588236,0.5803541767538352,0.5357142857142857,0.5882352941176471,,False,0.1120000000000001,-0.01339789951848025,-0.0892857142857143,,-0.007881117363811918,month:2026-09|train_n=1066
c3a5c496-dbe1-4b44-ac0d-f8d6153521a4,2026-09-13 14:15:00+00:00,2026-09-13 03:32:17.527243+00:00,Levante vs Barcelona,La Liga,BTTS,1.8,WON,0.8,0.735,0.6481817503016449,0.7093023255813954,0.5555555555555556,,False,0.32299999999999995,0.16672715054296083,0.27674418604651163,,0.09262619474608935,month:2026-09|train_n=1066
87fd4bed-6c76-432e-be8c-632b967cbc10,2026-09-13 14:30:00+00:00,2026-09-13 03:32:17.527247+00:00,Lausanne vs Servette,Super League,BTTS,1.53,LOST,-1.0,0.6751633986928104,0.598413962532114,0.5436241610738255,0.6535947712418301,,False,0.03299999999999992,-0.08442663732586564,-0.16825503355704696,,-0.05518080870971609,month:2026-09|train_n=1066
e8992eb9-81ef-49e8-b2be-8d8b64a6227b,2026-09-13 14:30:00+00:00,2026-09-13 03:32:17.527250+00:00,Lausanne vs Servette,Super League,Over 2.5,1.62,LOST,-1.0,0.6641975308641975,0.589033962070825,0.5436241610738255,0.6172839506172839,,False,0.07600000000000007,-0.04576498144526342,-0.11932885906040269,,-0.028249988546458882,month:2026-09|train_n=1066
ebdb0c3b-6fb2-4255-a807-8dbda5b0b7ce,2026-09-13 14:30:00+00:00,2026-09-13 03:32:17.527254+00:00,Luzern vs FC Basel,Super League,Double Chance X2,1.73,WON,0.73,0.6052023121387283,0.5376191593713784,0.5357142857142857,0.5780346820809249,,False,0.04699999999999993,-0.06991885428751543,-0.07321428571428579,,-0.040415522709546514,month:2026-09|train_n=1066
e5752457-86c7-45a7-86a4-0775b7a4b8ec,2026-09-13 14:30:00+00:00,2026-09-13 03:32:17.527265+00:00,Malmo vs Orgryte IS,Allsvenskan,BTTS,1.7,WON,0.7,0.6411764705882353,0.5691379451868284,0.5357142857142857,0.5882352941176471,,False,0.09000000000000008,-0.03246549318239178,-0.0892857142857143,,-0.019097348930818714,month:2026-09|train_n=1066
5aa09e30-b8c3-421c-8566-15defe080719,2026-09-13 14:30:00+00:00,2026-09-13 03:32:17.527269+00:00,Malmo vs Orgryte IS,Allsvenskan,Over 2.5,1.44,WON,0.43999999999999995,0.7319444444444445,0.6457067903628836,0.7093023255813954,0.6944444444444444,,False,0.05400000000000005,-0.07018222187744771,0.021395348837209394,,-0.04873765408156083,month:2026-09|train_n=1066
5ce2191b-c5b5-4a1d-be8e-9e90447d0036,2026-09-13 14:30:00+00:00,2026-09-13 03:32:17.527272+00:00,Malmo vs Orgryte IS,Allsvenskan,Over 3.5,2.1,WON,1.1,0.5238095238095238,0.46558512076308,0.40298507462686567,0.47619047619047616,,False,0.10000000000000009,-0.022271246397531974,-0.15373134328358207,,-0.010605355427396157,month:2026-09|train_n=1066
dfae8c21-0191-4e73-877c-6419a88b476f,2026-09-13 14:45:00+00:00,2026-09-13 03:32:17.527276+00:00,PEC Zwolle vs Feyenoord,Eredivisie,Double Chance X2,1.14,WON,0.1399999999999999,0.8991228070175439,0.7672908821814927,0.8571428571428571,0.8771929824561404,,False,0.02499999999999991,-0.12528839431309846,-0.02285714285714302,,-0.10990210027464775,month:2026-09|train_n=1066
7a5b27fe-620a-467a-b689-e161f69330ba,2026-09-13 14:45:00+00:00,2026-09-13 03:32:17.527280+00:00,PEC Zwolle vs Feyenoord,Eredivisie,Moneyline,1.45,WON,0.44999999999999996,0.7420689655172414,0.6538769281360376,0.7093023255813954,0.6896551724137931,,False,0.07600000000000007,-0.051878454202745505,0.02848837209302335,,-0.035778244277755555,month:2026-09|train_n=1066
a39db935-73bb-4453-afc8-5309805da469,2026-09-13 14:45:00+00:00,2026-09-13 03:32:17.527283+00:00,Volendam vs Den Bosch,Eerste Divisie,Double Chance 1X,1.18,WON,0.17999999999999994,0.8847457627118644,0.7580635529524821,0.8235294117647058,0.8474576271186441,,False,0.04400000000000004,-0.10548500751607126,-0.028235294117647136,,-0.08939407416616207,month:2026-09|train_n=1066
b981d1f2-a895-402c-90e7-19dbeeb40c10,2026-09-13 14:45:00+00:00,2026-09-13 03:32:17.527287+00:00,Volendam vs Den Bosch,Eerste Divisie,Over 2.5,1.3,LOST,-1.0,0.8492307692307692,0.7342214316400694,0.7831325301204819,0.7692307692307692,,False,0.10400000000000009,-0.045512138867909835,0.01807228915662651,,-0.035009337590699796,month:2026-09|train_n=1066
45401bb3-9729-4928-a37a-1b2197283cc8,2026-09-13 14:45:00+00:00,2026-09-13 03:32:17.527291+00:00,Volendam vs Den Bosch,Eerste Divisie,Over 3.5,1.73,LOST,-1.0,0.6971098265895953,0.6169655963312637,0.6153846153846154,0.5780346820809249,,False,0.20599999999999996,0.0673504816530861,0.06461538461538474,,0.03893091425033879,month:2026-09|train_n=1066
887e5b0a-acfb-443b-a021-4701e40bd1d7,2026-09-13 14:45:00+00:00,2026-09-13 03:32:17.527294+00:00,Volendam vs Den Bosch,Eerste Divisie,Team Over 1.5,1.4,WON,0.3999999999999999,0.85,0.7347534115000245,0.7831325301204819,0.7142857142857143,,False,0.18999999999999995,0.028654776100034196,0.09638554216867457,,0.020467697214310188,month:2026-09|train_n=1066
7ebf7d55-b93c-48c6-8a5a-e1bb318e702b,2026-09-13 14:45:00+00:00,2026-09-13 03:32:17.527298+00:00,Volendam vs Den Bosch,Eerste Divisie,Moneyline,1.7,WON,0.7,0.7547058823529411,0.6639481040875584,0.7093023255813954,0.5882352941176471,,False,0.2829999999999999,0.12871177694884928,0.20581395348837206,,0.07571280996991137,month:2026-09|train_n=1066
58677eb9-84aa-4b68-ac47-faae4516dfe4,2026-09-13 15:00:00+00:00,2026-09-13 03:32:17.527301+00:00,Sturm Graz vs Lask Linz,Bundesliga,Double Chance 1X,1.67,WON,0.6699999999999999,0.6191616766467066,0.549899569506347,0.5357142857142857,0.5988023952095809,,False,0.03400000000000003,-0.0816677189244005,-0.10535714285714293,,-0.0489028257032339,month:2026-09|train_n=1066
5419ee2e-a145-42f3-acfb-0efcf05ec2db,2026-09-13 15:15:00+00:00,2026-09-13 03:32:17.527305+00:00,Le Mans vs Lens,Ligue 1,BTTS,1.67,WON,0.6699999999999999,0.6221556886227545,0.552526093806161,0.5357142857142857,0.5988023952095809,,False,0.038999999999999924,-0.07728142334371113,-0.10535714285714293,,-0.04627630140341987,month:2026-09|train_n=1066
5e1def08-4d09-47fd-9d66-b3616e0005fc,2026-09-13 15:30:00+00:00,2026-09-13 03:32:17.527308+00:00,Elversberg vs Bayern,Bundesliga,BTTS,1.53,WON,0.53,0.6967320261437909,0.6166489325551218,0.6153846153846154,0.6535947712418301,,False,0.06600000000000006,-0.056527133190663714,-0.05846153846153834,,-0.03694583868670831,month:2026-09|train_n=1066
3fc20515-ee02-464f-95e8-8128aedce635,2026-09-13 16:30:00+00:00,2026-09-13 03:32:17.527313+00:00,Getafe vs Deportivo,La Liga,BTTS,2.38,WON,1.38,0.44117647058823534,0.3939078866359038,0.28125,0.42016806722689076,,False,0.050000000000000044,-0.062499229806548984,-0.33062500000000006,,-0.026260180590986948,month:2026-09|train_n=1066
bf59d080-f997-4e54-8a3d-64708dec540c,2026-09-13 17:00:00+00:00,2026-09-13 03:32:17.527317+00:00,Arouca vs Santa Clara,Primeira Liga,Moneyline,2.55,LOST,-1.0,0.4588235294117647,0.40894364103724595,0.35294117647058826,0.3921568627450981,,False,0.16999999999999993,0.042806284644977044,-0.09999999999999998,,0.016786778292147864,month:2026-09|train_n=1066
5b1a5800-40d4-4326-b935-60ef2a20279a,2026-09-13 17:00:00+00:00,2026-09-13 03:32:17.527321+00:00,Arouca vs Santa Clara,Primeira Liga,Double Chance 1X,1.4,LOST,-1.0,0.7342857142857143,0.647603894963417,0.7093023255813954,0.7142857142857143,,False,0.028000000000000025,-0.09335454705121626,-0.006976744186046546,,-0.06668181932229733,month:2026-09|train_n=1066
5b4e08db-ed56-4336-8a5b-c9cef3ab3ea7,2026-09-13 17:00:00+00:00,2026-09-13 03:32:17.527325+00:00,Benfica vs GIL Vicente,Primeira Liga,BTTS,2.5,WON,1.5,0.5688000000000001,0.5054172611687693,0.5100671140939598,0.4,,False,0.42200000000000015,0.2635431529219232,0.2751677852348995,,0.10541726116876926,month:2026-09|train_n=1066
db006d37-1b2f-49b4-819c-e65b82fc6cb1,2026-09-13 17:15:00+00:00,2026-09-13 03:32:17.527329+00:00,Fredrikstad vs Sarpsborg,Eliteserien,BTTS,1.57,WON,0.5700000000000001,0.6611464968152866,0.5864122992081728,0.5436241610738255,0.6369426751592356,,False,0.038000000000000034,-0.07933269024316858,-0.14651006711409398,,-0.0505303759510628,month:2026-09|train_n=1066
58385d50-7a17-4023-ac06-bbbfbd5f513b,2026-09-13 17:15:00+00:00,2026-09-13 03:32:17.527339+00:00,Fredrikstad vs Sarpsborg,Eliteserien,Over 2.5,1.67,LOST,-1.0,0.6437125748502994,0.5713419837986795,0.5357142857142857,0.5988023952095809,,False,0.07499999999999996,-0.04585888705620522,-0.10535714285714293,,-0.027460411410901386,month:2026-09|train_n=1066
15b6a452-a363-46de-b541-49afb36e6ac5,2026-09-13 17:15:00+00:00,2026-09-13 03:32:17.527343+00:00,Louvière vs Kortrijk,Jupiler Pro League,Moneyline,2.35,WON,1.35,0.4838297872340425,0.43053820851762764,0.35294117647058826,0.425531914893617,,False,0.137,0.011764790016425053,-0.1705882352941176,,0.005006293624010616,month:2026-09|train_n=1066
43a17657-254b-4aa2-9c87-52e1db919d74,2026-09-13 18:00:00+00:00,2026-09-13 03:32:17.527347+00:00,Al Diriyah vs Abha,Pro League,BTTS,1.83,WON,0.8300000000000001,0.5688524590163934,0.5054637638422416,0.5100671140939598,0.5464480874316939,,False,0.040999999999999925,-0.07500131216869788,-0.06657718120805356,,-0.040984323589452365,month:2026-09|train_n=1066
eb09b4b7-df18-402d-9cc2-d31be8fc578d,2026-09-13 18:45:00+00:00,2026-09-13 03:32:17.527351+00:00,Brest vs PSG,Ligue 1,BTTS,1.75,LOST,-1.0,0.6337142857142857,0.5626372335519584,0.5357142857142857,0.5714285714285714,,False,0.10899999999999999,-0.015384841284072803,-0.0625,,-0.008791337876613015,month:2026-09|train_n=1066
c8bdbb53-504b-444d-99d7-0fcfe031bcd1,2026-09-13 19:30:00+00:00,2026-09-13 03:32:17.527355+00:00,Famalicao vs Sporting,Primeira Liga,Under 2.5,2.1,WON,1.1,0.6047619047619047,0.5372308983674812,0.5357142857142857,0.47619047619047616,,False,0.27,0.12818488657171057,0.125,,0.061040422177005005,month:2026-09|train_n=1066
6c715c58-6301-4e00-bcaa-c9978ef1efaa,2026-09-14 01:00:00+00:00,2026-09-13 03:32:17.527359+00:00,Laguna vs Juarez,Liga MX,Under 2.5,2.25,LOST,-1.0,0.612,0.5436058980507789,0.5357142857142857,0.4444444444444444,,False,0.377,0.22311327061425246,0.2053571428571428,,0.09916145360633444,month:2026-09|train_n=1066
162cdd82-7635-4cd3-a25e-c9ab873e925b,2026-09-14 01:00:00+00:00,2026-09-13 03:32:17.527362+00:00,San Diego vs Philadelphia,Major League Soccer,BTTS,1.44,LOST,-1.0,0.7569444444444445,0.6657170382800313,0.76,0.6944444444444444,,False,0.09000000000000008,-0.04136746487675502,0.09440000000000004,,-0.02872740616441316,month:2026-09|train_n=1066
8964563f-5315-493b-a250-d0745d5dcb3f,2026-09-14 01:00:00+00:00,2026-09-13 03:32:17.527365+00:00,San Diego vs Philadelphia,Major League Soccer,Double Chance 1X,1.53,LOST,-1.0,0.7058823529411765,0.6242901351828388,0.6153846153846154,0.6535947712418301,,False,0.08000000000000007,-0.04483609317025661,-0.05846153846153834,,-0.02930463605899125,month:2026-09|train_n=1066
2d46afef-d1dc-47fb-882b-aca30f88551c,2026-09-14 01:00:00+00:00,2026-09-13 03:32:17.527369+00:00,San Diego vs Philadelphia,Major League Soccer,Over 1.5,1.14,WON,0.1399999999999999,0.9184210526315789,0.7792864700017437,0.8571428571428571,0.8771929824561404,,False,0.04699999999999993,-0.11161342419801235,-0.02285714285714302,,-0.09790651245439674,month:2026-09|train_n=1066
ea806573-a03f-4c98-af51-259c384b1ddc,2026-09-14 01:00:00+00:00,2026-09-13 03:32:17.527372+00:00,San Diego vs Philadelphia,Major League Soccer,Over 2.5,1.48,WON,0.48,0.781081081081081,0.6844873536331828,0.76,0.6756756756756757,,False,0.15599999999999992,0.013041283377110524,0.12480000000000002,,0.008811677957507147,month:2026-09|train_n=1066
80122f0b-c36e-481f-9fdc-04fdd42569ba,2026-09-14 01:00:00+00:00,2026-09-13 03:32:17.527376+00:00,San Diego vs Philadelphia,Major League Soccer,Over 3.5,2.1,WON,1.1,0.5871428571428572,0.5216659808286598,0.5100671140939598,0.47619047619047616,,False,0.2330000000000001,0.09549855974018562,0.07114093959731549,,0.04547550463818362,month:2026-09|train_n=1066
dace0c6d-c3d6-4b70-a0aa-5fd5b9fe2e7e,2026-09-14 01:00:00+00:00,2026-09-13 03:32:17.527380+00:00,San Diego vs Philadelphia,Major League Soccer,Team Over 1.5,1.91,LOST,-1.0,0.6858638743455497,0.607498061228534,0.5436241610738255,0.5235602094240838,,False,0.31000000000000005,0.1603212969465,0.03832214765100672,,0.08393785180445024,month:2026-09|train_n=1066
f8605acd-b046-423c-8806-d6fa6f528136,2026-09-14 01:00:00+00:00,2026-09-13 03:32:17.527385+00:00,San Diego vs Philadelphia,Major League Soccer,Moneyline,2.7,LOST,-1.0,0.5111111111111111,0.45439974796923943,0.40298507462686567,0.37037037037037035,,False,0.3799999999999999,0.2268793195169465,0.08805970149253728,,0.08402937759886908,month:2026-09|train_n=1066
7a0d8aa7-583b-4314-8474-a0db6284f4a3,2026-09-14 17:00:00+00:00,2026-09-14 03:31:23.403454+00:00,Djurgardens vs Gais,Allsvenskan,BTTS,1.7,LOST,-1.0,0.6629411764705883,0.5879550173010548,0.5436241610738255,0.5882352941176471,,False,0.127,-0.0004764705882068787,-0.07583892617449672,,-0.000280276816592262,month:2026-09|train_n=1066
2c8561cd-18b5-4a53-a269-a8ff4fd030d2,2026-09-14 17:00:00+00:00,2026-09-14 03:31:23.403473+00:00,Djurgardens vs Gais,Allsvenskan,Over 1.5,1.18,WON,0.17999999999999994,0.876271186440678,0.752509084681646,0.7831325301204819,0.8474576271186441,,False,0.03400000000000003,-0.11203928007565778,-0.07590361445783145,,-0.09494854243699813,month:2026-09|train_n=1066
1219fcd2-54ff-4ac3-9999-1f3d646a53bc,2026-09-14 17:00:00+00:00,2026-09-14 03:31:23.403478+00:00,Djurgardens vs Gais,Allsvenskan,Over 2.5,1.62,LOST,-1.0,0.6919753086419752,0.6126535690857643,0.5436241610738255,0.6172839506172839,,False,0.121,-0.007501218081061745,-0.11932885906040269,,-0.004630381531519623,month:2026-09|train_n=1066
54db6e2d-36ff-43ca-8bd6-8edbfa1d60ad,2026-09-14 17:00:00+00:00,2026-09-14 03:31:23.403482+00:00,Gaziantep vs Fenerbahçe,Süper Lig,BTTS,1.8,LOST,-1.0,0.616111111111111,0.5472205700569586,0.5357142857142857,0.5555555555555556,,False,0.10899999999999999,-0.015002973897474514,-0.0357142857142857,,-0.008334985498597014,month:2026-09|train_n=1066
837cfc67-b21d-4e3d-b57e-a7554783b16c,2026-09-14 17:00:00+00:00,2026-09-14 03:31:23.403487+00:00,Gaziantep vs Fenerbahçe,Süper Lig,Over 1.5,1.22,LOST,-1.0,0.85,0.7347534115000245,0.7831325301204819,0.819672131147541,,False,0.03699999999999992,-0.1036008379699701,-0.04457831325301209,,-0.08491871964751652,month:2026-09|train_n=1066
f584d1a6-35f0-4144-b4a2-4a77c7cc82b9,2026-09-14 17:00:00+00:00,2026-09-14 03:31:23.403491+00:00,Gaziantep vs Fenerbahçe,Süper Lig,Over 2.5,1.73,LOST,-1.0,0.6450867052023121,0.5725350166352596,0.5357142857142857,0.5780346820809249,,False,0.1160000000000001,-0.00951442122100088,-0.07321428571428579,,-0.005499665445665269,month:2026-09|train_n=1066
cb03b0e9-a6d8-4113-88d2-a3b3afd8a4e5,2026-09-14 17:00:00+00:00,2026-09-14 03:31:23.403495+00:00,Midtjylland vs Brondby,Superliga,Double Chance X2,2.0,LOST,-1.0,0.612,0.5436058980507789,0.5357142857142857,0.5,,False,0.22399999999999998,0.08721179610155771,0.0714285714285714,,0.04360589805077886,month:2026-09|train_n=1066
1d399ad5-5a98-40ed-9867-13e5ac210ac2,2026-09-14 17:00:00+00:00,2026-09-14 03:31:23.403500+00:00,Sirius vs Degerfors,Allsvenskan,Over 2.5,1.57,LOST,-1.0,0.6770700636942675,0.6000377656125564,0.5436241610738255,0.6369426751592356,,False,0.06299999999999994,-0.05794070798828643,-0.14651006711409398,,-0.03690490954667924,month:2026-09|train_n=1066
b7fcee7a-c656-45e8-9da7-f6380940cbfd,2026-09-14 17:45:00+00:00,2026-09-14 03:31:23.403504+00:00,Rio Ave vs Estrela,Primeira Liga,Moneyline,2.7,LOST,-1.0,0.45814814814814814,0.4083648582021366,0.35294117647058826,0.37037037037037035,,False,0.2370000000000001,0.10258511714576879,-0.0470588235294116,,0.03799448783176623,month:2026-09|train_n=1066
dbe02472-488c-40d5-987c-c1b5bd967c2b,2026-09-14 17:45:00+00:00,2026-09-14 03:31:23.403511+00:00,Rio Ave vs Estrela,Primeira Liga,Over 1.5,1.28,WON,0.28,0.8007812499999999,0.6993770320711642,0.7831325301204819,0.78125,,False,0.02499999999999991,-0.10479739894890983,0.002409638554216942,,-0.0818729679288358,month:2026-09|train_n=1066
2226e746-9f33-44e1-ad24-0eee601584d9,2026-09-14 17:45:00+00:00,2026-09-14 03:31:23.403515+00:00,Rio Ave vs Estrela,Primeira Liga,Over 2.5,1.95,WON,0.95,0.5728205128205128,0.5089809417401524,0.5100671140939598,0.5128205128205129,,False,0.11699999999999999,-0.0074871636067028735,-0.005369127516778427,,-0.003839571080360482,month:2026-09|train_n=1066
bf270a91-6234-4bd7-9097-fdd2fbdcb6c9,2026-09-14 18:00:00+00:00,2026-09-14 03:31:23.403519+00:00,Jong Utrecht vs Jong Ajax,Eerste Divisie,Double Chance X2,1.67,WON,0.6699999999999999,0.6299401197604791,0.5593409981891782,0.5357142857142857,0.5988023952095809,,False,0.052000000000000046,-0.0659005330240725,-0.10535714285714293,,-0.039461397020402744,month:2026-09|train_n=1066
4b0769a3-f9a2-4b56-a945-e7214665464d,2026-09-14 18:00:00+00:00,2026-09-14 03:31:23.403523+00:00,Jong Utrecht vs Jong Ajax,Eerste Divisie,Team Over 1.5,1.91,LOST,-1.0,0.5570680628272252,0.4950165463902379,0.5100671140939598,0.5235602094240838,,False,0.06400000000000006,-0.05451839639464562,-0.025771812080536916,,-0.028543663033845867,month:2026-09|train_n=1066
178c7057-eb9e-4ea6-8af5-93b240fae4e3,2026-09-14 18:45:00+00:00,2026-09-14 03:31:23.403527+00:00,Inter vs Udinese,Serie A,BTTS,1.95,WON,0.95,0.5717948717948718,0.5080719118702578,0.5100671140939598,0.5128205128205129,,False,0.11499999999999999,-0.009259771852997312,-0.005369127516778427,,-0.0047486009502550885,month:2026-09|train_n=1066
81982989-09ad-4eac-ba28-7bf21fd1ace5,2026-09-14 19:15:00+00:00,2026-09-14 03:31:23.403531+00:00,Moreirense vs Maritimo,Primeira Liga,BTTS,1.95,WON,0.95,0.558974358974359,0.4967064790659214,0.5100671140939598,0.5128205128205129,,False,0.09000000000000008,-0.0314223658214533,-0.005369127516778427,,-0.016114033754591472,month:2026-09|train_n=1066
8fe3869b-5287-40fa-a137-5f181640e31f,2026-09-14 19:15:00+00:00,2026-09-14 03:31:23.403536+00:00,Moreirense vs Maritimo,Primeira Liga,Over 1.5,1.4,WON,0.3999999999999999,0.7571428571428572,0.6658736022822658,0.76,0.7142857142857143,,False,0.06000000000000005,-0.06777695680482798,0.06399999999999983,,-0.048412112003448526,month:2026-09|train_n=1066
14e3d96b-5f53-48e4-8f37-1530980d168c,2026-09-15 17:00:00+00:00,2026-09-14 21:30:58.920790+00:00,Grasshoppers vs FC Sion,Super League,BTTS,1.44,WON,0.43999999999999995,0.7708333333333335,0.6765868783237855,0.76,0.6944444444444444,,False,0.1100000000000001,-0.025714895213748923,0.09440000000000004,,-0.01785756612065892,month:2026-09|train_n=1066
346f6359-e7b2-4c8a-acc3-52066cde2447,2026-09-15 17:00:00+00:00,2026-09-14 21:30:58.920816+00:00,Grasshoppers vs FC Sion,Super League,Team Over 1.5,2.5,WON,1.5,0.588,0.5224244138838978,0.5205479452054794,0.4,,False,0.47,0.30606103470974455,0.3013698630136985,,0.1224244138838978,month:2026-09|train_n=1066
3a31beb7-56a4-457f-87ea-85f09f19699c,2026-09-15 17:00:00+00:00,2026-09-14 21:30:58.920822+00:00,Grasshoppers vs FC Sion,Super League,Over 1.5,1.14,WON,0.1399999999999999,0.9157894736842106,0.7776771517518516,0.8571428571428571,0.8771929824561404,,False,0.04400000000000004,-0.11344804700288924,-0.02285714285714302,,-0.09951583070428882,month:2026-09|train_n=1066
ebf5a32d-c63b-400c-af1c-cdeb4a1db0a1,2026-09-15 17:00:00+00:00,2026-09-14 21:30:58.920829+00:00,Grasshoppers vs FC Sion,Super League,Over 2.5,1.48,WON,0.48,0.7858108108108108,0.6880984225255966,0.76,0.6756756756756757,,False,0.16300000000000003,0.018385665337882884,0.12480000000000002,,0.012422746849920951,month:2026-09|train_n=1066
80bb8277-7420-4c5f-9680-3f101a7eab6c,2026-09-15 17:00:00+00:00,2026-09-14 21:30:58.920835+00:00,Grasshoppers vs FC Sion,Super League,Over 3.5,2.1,WON,1.1,0.6,0.5330300399925362,0.5205479452054794,0.47619047619047616,,False,0.26,0.11936308398432605,0.09315068493150691,,0.05683956380206001,month:2026-09|train_n=1066
e556f9f5-13f7-4106-b046-bc8fe2c52a1e,2026-09-15 18:00:00+00:00,2026-09-14 21:30:58.920840+00:00,Ajax vs Willem II,Eredivisie,BTTS,1.8,WON,0.8,0.6272222222222222,0.5569640119204049,0.5357142857142857,0.5555555555555556,,False,0.129,0.002535221456728909,-0.0357142857142857,,0.0014084563648493198,month:2026-09|train_n=1066
99822374-3d96-480d-bf60-6ba4b8aa38c0,2026-09-15 18:45:00+00:00,2026-09-14 21:30:58.920846+00:00,Bristol City vs Lincoln,Championship,Double Chance X2,1.8,WON,0.8,0.6122222222222222,0.5438014066730725,0.5357142857142857,0.5555555555555556,,False,0.10200000000000009,-0.021157467988469403,-0.0357142857142857,,-0.011754148882483051,month:2026-09|train_n=1066
3ba3639b-c6f8-4709-9c83-37f1fb882523,2026-09-15 18:45:00+00:00,2026-09-14 21:30:58.920852+00:00,Middlesbrough vs Millwall,Championship,Draw,4.33,WON,3.33,0.27297921478060044,0.26359154806873397,0.2,0.23094688221709006,,False,0.18199999999999994,0.14135140313761818,-0.1339999999999999,,0.03264466585164391,month:2026-09|train_n=1066
c4842b3f-0ae6-43f0-8616-317cd9ada9c5,2026-09-15 18:45:00+00:00,2026-09-14 21:30:58.920858+00:00,Motherwell vs Aberdeen,Premiership,Double Chance 1X,1.25,LOST,-1.0,0.8728,0.7502094192109307,0.7831325301204819,0.8,,False,0.09099999999999997,-0.06223822598633666,-0.02108433734939763,,-0.049790580789069394,month:2026-09|train_n=1066
b9532876-f90c-4e4a-ae69-9ddfcdff1b47,2026-09-15 18:45:00+00:00,2026-09-14 21:30:58.920865+00:00,Motherwell vs Aberdeen,Premiership,Moneyline,1.83,LOST,-1.0,0.6551912568306011,0.5812811310005502,0.5411255182269599,0.5464480874316939,,False,0.19900000000000007,0.063744469731007,-0.00974030164466344,,0.0348330435688563,month:2026-09|train_n=1066
7bc80c23-d561-4f82-a34c-d56de8dded86,2026-09-15 18:45:00+00:00,2026-09-14 21:30:58.920872+00:00,West Ham vs Fulham,League Cup,Double Chance 1X,1.67,LOST,-1.0,0.6329341317365269,0.5619563155974026,0.5357142857142857,0.5988023952095809,,False,0.05699999999999994,-0.06153295295233774,-0.10535714285714293,,-0.03684607961217834,month:2026-09|train_n=1066
f143dd0c-889b-41b0-8fb2-47b72911bd0e,2026-09-15 19:30:00+00:00,2026-09-14 21:30:58.920878+00:00,Elche vs Real Madrid,La Liga,BTTS,1.62,WON,0.6200000000000001,0.6537037037037037,0.5799966263448764,0.5357142857142857,0.6172839506172839,,False,0.05899999999999994,-0.0604054653213002,-0.13214285714285712,,-0.03728732427240755,month:2026-09|train_n=1066
f369feeb-c3c8-4fa5-88a6-774ff2756edd,2026-09-16 01:00:00+00:00,2026-09-14 21:30:58.920884+00:00,Puebla vs Toluca,Liga MX,Draw,4.2,LOST,-1.0,0.3080952380952381,0.28846434553453343,0.28125,0.23809523809523808,,False,0.29400000000000004,0.21155025124504045,0.18125000000000013,,0.050369107439295346,month:2026-09|train_n=1066
7006504d-61ef-4ebf-ac2e-488fe16599f5,2026-09-16 01:00:00+00:00,2026-09-14 21:30:58.920890+00:00,Puebla vs Toluca,Liga MX,Under 2.5,2.35,WON,1.35,0.6238297872340425,0.5539934449460325,0.5357142857142857,0.425531914893617,,False,0.46599999999999997,0.3018845956231766,0.2589285714285714,,0.1284615300524155,month:2026-09|train_n=1066
4f02918a-dd5e-41ca-868f-256f82b14d60,2026-09-16 17:00:00+00:00,2026-09-15 21:31:07.309078+00:00,AIK vs Mjallby,Allsvenskan,Double Chance X2,1.67,WON,0.6699999999999999,0.640119760479042,0.5682187814772551,0.5357142857142857,0.5988023952095809,,False,0.06899999999999995,-0.05107463493298392,-0.10535714285714293,,-0.030583613732325765,month:2026-09|train_n=1066
5a978a22-c877-4503-a2e0-d89ba5136ec8,2026-09-16 17:00:00+00:00,2026-09-15 21:31:07.309187+00:00,Deportivo vs Sevilla,La Liga,BTTS,1.95,LOST,-1.0,0.5358974358974359,0.4762651561527407,0.4911804613297116,0.5128205128205129,,False,0.04499999999999993,-0.07128294550215575,-0.0421981004070624,,-0.03655535666777221,month:2026-09|train_n=1066
f707013a-c9d0-49d8-b895-358f5c7e2ca1,2026-09-16 17:00:00+00:00,2026-09-15 21:31:07.309193+00:00,FC Thun vs Servette,Super League,Team Over 1.5,1.91,WON,0.9099999999999999,0.5612565445026179,0.4987297335397892,0.5100671140939598,0.5235602094240838,,False,0.07200000000000006,-0.04742620893900262,-0.025771812080536916,,-0.024830475884294545,month:2026-09|train_n=1066
d3743e2d-a6ec-4e88-8ad9-7a88842c04f1,2026-09-16 17:00:00+00:00,2026-09-15 21:31:07.309199+00:00,FC Thun vs Servette,Super League,Over 2.5,1.48,WON,0.48,0.7337837837837838,0.6471975757729062,0.7093023255813954,0.6756756756756757,,False,0.08600000000000008,-0.042147587856098956,0.04976744186046522,,-0.028478099902769505,month:2026-09|train_n=1066
119255de-5790-4d87-952a-f5db2db0f3f0,2026-09-16 17:00:00+00:00,2026-09-15 21:31:07.309204+00:00,FC Thun vs Servette,Super League,Over 3.5,2.1,WON,1.1,0.53,0.4710512722863427,0.40298507462686567,0.47619047619047616,,False,0.11300000000000021,-0.010792328198680257,-0.15373134328358207,,-0.005139203904133471,month:2026-09|train_n=1066
8f526163-ebc4-4c78-b993-2a1891cfc7b7,2026-09-16 17:00:00+00:00,2026-09-15 21:31:07.309209+00:00,Lugano vs ST. Gallen,Super League,Double Chance X2,1.91,LOST,-1.0,0.6942408376963352,0.6145584074533454,0.6153846153846154,0.5235602094240838,,False,0.32600000000000007,0.17380655823588964,0.17538461538461547,,0.09099819802926168,month:2026-09|train_n=1066
69e6e8e3-88c8-4af3-8a8f-1246736accc7,2026-09-16 17:00:00+00:00,2026-09-15 21:31:07.309214+00:00,Lugano vs ST. Gallen,Super League,Team Over 1.5,2.25,LOST,-1.0,0.5831111111111111,0.5180972540757206,0.5100671140939598,0.4444444444444444,,False,0.31200000000000006,0.16571882167037133,0.1476510067114094,,0.07365280963127618,month:2026-09|train_n=1066
4dc142b4-b828-4ee8-a5ac-af620b513f0b,2026-09-16 17:00:00+00:00,2026-09-15 21:31:07.309219+00:00,Lugano vs ST. Gallen,Super League,Moneyline,3.3,LOST,-1.0,0.4621212121212121,0.41177326133837405,0.35294117647058826,0.30303030303030304,,False,0.5249999999999999,0.3588517624166343,0.16470588235294126,,0.10874295830807101,month:2026-09|train_n=1066
133081bf-5869-4229-a173-09a1614c07e7,2026-09-16 17:00:00+00:00,2026-09-16 03:31:14.951453+00:00,FC Thun vs Servette,Super League,Team Over 1.5,1.8,WON,0.8,0.576111111111111,0.511896981826084,0.5100671140939598,0.5555555555555556,,False,0.03699999999999992,-0.07858543271304874,-0.08187919463087234,,-0.04365857372947157,month:2026-09|train_n=1066
7096dd21-bb79-45f1-bbb4-a3857076c417,2026-09-16 19:00:00+00:00,2026-09-15 21:31:07.309223+00:00,Anderlecht vs Lyon,UEFA Europa League,Double Chance 1X,1.8,LOST,-1.0,0.5911111111111111,0.5251763507008477,0.5205479452054794,0.5555555555555556,,False,0.06400000000000006,-0.05468256873847421,-0.06301369863013706,,-0.03037920485470791,month:2026-09|train_n=1066
4dc994da-71ee-4944-9ede-923f7dce1967,2026-09-16 19:00:00+00:00,2026-09-15 21:31:07.309229+00:00,Beer vs Dinamo,UEFA Europa League,BTTS,1.57,LOST,-1.0,0.6707006369426751,0.5946048738696709,0.5436241610738255,0.6369426751592356,,False,0.052999999999999936,-0.06647034802461671,-0.14651006711409398,,-0.04233780128956477,month:2026-09|train_n=1066
18bb04eb-f19a-44cc-83bf-5eabdc80652f,2026-09-16 19:00:00+00:00,2026-09-15 21:31:07.309234+00:00,Beer vs Dinamo,UEFA Europa League,Over 1.5,1.2,LOST,-1.0,0.8583333333333334,0.7404727458141803,0.7831325301204819,0.8333333333333334,,False,0.030000000000000027,-0.11143270502298364,-0.06024096385542177,,-0.09286058751915305,month:2026-09|train_n=1066
527d50ed-85ec-48b3-a45d-420bba97a998,2026-09-16 19:00:00+00:00,2026-09-15 21:31:07.309238+00:00,Beer vs Dinamo,UEFA Europa League,Over 2.5,1.67,LOST,-1.0,0.6640718562874252,0.5889260723378011,0.5436241610738255,0.5988023952095809,,False,0.10899999999999999,-0.016493459195872084,-0.0921476510067114,,-0.009876322871779752,month:2026-09|train_n=1066
514e67c2-aefd-42e2-9662-fc7a0b81e4d1,2026-09-16 19:00:00+00:00,2026-09-15 21:31:07.309243+00:00,Coventry vs Aston Villa,League Cup,Moneyline,2.2,WON,1.2000000000000002,0.49499999999999994,0.4402756893134841,0.40298507462686567,0.45454545454545453,,False,0.08899999999999997,-0.031393483510334885,-0.11343283582089547,,-0.014269765231970433,month:2026-09|train_n=1066
497b5e22-c221-4666-a545-7fffca4ce706,2026-09-16 19:00:00+00:00,2026-09-15 21:31:07.309247+00:00,Sturm Graz vs Rennes,UEFA Europa League,Over 2.5,1.62,LOST,-1.0,0.643827160493827,0.5714415000234471,0.5357142857142857,0.6172839506172839,,False,0.04299999999999993,-0.0742647699620157,-0.13214285714285712,,-0.04584245059383685,month:2026-09|train_n=1066
d2af8ef9-b47a-42bb-8746-91fe7010f6ea,2026-09-16 22:00:00+00:00,2026-09-15 21:31:07.309269+00:00,Atletico-MG vs Santos,CONMEBOL Sudamericana,BTTS,2.1,WON,1.1,0.5599999999999999,0.4976157440455666,0.5100671140939598,0.47619047619047616,,False,0.17599999999999993,0.044993062495689795,0.07114093959731549,,0.021425267855090413,month:2026-09|train_n=1066
5d521896-4605-4090-83e6-ac31b8760750,2026-09-16 22:00:00+00:00,2026-09-15 21:31:07.309273+00:00,Atletico-MG vs Santos,CONMEBOL Sudamericana,Over 1.5,1.36,WON,0.3600000000000001,0.7742647058823529,0.6792438120071664,0.76,0.7352941176470588,,False,0.052999999999999936,-0.07622841567025362,0.033600000000000074,,-0.05605030563989233,month:2026-09|train_n=1066
3f8dff26-ca32-4ec7-9aff-6410fb6ec5f6,2026-09-16 22:30:00+00:00,2026-09-15 21:31:07.309278+00:00,Botafogo vs Gremio,Serie A,Team Over 1.5,1.73,WON,0.73,0.6369942196531793,0.5654973477725376,0.5357142857142857,0.5780346820809249,,False,0.10200000000000009,-0.02168958835350998,-0.07321428571428579,,-0.012537334308387327,month:2026-09|train_n=1066
a8612dd7-60ca-44aa-a301-3266f473e862,2026-09-16 22:30:00+00:00,2026-09-15 21:31:07.309282+00:00,Botafogo vs Gremio,Serie A,Moneyline,1.7,WON,0.7,0.6347058823529411,0.563502357670866,0.5357142857142857,0.5882352941176471,,False,0.07899999999999996,-0.04204599195952785,-0.0892857142857143,,-0.024732936446781095,month:2026-09|train_n=1066
caf814f2-c9b9-418e-9bf5-160bd52e56ac,2026-09-16 22:30:00+00:00,2026-09-15 21:31:07.309286+00:00,Botafogo vs Gremio,Serie A,Over 1.5,1.25,WON,0.25,0.8224,0.7152455270665768,0.7831325301204819,0.8,,False,0.028000000000000025,-0.10594309116677891,-0.02108433734939763,,-0.0847544729334232,month:2026-09|train_n=1066
d1ca4882-b83a-41e3-ab20-8ef27fb9cb9f,2026-09-16 22:30:00+00:00,2026-09-15 21:31:07.309290+00:00,Botafogo vs Gremio,Serie A,Over 2.5,1.8,WON,0.8,0.61,0.541845722894097,0.5357142857142857,0.5555555555555556,,False,0.09800000000000009,-0.024677698790625313,-0.0357142857142857,,-0.013709832661458532,month:2026-09|train_n=1066
4758f7e1-c2e3-4559-b7ce-2db6cc54d0a9,2026-09-16 23:00:00+00:00,2026-09-15 21:31:07.309293+00:00,Columbus vs Orlando City,US Open Cup,Moneyline,1.95,WON,0.95,0.5492307692307692,0.4880703977305079,0.5100671140939598,0.5128205128205129,,False,0.07099999999999995,-0.04826272442550961,-0.005369127516778427,,-0.024750115090004965,month:2026-09|train_n=1066
cb1953b7-1a65-490d-be84-798af319f85f,2026-09-16 23:00:00+00:00,2026-09-15 21:31:07.309298+00:00,Columbus vs Orlando City,US Open Cup,Over 2.5,1.5,WON,0.5,0.7320000000000001,0.6457518598276909,0.7093023255813954,0.6666666666666666,,False,0.09800000000000009,-0.031372210258463706,0.06395348837209314,,-0.02091480683897573,month:2026-09|train_n=1066
40f3e924-ab29-4eab-9095-bde179eb03a8,2026-09-16 23:00:00+00:00,2026-09-15 21:31:07.309302+00:00,Columbus vs Orlando City,US Open Cup,Over 3.5,2.2,LOST,-1.0,0.524090909090909,0.46583341296564107,0.40298507462686567,0.45454545454545453,,False,0.15300000000000002,0.024833508524410464,-0.11343283582089547,,0.011287958420186539,month:2026-09|train_n=1066
10e35e97-4abf-40dd-af3e-d432a5d75924,2026-09-17 01:30:00+00:00,2026-09-15 21:31:07.309305+00:00,Colorado vs St. Louis,US Open Cup,Moneyline,2.3,LOST,-1.0,0.5878260869565218,0.5222705371635811,0.5186675555027086,0.4347826086956522,,False,0.3520000000000001,0.2012222354762363,0.1929353776562297,,0.08748792846792885,month:2026-09|train_n=1066
931e924b-308e-4cde-bb2b-46a366bd253e,2026-09-17 16:45:00+00:00,2026-09-17 03:31:57.861450+00:00,Levski Sofia vs Salzburg,UEFA Europa League,Double Chance 1X,1.62,LOST,-1.0,0.6969135802469135,0.6168011194621661,0.6153846153846154,0.6172839506172839,,False,0.129,-0.0007821864712909132,-0.003076923076922977,,-0.0004828311551178244,month:2026-09|train_n=1066
f0df17fe-5cce-4992-9a50-f75c5393327e,2026-09-17 16:45:00+00:00,2026-09-17 03:31:57.861475+00:00,Levski Sofia vs Salzburg,UEFA Europa League,Moneyline,3.1,LOST,-1.0,0.44806451612903225,0.3997544921098076,0.35294117647058826,0.3225806451612903,,False,0.389,0.2392389255404037,0.09411764705882364,,0.07717384694851731,month:2026-09|train_n=1066
49ab1665-55bb-4267-b827-5e0365dbe715,2026-09-17 16:45:00+00:00,2026-09-17 03:31:57.861482+00:00,OFI vs Hoffenheim,UEFA Europa League,BTTS,1.8,LOST,-1.0,0.6177777777777779,0.5486845818950177,0.5357142857142857,0.5555555555555556,,False,0.1120000000000001,-0.012367752588968162,-0.0357142857142857,,-0.006870973660537905,month:2026-09|train_n=1066
59fdc304-fb80-495b-85c2-3d3a9567f285,2026-09-17 19:00:00+00:00,2026-09-17 03:31:57.861489+00:00,Celtic vs Ferencvarosi,UEFA Europa League,BTTS,1.57,WON,0.5700000000000001,0.6891719745222931,0.61029177706792,0.5436241610738255,0.6369426751592356,,False,0.08200000000000007,-0.04184191000336546,-0.14651006711409398,,-0.0266508980913156,month:2026-09|train_n=1066
f39670fc-2c8c-4b6c-bcb4-c4147d4a9625,2026-09-17 19:00:00+00:00,2026-09-17 03:31:57.861495+00:00,Celtic vs Ferencvarosi,UEFA Europa League,Over 1.5,1.17,WON,0.16999999999999993,0.876923076923077,0.7529393746352319,0.7831325301204819,0.8547008547008548,,False,0.026000000000000023,-0.11906093167677878,-0.08373493975903623,,-0.10176148006562291,month:2026-09|train_n=1066
93e99696-0d69-4797-94c4-b1fd45369734,2026-09-17 19:00:00+00:00,2026-09-17 03:31:57.861501+00:00,Celtic vs Ferencvarosi,UEFA Europa League,Over 2.5,1.57,WON,0.5700000000000001,0.7012738853503184,0.6204491894577179,0.6153846153846154,0.6369426751592356,,False,0.10099999999999998,-0.02589477255138295,-0.03384615384615375,,-0.016493485701517763,month:2026-09|train_n=1066
58ae3804-4a13-4443-a33f-eeab6e1a258b,2026-09-17 19:00:00+00:00,2026-09-17 03:31:57.861507+00:00,Lillestrom vs Torreense,UEFA Europa League,BTTS,1.7,WON,0.7,0.6241176470588236,0.5542456606604254,0.5357142857142857,0.5882352941176471,,False,0.06099999999999994,-0.05778237687727694,-0.0892857142857143,,-0.033989633457221724,month:2026-09|train_n=1066
f542dd0b-0f7c-4251-98e5-cd0952dd125a,2026-09-17 19:00:00+00:00,2026-09-17 03:31:57.861512+00:00,Lillestrom vs Torreense,UEFA Europa League,Over 2.5,1.62,WON,0.6200000000000001,0.6462962962962963,0.5735844976813188,0.5357142857142857,0.6172839506172839,,False,0.04699999999999993,-0.07079311375626351,-0.13214285714285712,,-0.04369945293596511,month:2026-09|train_n=1066
b15d7559-15ae-472f-b516-a0c4f034ee45,2026-09-18 16:30:00+00:00,2026-09-17 21:32:44.044717+00:00,Greuther vs Magdeburg,2. Bundesliga,Team Over 1.5,1.73,LOST,-1.0,0.6317919075144509,0.5609589624838093,0.5357142857142857,0.5780346820809249,,False,0.09299999999999997,-0.029540994903009987,-0.07321428571428579,,-0.017075719597115624,month:2026-09|train_n=1066
ee8b1c6f-725d-41b9-b847-527db2e5f360,2026-09-18 16:30:00+00:00,2026-09-17 21:32:44.044744+00:00,Greuther vs Magdeburg,2. Bundesliga,Moneyline,2.25,LOST,-1.0,0.49377777777777776,0.43920785184491434,0.35294117647058826,0.4444444444444444,,False,0.11099999999999999,-0.011782333348942742,-0.2058823529411764,,-0.005236592599530077,month:2026-09|train_n=1066
949a0280-3b06-4682-ab52-b584ad02c5d0,2026-09-18 16:30:00+00:00,2026-09-17 21:32:44.044751+00:00,Greuther vs Magdeburg,2. Bundesliga,Over 2.5,1.44,LOST,-1.0,0.7250000000000001,0.6400529436694997,0.7093023255813954,0.6944444444444444,,False,0.04400000000000004,-0.07832376111592043,0.021395348837209394,,-0.0543915007749447,month:2026-09|train_n=1066
e9008117-fe34-4fc8-922c-48f17a459685,2026-09-18 17:00:00+00:00,2026-09-17 21:32:44.044757+00:00,Lyngby vs Silkeborg,Superliga,Over 2.5,1.53,WON,0.53,0.6986928104575163,0.6182913358609394,0.6153846153846154,0.6535947712418301,,False,0.06899999999999995,-0.05401425613276267,-0.05846153846153834,,-0.035303435380890646,month:2026-09|train_n=1066
8f266218-8017-424b-926f-4a71f5243b43,2026-09-18 18:00:00+00:00,2026-09-17 21:32:44.044764+00:00,Almere City vs Heracles,Eerste Divisie,Double Chance X2,1.36,LOST,-1.0,0.7786764705882352,0.6826428595829198,0.76,0.7352941176470588,,False,0.05899999999999994,-0.07160571096722901,0.033600000000000074,,-0.05265125806413895,month:2026-09|train_n=1066
7f887d3e-64d7-4a2c-833a-ae1d8d23fa55,2026-09-18 18:00:00+00:00,2026-09-17 21:32:44.044770+00:00,Almere City vs Heracles,Eerste Divisie,Team Over 1.5,1.5,LOST,-1.0,0.7046666666666667,0.6232784115994706,0.6153846153846154,0.6666666666666666,,False,0.05699999999999994,-0.06508238260079402,-0.07692307692307687,,-0.04338825506719601,month:2026-09|train_n=1066
e7254b5d-4b7c-478e-98e1-43d331d2d05e,2026-09-18 18:00:00+00:00,2026-09-17 21:32:44.044776+00:00,Almere City vs Heracles,Eerste Divisie,Moneyline,2.0,LOST,-1.0,0.579,0.5144563771105339,0.5100671140939598,0.5,,False,0.15799999999999992,0.02891275422106787,0.020134228187919545,,0.014456377110533936,month:2026-09|train_n=1066
7ebc2a9e-4b7e-4051-9e09-863015bbb9a1,2026-09-18 18:00:00+00:00,2026-09-17 21:32:44.044781+00:00,Den Bosch vs Helmond Sport,Eerste Divisie,Double Chance 1X,1.22,WON,0.21999999999999997,0.8483606557377049,0.7336188640713335,0.7831325301204819,0.819672131147541,,False,0.03499999999999992,-0.10498498583297322,-0.04457831325301209,,-0.08605326707620753,month:2026-09|train_n=1066
cbbb0437-396f-4f92-adff-d6d93d41f75c,2026-09-18 18:00:00+00:00,2026-09-17 21:32:44.044788+00:00,Den Bosch vs Helmond Sport,Eerste Divisie,Moneyline,1.73,WON,0.73,0.6398843930635838,0.5680139863746988,0.5357142857142857,0.5780346820809249,,False,0.10699999999999998,-0.017335803571771113,-0.07321428571428579,,-0.010020695706226102,month:2026-09|train_n=1066
e2e2e9b0-140f-41c9-89bd-b53c38e89532,2026-09-18 18:00:00+00:00,2026-09-17 21:32:44.044794+00:00,Jong Ajax vs Roda,Eerste Divisie,BTTS,1.44,LOST,-1.0,0.7298611111111111,0.644014823230337,0.7093023255813954,0.6944444444444444,,False,0.050999999999999934,-0.07261865454831473,0.021395348837209394,,-0.050429621214107434,month:2026-09|train_n=1066
befa226b-0cd4-4225-b753-6de59aa1fbf2,2026-09-18 18:00:00+00:00,2026-09-17 21:32:44.044801+00:00,Jong Ajax vs Roda,Eerste Divisie,Double Chance 1X,1.67,WON,0.6699999999999999,0.6790419161676646,0.6017147758640721,0.5436241610738255,0.5988023952095809,,False,0.1339999999999999,0.00486367569300028,-0.0921476510067114,,0.0029123806544911757,month:2026-09|train_n=1066
f09ece76-9394-476a-aa77-9bd1508c9fa7,2026-09-18 18:00:00+00:00,2026-09-17 21:32:44.044806+00:00,Jong Ajax vs Roda,Eerste Divisie,Team Over 1.5,2.1,LOST,-1.0,0.6180952380952381,0.548963346555641,0.5357142857142857,0.47619047619047616,,False,0.29800000000000004,0.1528230277668463,0.125,,0.07277287036516489,month:2026-09|train_n=1066
73dc6d4b-f2a1-43b7-b3a0-83d64b4afe93,2026-09-18 18:00:00+00:00,2026-09-17 21:32:44.044811+00:00,Jong Ajax vs Roda,Eerste Divisie,Moneyline,3.5,LOST,-1.0,0.4571428571428572,0.40750382281494607,0.35294117647058826,0.2857142857142857,,False,0.6000000000000001,0.4262633798523112,0.23529411764705888,,0.12178953710066037,month:2026-09|train_n=1066
230b8abf-0b00-4146-af92-c97d2d4bd8db,2026-09-18 18:00:00+00:00,2026-09-17 21:32:44.044817+00:00,Jong Ajax vs Roda,Eerste Divisie,Over 2.5,1.48,LOST,-1.0,0.7371621621621621,0.6499282854500575,0.7093023255813954,0.6756756756756757,,False,0.09099999999999997,-0.0381061375339149,0.04976744186046522,,-0.025747390225618116,month:2026-09|train_n=1066
0d637873-7728-4114-9b0b-d24a0a4fb9ea,2026-09-18 18:00:00+00:00,2026-09-17 21:32:44.044822+00:00,Jong Ajax vs Roda,Eerste Divisie,Over 3.5,2.1,LOST,-1.0,0.529047619047619,0.4702098407621557,0.40298507462686567,0.47619047619047616,,False,0.11099999999999999,-0.012559334399472988,-0.15373134328358207,,-0.005980635428320447,month:2026-09|train_n=1066
0874c5f7-0503-4ef3-970d-ff0b8dfc1768,2026-09-18 18:00:00+00:00,2026-09-17 21:32:44.044827+00:00,Jong Utrecht vs VVV Venlo,Eerste Divisie,Double Chance X2,1.53,WON,0.53,0.6862745098039216,0.6078452329048613,0.5436241610738255,0.6535947712418301,,False,0.050000000000000044,-0.06999679365556222,-0.16825503355704696,,-0.04574953833696882,month:2026-09|train_n=1066
7dccb73c-6cad-4866-95c9-e4138eee9c20,2026-09-18 18:00:00+00:00,2026-09-17 21:32:44.044833+00:00,Jong Utrecht vs VVV Venlo,Eerste Divisie,Moneyline,2.6,WON,1.6,0.44000000000000006,0.392912273175207,0.28125,0.3846153846153846,,False,0.14400000000000013,0.021571910255538285,-0.26874999999999993,,0.008296888559822413,month:2026-09|train_n=1066
9293245b-3986-4ae5-9d03-58f38ba76226,2026-09-18 18:45:00+00:00,2026-09-17 21:32:44.044860+00:00,Monaco vs Lens,Ligue 1,BTTS,1.5,WON,0.5,0.6993333333333333,0.6188272709006395,0.6153846153846154,0.6666666666666666,,False,0.04899999999999993,-0.07175909364904076,-0.07692307692307687,,-0.04783939576602714,month:2026-09|train_n=1066
f4aa70a4-1d45-49d0-99b0-73bbd2d23142,2026-09-18 18:45:00+00:00,2026-09-17 21:32:44.044866+00:00,Monaco vs Lens,Ligue 1,Over 2.5,1.57,WON,0.5700000000000001,0.6929936305732485,0.6135101959723736,0.6153846153846154,0.6369426751592356,,False,0.08800000000000008,-0.036788992323373515,-0.03384615384615375,,-0.023432479186862087,month:2026-09|train_n=1066
